TIME,RATE,ERROR,QUALITY
150000000.0,160.0,12.649110640673518,0
150000001.0,165.0,12.84523257866513,0
150000002.0,160.0,12.649110640673518,0
150000003.0,134.0,11.575836902790225,0
150000004.0,145.0,12.041594578792296,0
150000005.0,155.0,12.449899597988733,0
150000006.0,148.0,12.165525060596439,0
150000007.0,152.0,12.328828005937952,0
150000008.0,163.0,12.767145334803704,0
150000009.0,160.0,12.649110640673518,0
150000010.0,161.0,12.68857754044952,0
150000011.0,149.0,12.206555615733702,0
150000012.0,136.0,11.661903789690601,0
150000013.0,144.0,12.0,0
150000014.0,149.0,12.206555615733702,0
150000015.0,134.0,11.575836902790225,0
150000016.0,140.0,11.832159566199232,0
150000017.0,148.0,12.165525060596439,0
150000018.0,158.0,12.569805089976535,0
150000019.0,164.0,12.806248474865697,0
150000020.0,146.0,12.083045973594572,0
150000021.0,157.0,12.529964086141668,0
150000022.0,138.0,11.74734012447073,0
150000023.0,161.0,12.68857754044952,0
150000024.0,158.0,12.569805089976535,0
150000025.0,149.0,12.206555615733702,0
150000026.0,135.0,11.61895003862225,0
150000027.0,156.0,12.489995996796797,0
150000028.0,153.0,12.36931687685298,0
150000029.0,155.0,12.449899597988733,0
150000030.0,152.0,12.328828005937952,0
150000031.0,139.0,11.789826122551595,0
150000032.0,165.0,12.84523257866513,0
150000033.0,125.0,11.180339887498949,0
150000034.0,143.0,11.958260743101398,0
150000035.0,152.0,12.328828005937952,0
150000036.0,156.0,12.489995996796797,0
150000037.0,163.0,12.767145334803704,0
150000038.0,159.0,12.609520212918492,0
150000039.0,137.0,11.704699910719626,0
150000040.0,136.0,11.661903789690601,0
150000041.0,149.0,12.206555615733702,0
150000042.0,143.0,11.958260743101398,0
150000043.0,146.0,12.083045973594572,0
150000044.0,134.0,11.575836902790225,0
150000045.0,170.0,13.038404810405298,0
150000046.0,161.0,12.68857754044952,0
150000047.0,149.0,12.206555615733702,0
150000048.0,149.0,12.206555615733702,0
150000049.0,143.0,11.958260743101398,0
150000050.0,138.0,11.74734012447073,0
150000051.0,160.0,12.649110640673518,0
150000052.0,148.0,12.165525060596439,0
150000053.0,154.0,12.409673645990857,0
150000054.0,130.0,11.40175425099138,0
150000055.0,144.0,12.0,0
150000056.0,132.0,11.489125293076057,0
150000057.0,154.0,12.409673645990857,0
150000058.0,154.0,12.409673645990857,0
150000059.0,182.0,13.490737563232042,0
150000060.0,162.0,12.727922061357855,0
150000061.0,150.0,12.24744871391589,0
150000062.0,175.0,13.228756555322953,0
150000063.0,150.0,12.24744871391589,0
150000064.0,145.0,12.041594578792296,0
150000065.0,149.0,12.206555615733702,0
150000066.0,136.0,11.661903789690601,0
150000067.0,133.0,11.532562594670797,0
150000068.0,143.0,11.958260743101398,0
150000069.0,159.0,12.609520212918492,0
150000070.0,133.0,11.532562594670797,0
150000071.0,140.0,11.832159566199232,0
150000072.0,153.0,12.36931687685298,0
150000073.0,164.0,12.806248474865697,0
150000074.0,144.0,12.0,0
150000075.0,143.0,11.958260743101398,0
150000076.0,142.0,11.916375287812984,0
150000077.0,137.0,11.704699910719626,0
150000078.0,149.0,12.206555615733702,0
150000079.0,169.0,13.0,0
150000080.0,152.0,12.328828005937952,0
150000081.0,161.0,12.68857754044952,0
150000082.0,146.0,12.083045973594572,0
150000083.0,160.0,12.649110640673518,0
150000084.0,175.0,13.228756555322953,0
150000085.0,134.0,11.575836902790225,0
150000086.0,137.0,11.704699910719626,0
150000087.0,155.0,12.449899597988733,0
150000088.0,139.0,11.789826122551595,0
150000089.0,151.0,12.288205727444508,0
150000090.0,135.0,11.61895003862225,0
150000091.0,134.0,11.575836902790225,0
150000092.0,158.0,12.569805089976535,0
150000093.0,139.0,11.789826122551595,0
150000094.0,159.0,12.609520212918492,0
150000095.0,135.0,11.61895003862225,0
150000096.0,174.0,13.19090595827292,0
150000097.0,144.0,12.0,0
150000098.0,143.0,11.958260743101398,0
150000099.0,156.0,12.489995996796797,0
150000100.0,136.0,11.661903789690601,0
150000101.0,175.0,13.228756555322953,0
150000102.0,150.0,12.24744871391589,0
150000103.0,165.0,12.84523257866513,0
150000104.0,141.0,11.874342087037917,0
150000105.0,155.0,12.449899597988733,0
150000106.0,155.0,12.449899597988733,0
150000107.0,147.0,12.12435565298214,0
150000108.0,157.0,12.529964086141668,0
150000109.0,150.0,12.24744871391589,0
150000110.0,141.0,11.874342087037917,0
150000111.0,164.0,12.806248474865697,0
150000112.0,128.0,11.313708498984761,0
150000113.0,136.0,11.661903789690601,0
150000114.0,144.0,12.0,0
150000115.0,173.0,13.152946437965905,0
150000116.0,143.0,11.958260743101398,0
150000117.0,134.0,11.575836902790225,0
150000118.0,125.0,11.180339887498949,0
150000119.0,125.0,11.180339887498949,0
150000120.0,158.0,12.569805089976535,0
150000121.0,145.0,12.041594578792296,0
150000122.0,168.0,12.96148139681572,0
150000123.0,121.0,11.0,0
150000124.0,141.0,11.874342087037917,0
150000125.0,154.0,12.409673645990857,0
150000126.0,124.0,11.135528725660043,0
150000127.0,152.0,12.328828005937952,0
150000128.0,165.0,12.84523257866513,0
150000129.0,174.0,13.19090595827292,0
150000130.0,162.0,12.727922061357855,0
150000131.0,162.0,12.727922061357855,0
150000132.0,153.0,12.36931687685298,0
150000133.0,167.0,12.922847983320086,0
150000134.0,148.0,12.165525060596439,0
150000135.0,143.0,11.958260743101398,0
150000136.0,151.0,12.288205727444508,0
150000137.0,141.0,11.874342087037917,0
150000138.0,147.0,12.12435565298214,0
150000139.0,147.0,12.12435565298214,0
150000140.0,172.0,13.114877048604,0
150000141.0,145.0,12.041594578792296,0
150000142.0,166.0,12.884098726725126,0
150000143.0,164.0,12.806248474865697,0
150000144.0,157.0,12.529964086141668,0
150000145.0,161.0,12.68857754044952,0
150000146.0,159.0,12.609520212918492,0
150000147.0,136.0,11.661903789690601,0
150000148.0,133.0,11.532562594670797,0
150000149.0,164.0,12.806248474865697,0
150000150.0,163.0,12.767145334803704,0
150000151.0,178.0,13.341664064126334,0
150000152.0,155.0,12.449899597988733,0
150000153.0,156.0,12.489995996796797,0
150000154.0,154.0,12.409673645990857,0
150000155.0,151.0,12.288205727444508,0
150000156.0,162.0,12.727922061357855,0
150000157.0,152.0,12.328828005937952,0
150000158.0,175.0,13.228756555322953,0
150000159.0,135.0,11.61895003862225,0
150000160.0,158.0,12.569805089976535,0
150000161.0,163.0,12.767145334803704,0
150000162.0,146.0,12.083045973594572,0
150000163.0,162.0,12.727922061357855,0
150000164.0,147.0,12.12435565298214,0
150000165.0,138.0,11.74734012447073,0
150000166.0,176.0,13.2664991614216,0
150000167.0,148.0,12.165525060596439,0
150000168.0,154.0,12.409673645990857,0
150000169.0,163.0,12.767145334803704,0
150000170.0,148.0,12.165525060596439,0
150000171.0,135.0,11.61895003862225,0
150000172.0,157.0,12.529964086141668,0
150000173.0,155.0,12.449899597988733,0
150000174.0,165.0,12.84523257866513,0
150000175.0,151.0,12.288205727444508,0
150000176.0,145.0,12.041594578792296,0
150000177.0,163.0,12.767145334803704,0
150000178.0,144.0,12.0,0
150000179.0,158.0,12.569805089976535,0
150000180.0,137.0,11.704699910719626,0
150000181.0,158.0,12.569805089976535,0
150000182.0,156.0,12.489995996796797,0
150000183.0,142.0,11.916375287812984,0
150000184.0,127.0,11.269427669584644,0
150000185.0,175.0,13.228756555322953,0
150000186.0,160.0,12.649110640673518,0
150000187.0,121.0,11.0,0
150000188.0,136.0,11.661903789690601,0
150000189.0,162.0,12.727922061357855,0
150000190.0,167.0,12.922847983320086,0
150000191.0,161.0,12.68857754044952,0
150000192.0,144.0,12.0,0
150000193.0,126.0,11.224972160321824,0
150000194.0,160.0,12.649110640673518,0
150000195.0,133.0,11.532562594670797,0
150000196.0,164.0,12.806248474865697,0
150000197.0,155.0,12.449899597988733,0
150000198.0,179.0,13.379088160259652,0
150000199.0,155.0,12.449899597988733,0
150000200.0,158.0,12.569805089976535,0
150000201.0,138.0,11.74734012447073,0
150000202.0,149.0,12.206555615733702,0
150000203.0,136.0,11.661903789690601,0
150000204.0,144.0,12.0,0
150000205.0,150.0,12.24744871391589,0
150000206.0,157.0,12.529964086141668,0
150000207.0,149.0,12.206555615733702,0
150000208.0,156.0,12.489995996796797,0
150000209.0,152.0,12.328828005937952,0
150000210.0,155.0,12.449899597988733,0
150000211.0,160.0,12.649110640673518,0
150000212.0,158.0,12.569805089976535,0
150000213.0,164.0,12.806248474865697,0
150000214.0,150.0,12.24744871391589,0
150000215.0,148.0,12.165525060596439,0
150000216.0,174.0,13.19090595827292,0
150000217.0,153.0,12.36931687685298,0
150000218.0,146.0,12.083045973594572,0
150000219.0,153.0,12.36931687685298,0
150000220.0,130.0,11.40175425099138,0
150000221.0,127.0,11.269427669584644,0
150000222.0,147.0,12.12435565298214,0
150000223.0,146.0,12.083045973594572,0
150000224.0,168.0,12.96148139681572,0
150000225.0,138.0,11.74734012447073,0
150000226.0,136.0,11.661903789690601,0
150000227.0,163.0,12.767145334803704,0
150000228.0,160.0,12.649110640673518,0
150000229.0,149.0,12.206555615733702,0
150000230.0,154.0,12.409673645990857,0
150000231.0,139.0,11.789826122551595,0
150000232.0,138.0,11.74734012447073,0
150000233.0,149.0,12.206555615733702,0
150000234.0,163.0,12.767145334803704,0
150000235.0,152.0,12.328828005937952,0
150000236.0,123.0,11.090536506409418,0
150000237.0,145.0,12.041594578792296,0
150000238.0,156.0,12.489995996796797,0
150000239.0,132.0,11.489125293076057,0
150000240.0,167.0,12.922847983320086,0
150000241.0,159.0,12.609520212918492,0
150000242.0,163.0,12.767145334803704,0
150000243.0,148.0,12.165525060596439,0
150000244.0,147.0,12.12435565298214,0
150000245.0,152.0,12.328828005937952,0
150000246.0,168.0,12.96148139681572,0
150000247.0,173.0,13.152946437965905,0
150000248.0,168.0,12.96148139681572,0
150000249.0,153.0,12.36931687685298,0
150000250.0,135.0,11.61895003862225,0
150000251.0,174.0,13.19090595827292,0
150000252.0,140.0,11.832159566199232,0
150000253.0,141.0,11.874342087037917,0
150000254.0,176.0,13.2664991614216,0
150000255.0,146.0,12.083045973594572,0
150000256.0,161.0,12.68857754044952,0
150000257.0,152.0,12.328828005937952,0
150000258.0,172.0,13.114877048604,0
150000259.0,169.0,13.0,0
150000260.0,162.0,12.727922061357855,0
150000261.0,155.0,12.449899597988733,0
150000262.0,145.0,12.041594578792296,0
150000263.0,163.0,12.767145334803704,0
150000264.0,137.0,11.704699910719626,0
150000265.0,164.0,12.806248474865697,0
150000266.0,165.0,12.84523257866513,0
150000267.0,155.0,12.449899597988733,0
150000268.0,175.0,13.228756555322953,0
150000269.0,125.0,11.180339887498949,0
150000270.0,160.0,12.649110640673518,0
150000271.0,164.0,12.806248474865697,0
150000272.0,163.0,12.767145334803704,0
150000273.0,125.0,11.180339887498949,0
150000274.0,158.0,12.569805089976535,0
150000275.0,160.0,12.649110640673518,0
150000276.0,150.0,12.24744871391589,0
150000277.0,160.0,12.649110640673518,0
150000278.0,168.0,12.96148139681572,0
150000279.0,169.0,13.0,0
150000280.0,157.0,12.529964086141668,0
150000281.0,145.0,12.041594578792296,0
150000282.0,141.0,11.874342087037917,0
150000283.0,148.0,12.165525060596439,0
150000284.0,146.0,12.083045973594572,0
150000285.0,138.0,11.74734012447073,0
150000286.0,157.0,12.529964086141668,0
150000287.0,174.0,13.19090595827292,0
150000288.0,138.0,11.74734012447073,0
150000289.0,130.0,11.40175425099138,0
150000290.0,159.0,12.609520212918492,0
150000291.0,151.0,12.288205727444508,0
150000292.0,163.0,12.767145334803704,0
150000293.0,146.0,12.083045973594572,0
150000294.0,144.0,12.0,0
150000295.0,174.0,13.19090595827292,0
150000296.0,163.0,12.767145334803704,0
150000297.0,159.0,12.609520212918492,0
150000298.0,144.0,12.0,0
150000299.0,146.0,12.083045973594572,0
150000300.0,165.0,12.84523257866513,0
150000301.0,152.0,12.328828005937952,0
150000302.0,165.0,12.84523257866513,0
150000303.0,156.0,12.489995996796797,0
150000304.0,159.0,12.609520212918492,0
150000305.0,154.0,12.409673645990857,0
150000306.0,135.0,11.61895003862225,0
150000307.0,144.0,12.0,0
150000308.0,152.0,12.328828005937952,0
150000309.0,147.0,12.12435565298214,0
150000310.0,136.0,11.661903789690601,0
150000311.0,129.0,11.357816691600547,0
150000312.0,142.0,11.916375287812984,0
150000313.0,150.0,12.24744871391589,0
150000314.0,170.0,13.038404810405298,0
150000315.0,154.0,12.409673645990857,0
150000316.0,148.0,12.165525060596439,0
150000317.0,165.0,12.84523257866513,0
150000318.0,145.0,12.041594578792296,0
150000319.0,144.0,12.0,0
150000320.0,161.0,12.68857754044952,0
150000321.0,148.0,12.165525060596439,0
150000322.0,126.0,11.224972160321824,0
150000323.0,162.0,12.727922061357855,0
150000324.0,125.0,11.180339887498949,0
150000325.0,175.0,13.228756555322953,0
150000326.0,142.0,11.916375287812984,0
150000327.0,136.0,11.661903789690601,0
150000328.0,144.0,12.0,0
150000329.0,157.0,12.529964086141668,0
150000330.0,159.0,12.609520212918492,0
150000331.0,165.0,12.84523257866513,0
150000332.0,145.0,12.041594578792296,0
150000333.0,153.0,12.36931687685298,0
150000334.0,167.0,12.922847983320086,0
150000335.0,166.0,12.884098726725126,0
150000336.0,143.0,11.958260743101398,0
150000337.0,148.0,12.165525060596439,0
150000338.0,163.0,12.767145334803704,0
150000339.0,163.0,12.767145334803704,0
150000340.0,172.0,13.114877048604,0
150000341.0,138.0,11.74734012447073,0
150000342.0,162.0,12.727922061357855,0
150000343.0,138.0,11.74734012447073,0
150000344.0,171.0,13.076696830622021,0
150000345.0,159.0,12.609520212918492,0
150000346.0,127.0,11.269427669584644,0
150000347.0,147.0,12.12435565298214,0
150000348.0,168.0,12.96148139681572,0
150000349.0,158.0,12.569805089976535,0
150000350.0,171.0,13.076696830622021,0
150000351.0,158.0,12.569805089976535,0
150000352.0,151.0,12.288205727444508,0
150000353.0,163.0,12.767145334803704,0
150000354.0,152.0,12.328828005937952,0
150000355.0,155.0,12.449899597988733,0
150000356.0,135.0,11.61895003862225,0
150000357.0,151.0,12.288205727444508,0
150000358.0,141.0,11.874342087037917,0
150000359.0,143.0,11.958260743101398,0
150000360.0,163.0,12.767145334803704,0
150000361.0,150.0,12.24744871391589,0
150000362.0,164.0,12.806248474865697,0
150000363.0,166.0,12.884098726725126,0
150000364.0,136.0,11.661903789690601,0
150000365.0,171.0,13.076696830622021,0
150000366.0,136.0,11.661903789690601,0
150000367.0,164.0,12.806248474865697,0
150000368.0,163.0,12.767145334803704,0
150000369.0,151.0,12.288205727444508,0
150000370.0,159.0,12.609520212918492,0
150000371.0,151.0,12.288205727444508,0
150000372.0,179.0,13.379088160259652,0
150000373.0,143.0,11.958260743101398,0
150000374.0,151.0,12.288205727444508,0
150000375.0,141.0,11.874342087037917,0
150000376.0,149.0,12.206555615733702,0
150000377.0,145.0,12.041594578792296,0
150000378.0,146.0,12.083045973594572,0
150000379.0,142.0,11.916375287812984,0
150000380.0,154.0,12.409673645990857,0
150000381.0,125.0,11.180339887498949,0
150000382.0,155.0,12.449899597988733,0
150000383.0,145.0,12.041594578792296,0
150000384.0,165.0,12.84523257866513,0
150000385.0,132.0,11.489125293076057,0
150000386.0,148.0,12.165525060596439,0
150000387.0,136.0,11.661903789690601,0
150000388.0,159.0,12.609520212918492,0
150000389.0,141.0,11.874342087037917,0
150000390.0,141.0,11.874342087037917,0
150000391.0,158.0,12.569805089976535,0
150000392.0,147.0,12.12435565298214,0
150000393.0,152.0,12.328828005937952,0
150000394.0,166.0,12.884098726725126,0
150000395.0,181.0,13.45362404707371,0
150000396.0,174.0,13.19090595827292,0
150000397.0,146.0,12.083045973594572,0
150000398.0,142.0,11.916375287812984,0
150000399.0,153.0,12.36931687685298,0
150000400.0,163.0,12.767145334803704,0
150000401.0,172.0,13.114877048604,0
150000402.0,156.0,12.489995996796797,0
150000403.0,145.0,12.041594578792296,0
150000404.0,180.0,13.416407864998739,0
150000405.0,166.0,12.884098726725126,0
150000406.0,155.0,12.449899597988733,0
150000407.0,156.0,12.489995996796797,0
150000408.0,139.0,11.789826122551595,0
150000409.0,184.0,13.564659966250536,0
150000410.0,184.0,13.564659966250536,0
150000411.0,157.0,12.529964086141668,0
150000412.0,146.0,12.083045973594572,0
150000413.0,149.0,12.206555615733702,0
150000414.0,154.0,12.409673645990857,0
150000415.0,156.0,12.489995996796797,0
150000416.0,164.0,12.806248474865697,0
150000417.0,141.0,11.874342087037917,0
150000418.0,149.0,12.206555615733702,0
150000419.0,149.0,12.206555615733702,0
150000420.0,160.0,12.649110640673518,0
150000421.0,167.0,12.922847983320086,0
150000422.0,177.0,13.30413469565007,0
150000423.0,160.0,12.649110640673518,0
150000424.0,131.0,11.445523142259598,0
150000425.0,139.0,11.789826122551595,0
150000426.0,160.0,12.649110640673518,0
150000427.0,177.0,13.30413469565007,0
150000428.0,164.0,12.806248474865697,0
150000429.0,161.0,12.68857754044952,0
150000430.0,154.0,12.409673645990857,0
150000431.0,150.0,12.24744871391589,0
150000432.0,162.0,12.727922061357855,0
150000433.0,174.0,13.19090595827292,0
150000434.0,161.0,12.68857754044952,0
150000435.0,183.0,13.527749258468683,0
150000436.0,165.0,12.84523257866513,0
150000437.0,158.0,12.569805089976535,0
150000438.0,156.0,12.489995996796797,0
150000439.0,153.0,12.36931687685298,0
150000440.0,150.0,12.24744871391589,0
150000441.0,153.0,12.36931687685298,0
150000442.0,136.0,11.661903789690601,0
150000443.0,161.0,12.68857754044952,0
150000444.0,143.0,11.958260743101398,0
150000445.0,171.0,13.076696830622021,0
150000446.0,162.0,12.727922061357855,0
150000447.0,147.0,12.12435565298214,0
150000448.0,147.0,12.12435565298214,0
150000449.0,176.0,13.2664991614216,0
150000450.0,157.0,12.529964086141668,0
150000451.0,185.0,13.601470508735444,0
150000452.0,146.0,12.083045973594572,0
150000453.0,152.0,12.328828005937952,0
150000454.0,172.0,13.114877048604,0
150000455.0,154.0,12.409673645990857,0
150000456.0,171.0,13.076696830622021,0
150000457.0,157.0,12.529964086141668,0
150000458.0,161.0,12.68857754044952,0
150000459.0,146.0,12.083045973594572,0
150000460.0,178.0,13.341664064126334,0
150000461.0,166.0,12.884098726725126,0
150000462.0,155.0,12.449899597988733,0
150000463.0,146.0,12.083045973594572,0
150000464.0,148.0,12.165525060596439,0
150000465.0,159.0,12.609520212918492,0
150000466.0,145.0,12.041594578792296,0
150000467.0,171.0,13.076696830622021,0
150000468.0,168.0,12.96148139681572,0
150000469.0,140.0,11.832159566199232,0
150000470.0,138.0,11.74734012447073,0
150000471.0,141.0,11.874342087037917,0
150000472.0,160.0,12.649110640673518,0
150000473.0,140.0,11.832159566199232,0
150000474.0,147.0,12.12435565298214,0
150000475.0,162.0,12.727922061357855,0
150000476.0,170.0,13.038404810405298,0
150000477.0,153.0,12.36931687685298,0
150000478.0,156.0,12.489995996796797,0
150000479.0,136.0,11.661903789690601,0
150000480.0,155.0,12.449899597988733,0
150000481.0,151.0,12.288205727444508,0
150000482.0,170.0,13.038404810405298,0
150000483.0,153.0,12.36931687685298,0
150000484.0,166.0,12.884098726725126,0
150000485.0,156.0,12.489995996796797,0
150000486.0,141.0,11.874342087037917,0
150000487.0,137.0,11.704699910719626,0
150000488.0,157.0,12.529964086141668,0
150000489.0,129.0,11.357816691600547,0
150000490.0,154.0,12.409673645990857,0
150000491.0,169.0,13.0,0
150000492.0,141.0,11.874342087037917,0
150000493.0,169.0,13.0,0
150000494.0,169.0,13.0,0
150000495.0,152.0,12.328828005937952,0
150000496.0,147.0,12.12435565298214,0
150000497.0,156.0,12.489995996796797,0
150000498.0,155.0,12.449899597988733,0
150000499.0,145.0,12.041594578792296,0
150000500.0,166.0,12.884098726725126,0
150000501.0,136.0,11.661903789690601,0
150000502.0,143.0,11.958260743101398,0
150000503.0,153.0,12.36931687685298,0
150000504.0,141.0,11.874342087037917,0
150000505.0,154.0,12.409673645990857,0
150000506.0,173.0,13.152946437965905,0
150000507.0,145.0,12.041594578792296,0
150000508.0,148.0,12.165525060596439,0
150000509.0,159.0,12.609520212918492,0
150000510.0,170.0,13.038404810405298,0
150000511.0,114.0,10.677078252031311,0
150000512.0,160.0,12.649110640673518,0
150000513.0,147.0,12.12435565298214,0
150000514.0,166.0,12.884098726725126,0
150000515.0,159.0,12.609520212918492,0
150000516.0,148.0,12.165525060596439,0
150000517.0,150.0,12.24744871391589,0
150000518.0,163.0,12.767145334803704,0
150000519.0,175.0,13.228756555322953,0
150000520.0,143.0,11.958260743101398,0
150000521.0,155.0,12.449899597988733,0
150000522.0,181.0,13.45362404707371,0
150000523.0,145.0,12.041594578792296,0
150000524.0,144.0,12.0,0
150000525.0,145.0,12.041594578792296,0
150000526.0,145.0,12.041594578792296,0
150000527.0,143.0,11.958260743101398,0
150000528.0,172.0,13.114877048604,0
150000529.0,151.0,12.288205727444508,0
150000530.0,151.0,12.288205727444508,0
150000531.0,161.0,12.68857754044952,0
150000532.0,138.0,11.74734012447073,0
150000533.0,139.0,11.789826122551595,0
150000534.0,140.0,11.832159566199232,0
150000535.0,167.0,12.922847983320086,0
150000536.0,126.0,11.224972160321824,0
150000537.0,150.0,12.24744871391589,0
150000538.0,159.0,12.609520212918492,0
150000539.0,157.0,12.529964086141668,0
150000540.0,153.0,12.36931687685298,0
150000541.0,140.0,11.832159566199232,0
150000542.0,144.0,12.0,0
150000543.0,173.0,13.152946437965905,0
150000544.0,152.0,12.328828005937952,0
150000545.0,154.0,12.409673645990857,0
150000546.0,179.0,13.379088160259652,0
150000547.0,153.0,12.36931687685298,0
150000548.0,155.0,12.449899597988733,0
150000549.0,155.0,12.449899597988733,0
150000550.0,159.0,12.609520212918492,0
150000551.0,151.0,12.288205727444508,0
150000552.0,137.0,11.704699910719626,0
150000553.0,165.0,12.84523257866513,0
150000554.0,146.0,12.083045973594572,0
150000555.0,167.0,12.922847983320086,0
150000556.0,160.0,12.649110640673518,0
150000557.0,153.0,12.36931687685298,0
150000558.0,160.0,12.649110640673518,0
150000559.0,159.0,12.609520212918492,0
150000560.0,166.0,12.884098726725126,0
150000561.0,157.0,12.529964086141668,0
150000562.0,151.0,12.288205727444508,0
150000563.0,152.0,12.328828005937952,0
150000564.0,148.0,12.165525060596439,0
150000565.0,168.0,12.96148139681572,0
150000566.0,158.0,12.569805089976535,0
150000567.0,144.0,12.0,0
150000568.0,174.0,13.19090595827292,0
150000569.0,138.0,11.74734012447073,0
150000570.0,156.0,12.489995996796797,0
150000571.0,154.0,12.409673645990857,0
150000572.0,154.0,12.409673645990857,0
150000573.0,169.0,13.0,0
150000574.0,149.0,12.206555615733702,0
150000575.0,174.0,13.19090595827292,0
150000576.0,158.0,12.569805089976535,0
150000577.0,164.0,12.806248474865697,0
150000578.0,163.0,12.767145334803704,0
150000579.0,162.0,12.727922061357855,0
150000580.0,156.0,12.489995996796797,0
150000581.0,146.0,12.083045973594572,0
150000582.0,145.0,12.041594578792296,0
150000583.0,138.0,11.74734012447073,0
150000584.0,154.0,12.409673645990857,0
150000585.0,201.0,14.177446878757825,0
150000586.0,163.0,12.767145334803704,0
150000587.0,162.0,12.727922061357855,0
150000588.0,155.0,12.449899597988733,0
150000589.0,189.0,13.74772708486752,0
150000590.0,165.0,12.84523257866513,0
150000591.0,177.0,13.30413469565007,0
150000592.0,182.0,13.490737563232042,0
150000593.0,140.0,11.832159566199232,0
150000594.0,171.0,13.076696830622021,0
150000595.0,159.0,12.609520212918492,0
150000596.0,160.0,12.649110640673518,0
150000597.0,155.0,12.449899597988733,0
150000598.0,145.0,12.041594578792296,0
150000599.0,192.0,13.856406460551018,0
150000600.0,174.0,13.19090595827292,0
150000601.0,141.0,11.874342087037917,0
150000602.0,159.0,12.609520212918492,0
150000603.0,165.0,12.84523257866513,0
150000604.0,156.0,12.489995996796797,0
150000605.0,152.0,12.328828005937952,0
150000606.0,137.0,11.704699910719626,0
150000607.0,169.0,13.0,0
150000608.0,181.0,13.45362404707371,0
150000609.0,122.0,11.045361017187261,0
150000610.0,146.0,12.083045973594572,0
150000611.0,147.0,12.12435565298214,0
150000612.0,143.0,11.958260743101398,0
150000613.0,145.0,12.041594578792296,0
150000614.0,178.0,13.341664064126334,0
150000615.0,162.0,12.727922061357855,0
150000616.0,170.0,13.038404810405298,0
150000617.0,152.0,12.328828005937952,0
150000618.0,147.0,12.12435565298214,0
150000619.0,185.0,13.601470508735444,0
150000620.0,168.0,12.96148139681572,0
150000621.0,145.0,12.041594578792296,0
150000622.0,163.0,12.767145334803704,0
150000623.0,155.0,12.449899597988733,0
150000624.0,166.0,12.884098726725126,0
150000625.0,182.0,13.490737563232042,0
150000626.0,139.0,11.789826122551595,0
150000627.0,158.0,12.569805089976535,0
150000628.0,157.0,12.529964086141668,0
150000629.0,155.0,12.449899597988733,0
150000630.0,161.0,12.68857754044952,0
150000631.0,163.0,12.767145334803704,0
150000632.0,177.0,13.30413469565007,0
150000633.0,163.0,12.767145334803704,0
150000634.0,155.0,12.449899597988733,0
150000635.0,173.0,13.152946437965905,0
150000636.0,152.0,12.328828005937952,0
150000637.0,153.0,12.36931687685298,0
150000638.0,171.0,13.076696830622021,0
150000639.0,167.0,12.922847983320086,0
150000640.0,147.0,12.12435565298214,0
150000641.0,142.0,11.916375287812984,0
150000642.0,163.0,12.767145334803704,0
150000643.0,176.0,13.2664991614216,0
150000644.0,143.0,11.958260743101398,0
150000645.0,150.0,12.24744871391589,0
150000646.0,175.0,13.228756555322953,0
150000647.0,166.0,12.884098726725126,0
150000648.0,153.0,12.36931687685298,0
150000649.0,143.0,11.958260743101398,0
150000650.0,151.0,12.288205727444508,0
150000651.0,160.0,12.649110640673518,0
150000652.0,135.0,11.61895003862225,0
150000653.0,169.0,13.0,0
150000654.0,171.0,13.076696830622021,0
150000655.0,171.0,13.076696830622021,0
150000656.0,153.0,12.36931687685298,0
150000657.0,157.0,12.529964086141668,0
150000658.0,148.0,12.165525060596439,0
150000659.0,151.0,12.288205727444508,0
150000660.0,142.0,11.916375287812984,0
150000661.0,151.0,12.288205727444508,0
150000662.0,148.0,12.165525060596439,0
150000663.0,181.0,13.45362404707371,0
150000664.0,163.0,12.767145334803704,0
150000665.0,176.0,13.2664991614216,0
150000666.0,170.0,13.038404810405298,0
150000667.0,137.0,11.704699910719626,0
150000668.0,157.0,12.529964086141668,0
150000669.0,155.0,12.449899597988733,0
150000670.0,160.0,12.649110640673518,0
150000671.0,140.0,11.832159566199232,0
150000672.0,170.0,13.038404810405298,0
150000673.0,176.0,13.2664991614216,0
150000674.0,155.0,12.449899597988733,0
150000675.0,162.0,12.727922061357855,0
150000676.0,153.0,12.36931687685298,0
150000677.0,151.0,12.288205727444508,0
150000678.0,146.0,12.083045973594572,0
150000679.0,186.0,13.638181696985855,0
150000680.0,172.0,13.114877048604,0
150000681.0,146.0,12.083045973594572,0
150000682.0,171.0,13.076696830622021,0
150000683.0,179.0,13.379088160259652,0
150000684.0,165.0,12.84523257866513,0
150000685.0,148.0,12.165525060596439,0
150000686.0,193.0,13.892443989449804,0
150000687.0,156.0,12.489995996796797,0
150000688.0,149.0,12.206555615733702,0
150000689.0,169.0,13.0,0
150000690.0,172.0,13.114877048604,0
150000691.0,147.0,12.12435565298214,0
150000692.0,171.0,13.076696830622021,0
150000693.0,155.0,12.449899597988733,0
150000694.0,154.0,12.409673645990857,0
150000695.0,146.0,12.083045973594572,0
150000696.0,158.0,12.569805089976535,0
150000697.0,164.0,12.806248474865697,0
150000698.0,155.0,12.449899597988733,0
150000699.0,149.0,12.206555615733702,0
150000700.0,168.0,12.96148139681572,0
150000701.0,157.0,12.529964086141668,0
150000702.0,146.0,12.083045973594572,0
150000703.0,151.0,12.288205727444508,0
150000704.0,179.0,13.379088160259652,0
150000705.0,150.0,12.24744871391589,0
150000706.0,149.0,12.206555615733702,0
150000707.0,185.0,13.601470508735444,0
150000708.0,148.0,12.165525060596439,0
150000709.0,155.0,12.449899597988733,0
150000710.0,144.0,12.0,0
150000711.0,170.0,13.038404810405298,0
150000712.0,180.0,13.416407864998739,0
150000713.0,174.0,13.19090595827292,0
150000714.0,151.0,12.288205727444508,0
150000715.0,169.0,13.0,0
150000716.0,167.0,12.922847983320086,0
150000717.0,176.0,13.2664991614216,0
150000718.0,168.0,12.96148139681572,0
150000719.0,168.0,12.96148139681572,0
150000720.0,141.0,11.874342087037917,0
150000721.0,159.0,12.609520212918492,0
150000722.0,162.0,12.727922061357855,0
150000723.0,149.0,12.206555615733702,0
150000724.0,165.0,12.84523257866513,0
150000725.0,146.0,12.083045973594572,0
150000726.0,153.0,12.36931687685298,0
150000727.0,139.0,11.789826122551595,0
150000728.0,176.0,13.2664991614216,0
150000729.0,170.0,13.038404810405298,0
150000730.0,151.0,12.288205727444508,0
150000731.0,153.0,12.36931687685298,0
150000732.0,165.0,12.84523257866513,0
150000733.0,167.0,12.922847983320086,0
150000734.0,159.0,12.609520212918492,0
150000735.0,153.0,12.36931687685298,0
150000736.0,186.0,13.638181696985855,0
150000737.0,169.0,13.0,0
150000738.0,175.0,13.228756555322953,0
150000739.0,177.0,13.30413469565007,0
150000740.0,160.0,12.649110640673518,0
150000741.0,149.0,12.206555615733702,0
150000742.0,167.0,12.922847983320086,0
150000743.0,168.0,12.96148139681572,0
150000744.0,158.0,12.569805089976535,0
150000745.0,164.0,12.806248474865697,0
150000746.0,177.0,13.30413469565007,0
150000747.0,153.0,12.36931687685298,0
150000748.0,153.0,12.36931687685298,0
150000749.0,148.0,12.165525060596439,0
150000750.0,142.0,11.916375287812984,0
150000751.0,143.0,11.958260743101398,0
150000752.0,162.0,12.727922061357855,0
150000753.0,164.0,12.806248474865697,0
150000754.0,164.0,12.806248474865697,0
150000755.0,167.0,12.922847983320086,0
150000756.0,153.0,12.36931687685298,0
150000757.0,145.0,12.041594578792296,0
150000758.0,150.0,12.24744871391589,0
150000759.0,149.0,12.206555615733702,0
150000760.0,153.0,12.36931687685298,0
150000761.0,175.0,13.228756555322953,0
150000762.0,170.0,13.038404810405298,0
150000763.0,148.0,12.165525060596439,0
150000764.0,180.0,13.416407864998739,0
150000765.0,162.0,12.727922061357855,0
150000766.0,161.0,12.68857754044952,0
150000767.0,163.0,12.767145334803704,0
150000768.0,143.0,11.958260743101398,0
150000769.0,166.0,12.884098726725126,0
150000770.0,137.0,11.704699910719626,0
150000771.0,156.0,12.489995996796797,0
150000772.0,148.0,12.165525060596439,0
150000773.0,169.0,13.0,0
150000774.0,173.0,13.152946437965905,0
150000775.0,170.0,13.038404810405298,0
150000776.0,159.0,12.609520212918492,0
150000777.0,182.0,13.490737563232042,0
150000778.0,160.0,12.649110640673518,0
150000779.0,169.0,13.0,0
150000780.0,160.0,12.649110640673518,0
150000781.0,181.0,13.45362404707371,0
150000782.0,158.0,12.569805089976535,0
150000783.0,158.0,12.569805089976535,0
150000784.0,148.0,12.165525060596439,0
150000785.0,170.0,13.038404810405298,0
150000786.0,145.0,12.041594578792296,0
150000787.0,153.0,12.36931687685298,0
150000788.0,156.0,12.489995996796797,0
150000789.0,149.0,12.206555615733702,0
150000790.0,159.0,12.609520212918492,0
150000791.0,149.0,12.206555615733702,0
150000792.0,150.0,12.24744871391589,0
150000793.0,165.0,12.84523257866513,0
150000794.0,184.0,13.564659966250536,0
150000795.0,161.0,12.68857754044952,0
150000796.0,152.0,12.328828005937952,0
150000797.0,179.0,13.379088160259652,0
150000798.0,151.0,12.288205727444508,0
150000799.0,161.0,12.68857754044952,0
150000800.0,160.0,12.649110640673518,0
150000801.0,156.0,12.489995996796797,0
150000802.0,153.0,12.36931687685298,0
150000803.0,143.0,11.958260743101398,0
150000804.0,175.0,13.228756555322953,0
150000805.0,149.0,12.206555615733702,0
150000806.0,162.0,12.727922061357855,0
150000807.0,153.0,12.36931687685298,0
150000808.0,165.0,12.84523257866513,0
150000809.0,135.0,11.61895003862225,0
150000810.0,163.0,12.767145334803704,0
150000811.0,175.0,13.228756555322953,0
150000812.0,164.0,12.806248474865697,0
150000813.0,158.0,12.569805089976535,0
150000814.0,179.0,13.379088160259652,0
150000815.0,145.0,12.041594578792296,0
150000816.0,166.0,12.884098726725126,0
150000817.0,163.0,12.767145334803704,0
150000818.0,160.0,12.649110640673518,0
150000819.0,159.0,12.609520212918492,0
150000820.0,149.0,12.206555615733702,0
150000821.0,154.0,12.409673645990857,0
150000822.0,165.0,12.84523257866513,0
150000823.0,171.0,13.076696830622021,0
150000824.0,168.0,12.96148139681572,0
150000825.0,159.0,12.609520212918492,0
150000826.0,150.0,12.24744871391589,0
150000827.0,149.0,12.206555615733702,0
150000828.0,157.0,12.529964086141668,0
150000829.0,189.0,13.74772708486752,0
150000830.0,162.0,12.727922061357855,0
150000831.0,175.0,13.228756555322953,0
150000832.0,164.0,12.806248474865697,0
150000833.0,163.0,12.767145334803704,0
150000834.0,169.0,13.0,0
150000835.0,169.0,13.0,0
150000836.0,159.0,12.609520212918492,0
150000837.0,169.0,13.0,0
150000838.0,146.0,12.083045973594572,0
150000839.0,159.0,12.609520212918492,0
150000840.0,169.0,13.0,0
150000841.0,176.0,13.2664991614216,0
150000842.0,175.0,13.228756555322953,0
150000843.0,164.0,12.806248474865697,0
150000844.0,151.0,12.288205727444508,0
150000845.0,139.0,11.789826122551595,0
150000846.0,154.0,12.409673645990857,0
150000847.0,159.0,12.609520212918492,0
150000848.0,152.0,12.328828005937952,0
150000849.0,175.0,13.228756555322953,0
150000850.0,175.0,13.228756555322953,0
150000851.0,190.0,13.784048752090222,0
150000852.0,160.0,12.649110640673518,0
150000853.0,145.0,12.041594578792296,0
150000854.0,131.0,11.445523142259598,0
150000855.0,144.0,12.0,0
150000856.0,157.0,12.529964086141668,0
150000857.0,152.0,12.328828005937952,0
150000858.0,164.0,12.806248474865697,0
150000859.0,166.0,12.884098726725126,0
150000860.0,159.0,12.609520212918492,0
150000861.0,173.0,13.152946437965905,0
150000862.0,161.0,12.68857754044952,0
150000863.0,154.0,12.409673645990857,0
150000864.0,141.0,11.874342087037917,0
150000865.0,186.0,13.638181696985855,0
150000866.0,164.0,12.806248474865697,0
150000867.0,152.0,12.328828005937952,0
150000868.0,165.0,12.84523257866513,0
150000869.0,158.0,12.569805089976535,0
150000870.0,145.0,12.041594578792296,0
150000871.0,159.0,12.609520212918492,0
150000872.0,154.0,12.409673645990857,0
150000873.0,144.0,12.0,0
150000874.0,187.0,13.674794331177344,0
150000875.0,160.0,12.649110640673518,0
150000876.0,158.0,12.569805089976535,0
150000877.0,160.0,12.649110640673518,0
150000878.0,151.0,12.288205727444508,0
150000879.0,176.0,13.2664991614216,0
150000880.0,152.0,12.328828005937952,0
150000881.0,156.0,12.489995996796797,0
150000882.0,153.0,12.36931687685298,0
150000883.0,156.0,12.489995996796797,0
150000884.0,167.0,12.922847983320086,0
150000885.0,167.0,12.922847983320086,0
150000886.0,155.0,12.449899597988733,0
150000887.0,169.0,13.0,0
150000888.0,155.0,12.449899597988733,0
150000889.0,163.0,12.767145334803704,0
150000890.0,180.0,13.416407864998739,0
150000891.0,143.0,11.958260743101398,0
150000892.0,170.0,13.038404810405298,0
150000893.0,164.0,12.806248474865697,0
150000894.0,155.0,12.449899597988733,0
150000895.0,161.0,12.68857754044952,0
150000896.0,147.0,12.12435565298214,0
150000897.0,151.0,12.288205727444508,0
150000898.0,142.0,11.916375287812984,0
150000899.0,152.0,12.328828005937952,0
150000900.0,152.0,12.328828005937952,0
150000901.0,156.0,12.489995996796797,0
150000902.0,155.0,12.449899597988733,0
150000903.0,140.0,11.832159566199232,0
150000904.0,149.0,12.206555615733702,0
150000905.0,161.0,12.68857754044952,0
150000906.0,154.0,12.409673645990857,0
150000907.0,171.0,13.076696830622021,0
150000908.0,179.0,13.379088160259652,0
150000909.0,171.0,13.076696830622021,0
150000910.0,153.0,12.36931687685298,0
150000911.0,171.0,13.076696830622021,0
150000912.0,166.0,12.884098726725126,0
150000913.0,171.0,13.076696830622021,0
150000914.0,164.0,12.806248474865697,0
150000915.0,141.0,11.874342087037917,0
150000916.0,158.0,12.569805089976535,0
150000917.0,159.0,12.609520212918492,0
150000918.0,157.0,12.529964086141668,0
150000919.0,178.0,13.341664064126334,0
150000920.0,179.0,13.379088160259652,0
150000921.0,154.0,12.409673645990857,0
150000922.0,158.0,12.569805089976535,0
150000923.0,161.0,12.68857754044952,0
150000924.0,155.0,12.449899597988733,0
150000925.0,158.0,12.569805089976535,0
150000926.0,175.0,13.228756555322953,0
150000927.0,162.0,12.727922061357855,0
150000928.0,174.0,13.19090595827292,0
150000929.0,152.0,12.328828005937952,0
150000930.0,143.0,11.958260743101398,0
150000931.0,169.0,13.0,0
150000932.0,164.0,12.806248474865697,0
150000933.0,137.0,11.704699910719626,0
150000934.0,151.0,12.288205727444508,0
150000935.0,180.0,13.416407864998739,0
150000936.0,154.0,12.409673645990857,0
150000937.0,169.0,13.0,0
150000938.0,146.0,12.083045973594572,0
150000939.0,178.0,13.341664064126334,0
150000940.0,183.0,13.527749258468683,0
150000941.0,189.0,13.74772708486752,0
150000942.0,156.0,12.489995996796797,0
150000943.0,158.0,12.569805089976535,0
150000944.0,180.0,13.416407864998739,0
150000945.0,169.0,13.0,0
150000946.0,155.0,12.449899597988733,0
150000947.0,145.0,12.041594578792296,0
150000948.0,156.0,12.489995996796797,0
150000949.0,153.0,12.36931687685298,0
150000950.0,156.0,12.489995996796797,0
150000951.0,157.0,12.529964086141668,0
150000952.0,152.0,12.328828005937952,0
150000953.0,157.0,12.529964086141668,0
150000954.0,162.0,12.727922061357855,0
150000955.0,157.0,12.529964086141668,0
150000956.0,182.0,13.490737563232042,0
150000957.0,135.0,11.61895003862225,0
150000958.0,160.0,12.649110640673518,0
150000959.0,163.0,12.767145334803704,0
150000960.0,171.0,13.076696830622021,0
150000961.0,170.0,13.038404810405298,0
150000962.0,166.0,12.884098726725126,0
150000963.0,171.0,13.076696830622021,0
150000964.0,178.0,13.341664064126334,0
150000965.0,163.0,12.767145334803704,0
150000966.0,177.0,13.30413469565007,0
150000967.0,158.0,12.569805089976535,0
150000968.0,155.0,12.449899597988733,0
150000969.0,149.0,12.206555615733702,0
150000970.0,179.0,13.379088160259652,0
150000971.0,149.0,12.206555615733702,0
150000972.0,165.0,12.84523257866513,0
150000973.0,154.0,12.409673645990857,0
150000974.0,170.0,13.038404810405298,0
150000975.0,189.0,13.74772708486752,0
150000976.0,160.0,12.649110640673518,0
150000977.0,159.0,12.609520212918492,0
150000978.0,162.0,12.727922061357855,0
150000979.0,165.0,12.84523257866513,0
150000980.0,157.0,12.529964086141668,0
150000981.0,156.0,12.489995996796797,0
150000982.0,148.0,12.165525060596439,0
150000983.0,161.0,12.68857754044952,0
150000984.0,124.0,11.135528725660043,0
150000985.0,158.0,12.569805089976535,0
150000986.0,150.0,12.24744871391589,0
150000987.0,164.0,12.806248474865697,0
150000988.0,164.0,12.806248474865697,0
150000989.0,175.0,13.228756555322953,0
150000990.0,159.0,12.609520212918492,0
150000991.0,178.0,13.341664064126334,0
150000992.0,164.0,12.806248474865697,0
150000993.0,148.0,12.165525060596439,0
150000994.0,170.0,13.038404810405298,0
150000995.0,170.0,13.038404810405298,0
150000996.0,177.0,13.30413469565007,0
150000997.0,141.0,11.874342087037917,0
150000998.0,151.0,12.288205727444508,0
150000999.0,159.0,12.609520212918492,0
150001000.0,161.0,12.68857754044952,0
150001001.0,175.0,13.228756555322953,0
150001002.0,161.0,12.68857754044952,0
150001003.0,168.0,12.96148139681572,0
150001004.0,152.0,12.328828005937952,0
150001005.0,156.0,12.489995996796797,0
150001006.0,160.0,12.649110640673518,0
150001007.0,154.0,12.409673645990857,0
150001008.0,156.0,12.489995996796797,0
150001009.0,178.0,13.341664064126334,0
150001010.0,145.0,12.041594578792296,0
150001011.0,176.0,13.2664991614216,0
150001012.0,146.0,12.083045973594572,0
150001013.0,171.0,13.076696830622021,0
150001014.0,165.0,12.84523257866513,0
150001015.0,156.0,12.489995996796797,0
150001016.0,152.0,12.328828005937952,0
150001017.0,144.0,12.0,0
150001018.0,165.0,12.84523257866513,0
150001019.0,174.0,13.19090595827292,0
150001020.0,164.0,12.806248474865697,0
150001021.0,155.0,12.449899597988733,0
150001022.0,159.0,12.609520212918492,0
150001023.0,161.0,12.68857754044952,0
150001024.0,151.0,12.288205727444508,0
150001025.0,138.0,11.74734012447073,0
150001026.0,145.0,12.041594578792296,0
150001027.0,172.0,13.114877048604,0
150001028.0,181.0,13.45362404707371,0
150001029.0,138.0,11.74734012447073,0
150001030.0,167.0,12.922847983320086,0
150001031.0,175.0,13.228756555322953,0
150001032.0,165.0,12.84523257866513,0
150001033.0,165.0,12.84523257866513,0
150001034.0,159.0,12.609520212918492,0
150001035.0,150.0,12.24744871391589,0
150001036.0,161.0,12.68857754044952,0
150001037.0,133.0,11.532562594670797,0
150001038.0,165.0,12.84523257866513,0
150001039.0,168.0,12.96148139681572,0
150001040.0,167.0,12.922847983320086,0
150001041.0,166.0,12.884098726725126,0
150001042.0,166.0,12.884098726725126,0
150001043.0,153.0,12.36931687685298,0
150001044.0,179.0,13.379088160259652,0
150001045.0,141.0,11.874342087037917,0
150001046.0,151.0,12.288205727444508,0
150001047.0,176.0,13.2664991614216,0
150001048.0,165.0,12.84523257866513,0
150001049.0,160.0,12.649110640673518,0
150001050.0,170.0,13.038404810405298,0
150001051.0,157.0,12.529964086141668,0
150001052.0,146.0,12.083045973594572,0
150001053.0,157.0,12.529964086141668,0
150001054.0,162.0,12.727922061357855,0
150001055.0,143.0,11.958260743101398,0
150001056.0,175.0,13.228756555322953,0
150001057.0,173.0,13.152946437965905,0
150001058.0,144.0,12.0,0
150001059.0,194.0,13.92838827718412,0
150001060.0,180.0,13.416407864998739,0
150001061.0,164.0,12.806248474865697,0
150001062.0,175.0,13.228756555322953,0
150001063.0,153.0,12.36931687685298,0
150001064.0,163.0,12.767145334803704,0
150001065.0,161.0,12.68857754044952,0
150001066.0,144.0,12.0,0
150001067.0,151.0,12.288205727444508,0
150001068.0,147.0,12.12435565298214,0
150001069.0,164.0,12.806248474865697,0
150001070.0,148.0,12.165525060596439,0
150001071.0,157.0,12.529964086141668,0
150001072.0,183.0,13.527749258468683,0
150001073.0,183.0,13.527749258468683,0
150001074.0,176.0,13.2664991614216,0
150001075.0,166.0,12.884098726725126,0
150001076.0,169.0,13.0,0
150001077.0,194.0,13.92838827718412,0
150001078.0,173.0,13.152946437965905,0
150001079.0,162.0,12.727922061357855,0
150001080.0,156.0,12.489995996796797,0
150001081.0,163.0,12.767145334803704,0
150001082.0,202.0,14.212670403551895,0
150001083.0,155.0,12.449899597988733,0
150001084.0,164.0,12.806248474865697,0
150001085.0,167.0,12.922847983320086,0
150001086.0,154.0,12.409673645990857,0
150001087.0,161.0,12.68857754044952,0
150001088.0,166.0,12.884098726725126,0
150001089.0,172.0,13.114877048604,0
150001090.0,166.0,12.884098726725126,0
150001091.0,130.0,11.40175425099138,0
150001092.0,172.0,13.114877048604,0
150001093.0,164.0,12.806248474865697,0
150001094.0,171.0,13.076696830622021,0
150001095.0,145.0,12.041594578792296,0
150001096.0,140.0,11.832159566199232,0
150001097.0,157.0,12.529964086141668,0
150001098.0,160.0,12.649110640673518,0
150001099.0,169.0,13.0,0
150001100.0,154.0,12.409673645990857,0
150001101.0,142.0,11.916375287812984,0
150001102.0,159.0,12.609520212918492,0
150001103.0,161.0,12.68857754044952,0
150001104.0,124.0,11.135528725660043,0
150001105.0,166.0,12.884098726725126,0
150001106.0,170.0,13.038404810405298,0
150001107.0,180.0,13.416407864998739,0
150001108.0,162.0,12.727922061357855,0
150001109.0,154.0,12.409673645990857,0
150001110.0,151.0,12.288205727444508,0
150001111.0,165.0,12.84523257866513,0
150001112.0,165.0,12.84523257866513,0
150001113.0,154.0,12.409673645990857,0
150001114.0,141.0,11.874342087037917,0
150001115.0,180.0,13.416407864998739,0
150001116.0,163.0,12.767145334803704,0
150001117.0,162.0,12.727922061357855,0
150001118.0,176.0,13.2664991614216,0
150001119.0,172.0,13.114877048604,0
150001120.0,168.0,12.96148139681572,0
150001121.0,155.0,12.449899597988733,0
150001122.0,175.0,13.228756555322953,0
150001123.0,173.0,13.152946437965905,0
150001124.0,178.0,13.341664064126334,0
150001125.0,163.0,12.767145334803704,0
150001126.0,158.0,12.569805089976535,0
150001127.0,152.0,12.328828005937952,0
150001128.0,179.0,13.379088160259652,0
150001129.0,168.0,12.96148139681572,0
150001130.0,169.0,13.0,0
150001131.0,189.0,13.74772708486752,0
150001132.0,170.0,13.038404810405298,0
150001133.0,178.0,13.341664064126334,0
150001134.0,169.0,13.0,0
150001135.0,176.0,13.2664991614216,0
150001136.0,169.0,13.0,0
150001137.0,188.0,13.711309200802088,0
150001138.0,184.0,13.564659966250536,0
150001139.0,153.0,12.36931687685298,0
150001140.0,167.0,12.922847983320086,0
150001141.0,171.0,13.076696830622021,0
150001142.0,175.0,13.228756555322953,0
150001143.0,213.0,14.594519519326424,0
150001144.0,205.0,14.317821063276353,0
150001145.0,205.0,14.317821063276353,0
150001146.0,182.0,13.490737563232042,0
150001147.0,197.0,14.035668847618199,0
150001148.0,182.0,13.490737563232042,0
150001149.0,200.0,14.142135623730951,0
150001150.0,208.0,14.422205101855956,0
150001151.0,192.0,13.856406460551018,0
150001152.0,201.0,14.177446878757825,0
150001153.0,219.0,14.798648586948742,0
150001154.0,206.0,14.352700094407323,0
150001155.0,197.0,14.035668847618199,0
150001156.0,191.0,13.820274961085254,0
150001157.0,237.0,15.394804318340652,0
150001158.0,217.0,14.730919862656235,0
150001159.0,233.0,15.264337522473747,0
150001160.0,219.0,14.798648586948742,0
150001161.0,221.0,14.866068747318506,0
150001162.0,243.0,15.588457268119896,0
150001163.0,207.0,14.38749456993816,0
150001164.0,235.0,15.329709716755891,0
150001165.0,251.0,15.84297951775486,0
150001166.0,238.0,15.427248620541512,0
150001167.0,258.0,16.06237840420901,0
150001168.0,263.0,16.217274740226856,0
150001169.0,296.0,17.204650534085253,0
150001170.0,309.0,17.578395831246947,0
150001171.0,304.0,17.435595774162696,0
150001172.0,302.0,17.378147196982766,0
150001173.0,293.0,17.11724276862369,0
150001174.0,305.0,17.46424919657298,0
150001175.0,293.0,17.11724276862369,0
150001176.0,297.0,17.233687939614086,0
150001177.0,334.0,18.275666882497067,0
150001178.0,350.0,18.708286933869708,0
150001179.0,343.0,18.520259177452136,0
150001180.0,351.0,18.734993995195193,0
150001181.0,352.0,18.76166303929372,0
150001182.0,338.0,18.384776310850235,0
150001183.0,369.0,19.209372712298546,0
150001184.0,350.0,18.708286933869708,0
150001185.0,372.0,19.28730152198591,0
150001186.0,411.0,20.273134932713294,0
150001187.0,411.0,20.273134932713294,0
150001188.0,403.0,20.074859899884732,0
150001189.0,423.0,20.566963801203133,0
150001190.0,454.0,21.307275752662516,0
150001191.0,410.0,20.248456731316587,0
150001192.0,410.0,20.248456731316587,0
150001193.0,426.0,20.639767440550294,0
150001194.0,425.0,20.615528128088304,0
150001195.0,458.0,21.400934559032695,0
150001196.0,445.0,21.095023109728988,0
150001197.0,490.0,22.135943621178654,0
150001198.0,476.0,21.817424229271428,0
150001199.0,470.0,21.6794833886788,0
150001200.0,547.0,23.388031127053,0
150001201.0,476.0,21.817424229271428,0
150001202.0,500.0,22.360679774997898,0
150001203.0,520.0,22.80350850198276,0
150001204.0,485.0,22.02271554554524,0
150001205.0,486.0,22.045407685048602,0
150001206.0,545.0,23.345235059857504,0
150001207.0,517.0,22.737634001804146,0
150001208.0,524.0,22.891046284519195,0
150001209.0,498.0,22.315913604421397,0
150001210.0,578.0,24.041630560342615,0
150001211.0,534.0,23.108440016582687,0
150001212.0,584.0,24.166091947189145,0
150001213.0,574.0,23.958297101421877,0
150001214.0,554.0,23.53720459187964,0
150001215.0,548.0,23.40939982143925,0
150001216.0,567.0,23.811761799581316,0
150001217.0,548.0,23.40939982143925,0
150001218.0,563.0,23.727621035409346,0
150001219.0,566.0,23.790754506740637,0
150001220.0,545.0,23.345235059857504,0
150001221.0,562.0,23.706539182259394,0
150001222.0,529.0,23.0,0
150001223.0,545.0,23.345235059857504,0
150001224.0,510.0,22.58317958127243,0
150001225.0,566.0,23.790754506740637,0
150001226.0,550.0,23.45207879911715,0
150001227.0,533.0,23.08679276123039,0
150001228.0,559.0,23.643180835073778,0
150001229.0,537.0,23.173260452512935,0
150001230.0,580.0,24.08318915758459,0
150001231.0,514.0,22.67156809750927,0
150001232.0,602.0,24.535688292770594,0
150001233.0,575.0,23.979157616563597,0
150001234.0,568.0,23.83275057562597,0
150001235.0,579.0,24.06241883103193,0
150001236.0,565.0,23.769728648009426,0
150001237.0,582.0,24.124676163629637,0
150001238.0,519.0,22.781571499789035,0
150001239.0,536.0,23.15167380558045,0
150001240.0,591.0,24.310491562286437,0
150001241.0,553.0,23.515952032609693,0
150001242.0,555.0,23.558437978779494,0
150001243.0,586.0,24.20743687382041,0
150001244.0,540.0,23.2379000772445,0
150001245.0,511.0,22.60530911091463,0
150001246.0,535.0,23.130067012440755,0
150001247.0,555.0,23.558437978779494,0
150001248.0,512.0,22.627416997969522,0
150001249.0,529.0,23.0,0
150001250.0,542.0,23.280893453645632,0
150001251.0,514.0,22.67156809750927,0
150001252.0,547.0,23.388031127053,0
150001253.0,517.0,22.737634001804146,0
150001254.0,497.0,22.293496809607955,0
150001255.0,567.0,23.811761799581316,0
150001256.0,513.0,22.64950330581225,0
150001257.0,546.0,23.366642891095847,0
150001258.0,520.0,22.80350850198276,0
150001259.0,526.0,22.93468988235943,0
150001260.0,503.0,22.427661492005804,0
150001261.0,552.0,23.49468024894146,0
150001262.0,513.0,22.64950330581225,0
150001263.0,501.0,22.38302928559939,0
150001264.0,482.0,21.95449840010015,0
150001265.0,460.0,21.447610589527216,0
150001266.0,495.0,22.24859546128699,0
150001267.0,513.0,22.64950330581225,0
150001268.0,505.0,22.47220505424423,0
150001269.0,498.0,22.315913604421397,0
150001270.0,514.0,22.67156809750927,0
150001271.0,509.0,22.561028345356956,0
150001272.0,507.0,22.516660498395403,0
150001273.0,511.0,22.60530911091463,0
150001274.0,489.0,22.11334438749598,0
150001275.0,431.0,20.760539492026695,0
150001276.0,458.0,21.400934559032695,0
150001277.0,509.0,22.561028345356956,0
150001278.0,468.0,21.633307652783937,0
150001279.0,497.0,22.293496809607955,0
150001280.0,476.0,21.817424229271428,0
150001281.0,478.0,21.863211109075447,0
150001282.0,470.0,21.6794833886788,0
150001283.0,451.0,21.236760581595302,0
150001284.0,456.0,21.354156504062622,0
150001285.0,477.0,21.840329667841555,0
150001286.0,454.0,21.307275752662516,0
150001287.0,449.0,21.18962010041709,0
150001288.0,494.0,22.22611077089287,0
150001289.0,476.0,21.817424229271428,0
150001290.0,439.0,20.952326839756964,0
150001291.0,466.0,21.587033144922902,0
150001292.0,450.0,21.213203435596427,0
150001293.0,477.0,21.840329667841555,0
150001294.0,492.0,22.181073012818835,0
150001295.0,474.0,21.77154105707724,0
150001296.0,476.0,21.817424229271428,0
150001297.0,486.0,22.045407685048602,0
150001298.0,389.0,19.72308292331602,0
150001299.0,451.0,21.236760581595302,0
150001300.0,458.0,21.400934559032695,0
150001301.0,433.0,20.808652046684813,0
150001302.0,461.0,21.470910553583888,0
150001303.0,433.0,20.808652046684813,0
150001304.0,459.0,21.42428528562855,0
150001305.0,409.0,20.223748416156685,0
150001306.0,439.0,20.952326839756964,0
150001307.0,422.0,20.54263858417414,0
150001308.0,411.0,20.273134932713294,0
150001309.0,421.0,20.518284528683193,0
150001310.0,413.0,20.322401432901575,0
150001311.0,409.0,20.223748416156685,0
150001312.0,422.0,20.54263858417414,0
150001313.0,436.0,20.8806130178211,0
150001314.0,432.0,20.784609690826528,0
150001315.0,443.0,21.047565179849187,0
150001316.0,452.0,21.2602916254693,0
150001317.0,399.0,19.974984355438178,0
150001318.0,401.0,20.024984394500787,0
150001319.0,443.0,21.047565179849187,0
150001320.0,441.0,21.0,0
150001321.0,418.0,20.445048300260872,0
150001322.0,401.0,20.024984394500787,0
150001323.0,411.0,20.273134932713294,0
150001324.0,399.0,19.974984355438178,0
150001325.0,411.0,20.273134932713294,0
150001326.0,421.0,20.518284528683193,0
150001327.0,413.0,20.322401432901575,0
150001328.0,351.0,18.734993995195193,0
150001329.0,413.0,20.322401432901575,0
150001330.0,434.0,20.83266665599966,0
150001331.0,418.0,20.445048300260872,0
150001332.0,385.0,19.621416870348583,0
150001333.0,399.0,19.974984355438178,0
150001334.0,395.0,19.87460691435179,0
150001335.0,406.0,20.149441679609886,0
150001336.0,393.0,19.82422760159901,0
150001337.0,395.0,19.87460691435179,0
150001338.0,383.0,19.570385790780925,0
150001339.0,413.0,20.322401432901575,0
150001340.0,386.0,19.6468827043885,0
150001341.0,392.0,19.79898987322333,0
150001342.0,378.0,19.44222209522358,0
150001343.0,361.0,19.0,0
150001344.0,385.0,19.621416870348583,0
150001345.0,412.0,20.29778313018444,0
150001346.0,399.0,19.974984355438178,0
150001347.0,375.0,19.364916731037084,0
150001348.0,350.0,18.708286933869708,0
150001349.0,389.0,19.72308292331602,0
150001350.0,380.0,19.493588689617926,0
150001351.0,385.0,19.621416870348583,0
150001352.0,373.0,19.313207915827967,0
150001353.0,375.0,19.364916731037084,0
150001354.0,406.0,20.149441679609886,0
150001355.0,388.0,19.697715603592208,0
150001356.0,382.0,19.544820285692065,0
150001357.0,334.0,18.275666882497067,0
150001358.0,365.0,19.1049731745428,0
150001359.0,392.0,19.79898987322333,0
150001360.0,343.0,18.520259177452136,0
150001361.0,350.0,18.708286933869708,0
150001362.0,350.0,18.708286933869708,0
150001363.0,343.0,18.520259177452136,0
150001364.0,382.0,19.544820285692065,0
150001365.0,351.0,18.734993995195193,0
150001366.0,366.0,19.131126469708992,0
150001367.0,372.0,19.28730152198591,0
150001368.0,360.0,18.973665961010276,0
150001369.0,353.0,18.788294228055936,0
150001370.0,356.0,18.867962264113206,0
150001371.0,385.0,19.621416870348583,0
150001372.0,357.0,18.894443627691185,0
150001373.0,373.0,19.313207915827967,0
150001374.0,386.0,19.6468827043885,0
150001375.0,338.0,18.384776310850235,0
150001376.0,336.0,18.33030277982336,0
150001377.0,377.0,19.4164878389476,0
150001378.0,333.0,18.24828759089466,0
150001379.0,341.0,18.466185312619388,0
150001380.0,347.0,18.627936010197157,0
150001381.0,313.0,17.69180601295413,0
150001382.0,303.0,17.406895185529212,0
150001383.0,342.0,18.49324200890693,0
150001384.0,334.0,18.275666882497067,0
150001385.0,372.0,19.28730152198591,0
150001386.0,340.0,18.439088914585774,0
150001387.0,345.0,18.57417562100671,0
150001388.0,340.0,18.439088914585774,0
150001389.0,329.0,18.138357147217054,0
150001390.0,363.0,19.05255888325765,0
150001391.0,305.0,17.46424919657298,0
150001392.0,326.0,18.05547008526779,0
150001393.0,332.0,18.2208671582886,0
150001394.0,327.0,18.083141320025124,0
150001395.0,316.0,17.776388834631177,0
150001396.0,357.0,18.894443627691185,0
150001397.0,345.0,18.57417562100671,0
150001398.0,338.0,18.384776310850235,0
150001399.0,325.0,18.027756377319946,0
150001400.0,352.0,18.76166303929372,0
150001401.0,308.0,17.549928774784245,0
150001402.0,310.0,17.60681686165901,0
150001403.0,327.0,18.083141320025124,0
150001404.0,353.0,18.788294228055936,0
150001405.0,325.0,18.027756377319946,0
150001406.0,321.0,17.916472867168917,0
150001407.0,312.0,17.663521732655695,0
150001408.0,295.0,17.175564037317667,0
150001409.0,309.0,17.578395831246947,0
150001410.0,348.0,18.65475810617763,0
150001411.0,315.0,17.74823934929885,0
150001412.0,320.0,17.88854381999832,0
150001413.0,347.0,18.627936010197157,0
150001414.0,314.0,17.72004514666935,0
150001415.0,336.0,18.33030277982336,0
150001416.0,295.0,17.175564037317667,0
150001417.0,309.0,17.578395831246947,0
150001418.0,273.0,16.522711641858304,0
150001419.0,289.0,17.0,0
150001420.0,317.0,17.804493814764857,0
150001421.0,343.0,18.520259177452136,0
150001422.0,294.0,17.146428199482248,0
150001423.0,267.0,16.34013463836819,0
150001424.0,308.0,17.549928774784245,0
150001425.0,305.0,17.46424919657298,0
150001426.0,312.0,17.663521732655695,0
150001427.0,297.0,17.233687939614086,0
150001428.0,288.0,16.97056274847714,0
150001429.0,294.0,17.146428199482248,0
150001430.0,320.0,17.88854381999832,0
150001431.0,286.0,16.911534525287763,0
150001432.0,311.0,17.635192088548397,0
150001433.0,319.0,17.86057109949175,0
150001434.0,283.0,16.822603841260722,0
150001435.0,293.0,17.11724276862369,0
150001436.0,296.0,17.204650534085253,0
150001437.0,315.0,17.74823934929885,0
150001438.0,274.0,16.55294535724685,0
150001439.0,284.0,16.852299546352718,0
150001440.0,310.0,17.60681686165901,0
150001441.0,297.0,17.233687939614086,0
150001442.0,344.0,18.547236990991408,0
150001443.0,275.0,16.583123951777,0
150001444.0,302.0,17.378147196982766,0
150001445.0,278.0,16.673332000533065,0
150001446.0,276.0,16.61324772583615,0
150001447.0,314.0,17.72004514666935,0
150001448.0,284.0,16.852299546352718,0
150001449.0,317.0,17.804493814764857,0
150001450.0,285.0,16.881943016134134,0
150001451.0,297.0,17.233687939614086,0
150001452.0,273.0,16.522711641858304,0
150001453.0,276.0,16.61324772583615,0
150001454.0,298.0,17.26267650163207,0
150001455.0,284.0,16.852299546352718,0
150001456.0,287.0,16.941074346097416,0
150001457.0,276.0,16.61324772583615,0
150001458.0,285.0,16.881943016134134,0
150001459.0,296.0,17.204650534085253,0
150001460.0,250.0,15.811388300841896,0
150001461.0,281.0,16.76305461424021,0
150001462.0,272.0,16.492422502470642,0
150001463.0,251.0,15.84297951775486,0
150001464.0,308.0,17.549928774784245,0
150001465.0,292.0,17.08800749063506,0
150001466.0,266.0,16.30950643030009,0
150001467.0,291.0,17.05872210923198,0
150001468.0,287.0,16.941074346097416,0
150001469.0,277.0,16.64331697709324,0
150001470.0,288.0,16.97056274847714,0
150001471.0,280.0,16.73320053068151,0
150001472.0,279.0,16.703293088490067,0
150001473.0,268.0,16.3707055437449,0
150001474.0,297.0,17.233687939614086,0
150001475.0,273.0,16.522711641858304,0
150001476.0,292.0,17.08800749063506,0
150001477.0,279.0,16.703293088490067,0
150001478.0,272.0,16.492422502470642,0
150001479.0,266.0,16.30950643030009,0
150001480.0,267.0,16.34013463836819,0
150001481.0,259.0,16.09347693943108,0
150001482.0,246.0,15.684387141358123,0
150001483.0,268.0,16.3707055437449,0
150001484.0,244.0,15.620499351813308,0
150001485.0,258.0,16.06237840420901,0
150001486.0,271.0,16.46207763315433,0
150001487.0,258.0,16.06237840420901,0
150001488.0,276.0,16.61324772583615,0
150001489.0,306.0,17.4928556845359,0
150001490.0,273.0,16.522711641858304,0
150001491.0,279.0,16.703293088490067,0
150001492.0,258.0,16.06237840420901,0
150001493.0,246.0,15.684387141358123,0
150001494.0,272.0,16.492422502470642,0
150001495.0,253.0,15.905973720586866,0
150001496.0,278.0,16.673332000533065,0
150001497.0,226.0,15.033296378372908,0
150001498.0,249.0,15.7797338380595,0
150001499.0,276.0,16.61324772583615,0
150001500.0,255.0,15.968719422671311,0
150001501.0,251.0,15.84297951775486,0
150001502.0,286.0,16.911534525287763,0
150001503.0,258.0,16.06237840420901,0
150001504.0,244.0,15.620499351813308,0
150001505.0,234.0,15.297058540778355,0
150001506.0,286.0,16.911534525287763,0
150001507.0,240.0,15.491933384829668,0
150001508.0,254.0,15.937377450509228,0
150001509.0,245.0,15.652475842498529,0
150001510.0,261.0,16.15549442140351,0
150001511.0,244.0,15.620499351813308,0
150001512.0,273.0,16.522711641858304,0
150001513.0,253.0,15.905973720586866,0
150001514.0,270.0,16.431676725154983,0
150001515.0,261.0,16.15549442140351,0
150001516.0,255.0,15.968719422671311,0
150001517.0,245.0,15.652475842498529,0
150001518.0,268.0,16.3707055437449,0
150001519.0,248.0,15.748015748023622,0
150001520.0,264.0,16.24807680927192,0
150001521.0,245.0,15.652475842498529,0
150001522.0,261.0,16.15549442140351,0
150001523.0,249.0,15.7797338380595,0
150001524.0,237.0,15.394804318340652,0
150001525.0,254.0,15.937377450509228,0
150001526.0,258.0,16.06237840420901,0
150001527.0,271.0,16.46207763315433,0
150001528.0,279.0,16.703293088490067,0
150001529.0,234.0,15.297058540778355,0
150001530.0,238.0,15.427248620541512,0
150001531.0,266.0,16.30950643030009,0
150001532.0,220.0,14.832396974191326,0
150001533.0,239.0,15.459624833740307,0
150001534.0,246.0,15.684387141358123,0
150001535.0,247.0,15.716233645501712,0
150001536.0,258.0,16.06237840420901,0
150001537.0,225.0,15.0,0
150001538.0,242.0,15.556349186104045,0
150001539.0,255.0,15.968719422671311,0
150001540.0,244.0,15.620499351813308,0
150001541.0,238.0,15.427248620541512,0
150001542.0,262.0,16.186414056238647,0
150001543.0,232.0,15.231546211727817,0
150001544.0,246.0,15.684387141358123,0
150001545.0,224.0,14.966629547095765,0
150001546.0,269.0,16.401219466856727,0
150001547.0,263.0,16.217274740226856,0
150001548.0,224.0,14.966629547095765,0
150001549.0,246.0,15.684387141358123,0
150001550.0,234.0,15.297058540778355,0
150001551.0,221.0,14.866068747318506,0
150001552.0,220.0,14.832396974191326,0
150001553.0,222.0,14.89966442575134,0
150001554.0,228.0,15.0996688705415,0
150001555.0,231.0,15.198684153570664,0
150001556.0,262.0,16.186414056238647,0
150001557.0,220.0,14.832396974191326,0
150001558.0,252.0,15.874507866387544,0
150001559.0,220.0,14.832396974191326,0
150001560.0,215.0,14.66287829861518,0
150001561.0,222.0,14.89966442575134,0
150001562.0,245.0,15.652475842498529,0
150001563.0,206.0,14.352700094407323,0
150001564.0,232.0,15.231546211727817,0
150001565.0,233.0,15.264337522473747,0
150001566.0,235.0,15.329709716755891,0
150001567.0,235.0,15.329709716755891,0
150001568.0,223.0,14.933184523068078,0
150001569.0,199.0,14.106735979665885,0
150001570.0,219.0,14.798648586948742,0
150001571.0,233.0,15.264337522473747,0
150001572.0,209.0,14.45683229480096,0
150001573.0,225.0,15.0,0
150001574.0,232.0,15.231546211727817,0
150001575.0,233.0,15.264337522473747,0
150001576.0,236.0,15.362291495737216,0
150001577.0,203.0,14.247806848775006,0
150001578.0,219.0,14.798648586948742,0
150001579.0,224.0,14.966629547095765,0
150001580.0,239.0,15.459624833740307,0
150001581.0,238.0,15.427248620541512,0
150001582.0,241.0,15.524174696260024,0
150001583.0,249.0,15.7797338380595,0
150001584.0,234.0,15.297058540778355,0
150001585.0,239.0,15.459624833740307,0
150001586.0,237.0,15.394804318340652,0
150001587.0,255.0,15.968719422671311,0
150001588.0,220.0,14.832396974191326,0
150001589.0,223.0,14.933184523068078,0
150001590.0,200.0,14.142135623730951,0
150001591.0,233.0,15.264337522473747,0
150001592.0,214.0,14.628738838327793,0
150001593.0,236.0,15.362291495737216,0
150001594.0,219.0,14.798648586948742,0
150001595.0,218.0,14.7648230602334,0
150001596.0,221.0,14.866068747318506,0
150001597.0,188.0,13.711309200802088,0
150001598.0,222.0,14.89966442575134,0
150001599.0,207.0,14.38749456993816,0
150001600.0,210.0,14.491376746189438,0
150001601.0,242.0,15.556349186104045,0
150001602.0,184.0,13.564659966250536,0
150001603.0,218.0,14.7648230602334,0
150001604.0,226.0,15.033296378372908,0
150001605.0,226.0,15.033296378372908,0
150001606.0,234.0,15.297058540778355,0
150001607.0,217.0,14.730919862656235,0
150001608.0,201.0,14.177446878757825,0
150001609.0,243.0,15.588457268119896,0
150001610.0,207.0,14.38749456993816,0
150001611.0,247.0,15.716233645501712,0
150001612.0,211.0,14.52583904633395,0
150001613.0,198.0,14.071247279470288,0
150001614.0,225.0,15.0,0
150001615.0,227.0,15.066519173319364,0
150001616.0,205.0,14.317821063276353,0
150001617.0,208.0,14.422205101855956,0
150001618.0,226.0,15.033296378372908,0
150001619.0,230.0,15.165750888103101,0
150001620.0,219.0,14.798648586948742,0
150001621.0,214.0,14.628738838327793,0
150001622.0,203.0,14.247806848775006,0
150001623.0,203.0,14.247806848775006,0
150001624.0,221.0,14.866068747318506,0
150001625.0,220.0,14.832396974191326,0
150001626.0,214.0,14.628738838327793,0
150001627.0,225.0,15.0,0
150001628.0,206.0,14.352700094407323,0
150001629.0,245.0,15.652475842498529,0
150001630.0,200.0,14.142135623730951,0
150001631.0,209.0,14.45683229480096,0
150001632.0,209.0,14.45683229480096,0
150001633.0,211.0,14.52583904633395,0
150001634.0,220.0,14.832396974191326,0
150001635.0,222.0,14.89966442575134,0
150001636.0,212.0,14.560219778561036,0
150001637.0,233.0,15.264337522473747,0
150001638.0,211.0,14.52583904633395,0
150001639.0,198.0,14.071247279470288,0
150001640.0,198.0,14.071247279470288,0
150001641.0,195.0,13.96424004376894,0
150001642.0,202.0,14.212670403551895,0
150001643.0,213.0,14.594519519326424,0
150001644.0,224.0,14.966629547095765,0
150001645.0,210.0,14.491376746189438,0
150001646.0,215.0,14.66287829861518,0
150001647.0,234.0,15.297058540778355,0
150001648.0,205.0,14.317821063276353,0
150001649.0,202.0,14.212670403551895,0
150001650.0,201.0,14.177446878757825,0
150001651.0,193.0,13.892443989449804,0
150001652.0,222.0,14.89966442575134,0
150001653.0,212.0,14.560219778561036,0
150001654.0,251.0,15.84297951775486,0
150001655.0,223.0,14.933184523068078,0
150001656.0,190.0,13.784048752090222,0
150001657.0,208.0,14.422205101855956,0
150001658.0,230.0,15.165750888103101,0
150001659.0,199.0,14.106735979665885,0
150001660.0,186.0,13.638181696985855,0
150001661.0,184.0,13.564659966250536,0
150001662.0,206.0,14.352700094407323,0
150001663.0,197.0,14.035668847618199,0
150001664.0,205.0,14.317821063276353,0
150001665.0,203.0,14.247806848775006,0
150001666.0,212.0,14.560219778561036,0
150001667.0,205.0,14.317821063276353,0
150001668.0,208.0,14.422205101855956,0
150001669.0,210.0,14.491376746189438,0
150001670.0,180.0,13.416407864998739,0
150001671.0,200.0,14.142135623730951,0
150001672.0,185.0,13.601470508735444,0
150001673.0,201.0,14.177446878757825,0
150001674.0,192.0,13.856406460551018,0
150001675.0,197.0,14.035668847618199,0
150001676.0,202.0,14.212670403551895,0
150001677.0,193.0,13.892443989449804,0
150001678.0,197.0,14.035668847618199,0
150001679.0,200.0,14.142135623730951,0
150001680.0,174.0,13.19090595827292,0
150001681.0,183.0,13.527749258468683,0
150001682.0,191.0,13.820274961085254,0
150001683.0,191.0,13.820274961085254,0
150001684.0,216.0,14.696938456699069,0
150001685.0,200.0,14.142135623730951,0
150001686.0,223.0,14.933184523068078,0
150001687.0,169.0,13.0,0
150001688.0,174.0,13.19090595827292,0
150001689.0,188.0,13.711309200802088,0
150001690.0,205.0,14.317821063276353,0
150001691.0,190.0,13.784048752090222,0
150001692.0,198.0,14.071247279470288,0
150001693.0,198.0,14.071247279470288,0
150001694.0,227.0,15.066519173319364,0
150001695.0,198.0,14.071247279470288,0
150001696.0,170.0,13.038404810405298,0
150001697.0,167.0,12.922847983320086,0
150001698.0,199.0,14.106735979665885,0
150001699.0,167.0,12.922847983320086,0
150001700.0,199.0,14.106735979665885,0
150001701.0,185.0,13.601470508735444,0
150001702.0,182.0,13.490737563232042,0
150001703.0,173.0,13.152946437965905,0
150001704.0,174.0,13.19090595827292,0
150001705.0,172.0,13.114877048604,0
150001706.0,185.0,13.601470508735444,0
150001707.0,209.0,14.45683229480096,0
150001708.0,206.0,14.352700094407323,0
150001709.0,199.0,14.106735979665885,0
150001710.0,200.0,14.142135623730951,0
150001711.0,180.0,13.416407864998739,0
150001712.0,191.0,13.820274961085254,0
150001713.0,221.0,14.866068747318506,0
150001714.0,207.0,14.38749456993816,0
150001715.0,188.0,13.711309200802088,0
150001716.0,180.0,13.416407864998739,0
150001717.0,189.0,13.74772708486752,0
150001718.0,180.0,13.416407864998739,0
150001719.0,204.0,14.2828568570857,0
150001720.0,199.0,14.106735979665885,0
150001721.0,197.0,14.035668847618199,0
150001722.0,197.0,14.035668847618199,0
150001723.0,180.0,13.416407864998739,0
150001724.0,177.0,13.30413469565007,0
150001725.0,187.0,13.674794331177344,0
150001726.0,189.0,13.74772708486752,0
150001727.0,176.0,13.2664991614216,0
150001728.0,194.0,13.92838827718412,0
150001729.0,178.0,13.341664064126334,0
150001730.0,182.0,13.490737563232042,0
150001731.0,214.0,14.628738838327793,0
150001732.0,188.0,13.711309200802088,0
150001733.0,206.0,14.352700094407323,0
150001734.0,182.0,13.490737563232042,0
150001735.0,191.0,13.820274961085254,0
150001736.0,176.0,13.2664991614216,0
150001737.0,173.0,13.152946437965905,0
150001738.0,181.0,13.45362404707371,0
150001739.0,212.0,14.560219778561036,0
150001740.0,184.0,13.564659966250536,0
150001741.0,187.0,13.674794331177344,0
150001742.0,197.0,14.035668847618199,0
150001743.0,179.0,13.379088160259652,0
150001744.0,189.0,13.74772708486752,0
150001745.0,198.0,14.071247279470288,0
150001746.0,187.0,13.674794331177344,0
150001747.0,191.0,13.820274961085254,0
150001748.0,167.0,12.922847983320086,0
150001749.0,166.0,12.884098726725126,0
150001750.0,195.0,13.96424004376894,0
150001751.0,181.0,13.45362404707371,0
150001752.0,187.0,13.674794331177344,0
150001753.0,197.0,14.035668847618199,0
150001754.0,185.0,13.601470508735444,0
150001755.0,194.0,13.92838827718412,0
150001756.0,201.0,14.177446878757825,0
150001757.0,196.0,14.0,0
150001758.0,201.0,14.177446878757825,0
150001759.0,177.0,13.30413469565007,0
150001760.0,197.0,14.035668847618199,0
150001761.0,198.0,14.071247279470288,0
150001762.0,186.0,13.638181696985855,0
150001763.0,181.0,13.45362404707371,0
150001764.0,202.0,14.212670403551895,0
150001765.0,187.0,13.674794331177344,0
150001766.0,181.0,13.45362404707371,0
150001767.0,175.0,13.228756555322953,0
150001768.0,182.0,13.490737563232042,0
150001769.0,185.0,13.601470508735444,0
150001770.0,195.0,13.96424004376894,0
150001771.0,181.0,13.45362404707371,0
150001772.0,182.0,13.490737563232042,0
150001773.0,189.0,13.74772708486752,0
150001774.0,175.0,13.228756555322953,0
150001775.0,178.0,13.341664064126334,0
150001776.0,194.0,13.92838827718412,0
150001777.0,195.0,13.96424004376894,0
150001778.0,180.0,13.416407864998739,0
150001779.0,187.0,13.674794331177344,0
150001780.0,207.0,14.38749456993816,0
150001781.0,187.0,13.674794331177344,0
150001782.0,181.0,13.45362404707371,0
150001783.0,199.0,14.106735979665885,0
150001784.0,192.0,13.856406460551018,0
150001785.0,188.0,13.711309200802088,0
150001786.0,187.0,13.674794331177344,0
150001787.0,203.0,14.247806848775006,0
150001788.0,164.0,12.806248474865697,0
150001789.0,162.0,12.727922061357855,0
150001790.0,161.0,12.68857754044952,0
150001791.0,194.0,13.92838827718412,0
150001792.0,178.0,13.341664064126334,0
150001793.0,166.0,12.884098726725126,0
150001794.0,175.0,13.228756555322953,0
150001795.0,170.0,13.038404810405298,0
150001796.0,168.0,12.96148139681572,0
150001797.0,194.0,13.92838827718412,0
150001798.0,166.0,12.884098726725126,0
150001799.0,186.0,13.638181696985855,0
150001800.0,192.0,13.856406460551018,0
150001801.0,190.0,13.784048752090222,0
150001802.0,187.0,13.674794331177344,0
150001803.0,189.0,13.74772708486752,0
150001804.0,178.0,13.341664064126334,0
150001805.0,180.0,13.416407864998739,0
150001806.0,176.0,13.2664991614216,0
150001807.0,189.0,13.74772708486752,0
150001808.0,190.0,13.784048752090222,0
150001809.0,228.0,15.0996688705415,0
150001810.0,188.0,13.711309200802088,0
150001811.0,152.0,12.328828005937952,0
150001812.0,177.0,13.30413469565007,0
150001813.0,185.0,13.601470508735444,0
150001814.0,186.0,13.638181696985855,0
150001815.0,179.0,13.379088160259652,0
150001816.0,190.0,13.784048752090222,0
150001817.0,193.0,13.892443989449804,0
150001818.0,163.0,12.767145334803704,0
150001819.0,175.0,13.228756555322953,0
150001820.0,170.0,13.038404810405298,0
150001821.0,193.0,13.892443989449804,0
150001822.0,221.0,14.866068747318506,0
150001823.0,173.0,13.152946437965905,0
150001824.0,194.0,13.92838827718412,0
150001825.0,181.0,13.45362404707371,0
150001826.0,194.0,13.92838827718412,0
150001827.0,165.0,12.84523257866513,0
150001828.0,171.0,13.076696830622021,0
150001829.0,173.0,13.152946437965905,0
150001830.0,185.0,13.601470508735444,0
150001831.0,195.0,13.96424004376894,0
150001832.0,207.0,14.38749456993816,0
150001833.0,165.0,12.84523257866513,0
150001834.0,154.0,12.409673645990857,0
150001835.0,197.0,14.035668847618199,0
150001836.0,171.0,13.076696830622021,0
150001837.0,191.0,13.820274961085254,0
150001838.0,176.0,13.2664991614216,0
150001839.0,185.0,13.601470508735444,0
150001840.0,198.0,14.071247279470288,0
150001841.0,180.0,13.416407864998739,0
150001842.0,169.0,13.0,0
150001843.0,209.0,14.45683229480096,0
150001844.0,196.0,14.0,0
150001845.0,199.0,14.106735979665885,0
150001846.0,186.0,13.638181696985855,0
150001847.0,167.0,12.922847983320086,0
150001848.0,157.0,12.529964086141668,0
150001849.0,153.0,12.36931687685298,0
150001850.0,155.0,12.449899597988733,0
150001851.0,194.0,13.92838827718412,0
150001852.0,180.0,13.416407864998739,0
150001853.0,159.0,12.609520212918492,0
150001854.0,185.0,13.601470508735444,0
150001855.0,176.0,13.2664991614216,0
150001856.0,164.0,12.806248474865697,0
150001857.0,194.0,13.92838827718412,0
150001858.0,197.0,14.035668847618199,0
150001859.0,211.0,14.52583904633395,0
150001860.0,179.0,13.379088160259652,0
150001861.0,170.0,13.038404810405298,0
150001862.0,191.0,13.820274961085254,0
150001863.0,174.0,13.19090595827292,0
150001864.0,162.0,12.727922061357855,0
150001865.0,170.0,13.038404810405298,0
150001866.0,182.0,13.490737563232042,0
150001867.0,180.0,13.416407864998739,0
150001868.0,182.0,13.490737563232042,0
150001869.0,193.0,13.892443989449804,0
150001870.0,168.0,12.96148139681572,0
150001871.0,169.0,13.0,0
150001872.0,169.0,13.0,0
150001873.0,180.0,13.416407864998739,0
150001874.0,166.0,12.884098726725126,0
150001875.0,175.0,13.228756555322953,0
150001876.0,171.0,13.076696830622021,0
150001877.0,160.0,12.649110640673518,0
150001878.0,162.0,12.727922061357855,0
150001879.0,186.0,13.638181696985855,0
150001880.0,175.0,13.228756555322953,0
150001881.0,196.0,14.0,0
150001882.0,197.0,14.035668847618199,0
150001883.0,168.0,12.96148139681572,0
150001884.0,185.0,13.601470508735444,0
150001885.0,167.0,12.922847983320086,0
150001886.0,183.0,13.527749258468683,0
150001887.0,164.0,12.806248474865697,0
150001888.0,183.0,13.527749258468683,0
150001889.0,177.0,13.30413469565007,0
150001890.0,162.0,12.727922061357855,0
150001891.0,167.0,12.922847983320086,0
150001892.0,164.0,12.806248474865697,0
150001893.0,196.0,14.0,0
150001894.0,181.0,13.45362404707371,0
150001895.0,186.0,13.638181696985855,0
150001896.0,172.0,13.114877048604,0
150001897.0,144.0,12.0,0
150001898.0,192.0,13.856406460551018,0
150001899.0,152.0,12.328828005937952,0
150001900.0,168.0,12.96148139681572,0
150001901.0,175.0,13.228756555322953,0
150001902.0,186.0,13.638181696985855,0
150001903.0,178.0,13.341664064126334,0
150001904.0,158.0,12.569805089976535,0
150001905.0,171.0,13.076696830622021,0
150001906.0,160.0,12.649110640673518,0
150001907.0,162.0,12.727922061357855,0
150001908.0,192.0,13.856406460551018,0
150001909.0,177.0,13.30413469565007,0
150001910.0,176.0,13.2664991614216,0
150001911.0,175.0,13.228756555322953,0
150001912.0,172.0,13.114877048604,0
150001913.0,186.0,13.638181696985855,0
150001914.0,194.0,13.92838827718412,0
150001915.0,180.0,13.416407864998739,0
150001916.0,164.0,12.806248474865697,0
150001917.0,174.0,13.19090595827292,0
150001918.0,165.0,12.84523257866513,0
150001919.0,172.0,13.114877048604,0
150001920.0,191.0,13.820274961085254,0
150001921.0,180.0,13.416407864998739,0
150001922.0,167.0,12.922847983320086,0
150001923.0,170.0,13.038404810405298,0
150001924.0,187.0,13.674794331177344,0
150001925.0,174.0,13.19090595827292,0
150001926.0,188.0,13.711309200802088,0
150001927.0,158.0,12.569805089976535,0
150001928.0,171.0,13.076696830622021,0
150001929.0,181.0,13.45362404707371,0
150001930.0,152.0,12.328828005937952,0
150001931.0,184.0,13.564659966250536,0
150001932.0,180.0,13.416407864998739,0
150001933.0,185.0,13.601470508735444,0
150001934.0,161.0,12.68857754044952,0
150001935.0,182.0,13.490737563232042,0
150001936.0,180.0,13.416407864998739,0
150001937.0,175.0,13.228756555322953,0
150001938.0,180.0,13.416407864998739,0
150001939.0,158.0,12.569805089976535,0
150001940.0,141.0,11.874342087037917,0
150001941.0,166.0,12.884098726725126,0
150001942.0,183.0,13.527749258468683,0
150001943.0,147.0,12.12435565298214,0
150001944.0,163.0,12.767145334803704,0
150001945.0,184.0,13.564659966250536,0
150001946.0,162.0,12.727922061357855,0
150001947.0,158.0,12.569805089976535,0
150001948.0,184.0,13.564659966250536,0
150001949.0,172.0,13.114877048604,0
150001950.0,162.0,12.727922061357855,0
150001951.0,158.0,12.569805089976535,0
150001952.0,187.0,13.674794331177344,0
150001953.0,188.0,13.711309200802088,0
150001954.0,171.0,13.076696830622021,0
150001955.0,176.0,13.2664991614216,0
150001956.0,177.0,13.30413469565007,0
150001957.0,177.0,13.30413469565007,0
150001958.0,176.0,13.2664991614216,0
150001959.0,165.0,12.84523257866513,0
150001960.0,183.0,13.527749258468683,0
150001961.0,171.0,13.076696830622021,0
150001962.0,169.0,13.0,0
150001963.0,183.0,13.527749258468683,0
150001964.0,179.0,13.379088160259652,0
150001965.0,190.0,13.784048752090222,0
150001966.0,187.0,13.674794331177344,0
150001967.0,173.0,13.152946437965905,0
150001968.0,166.0,12.884098726725126,0
150001969.0,154.0,12.409673645990857,0
150001970.0,164.0,12.806248474865697,0
150001971.0,174.0,13.19090595827292,0
150001972.0,151.0,12.288205727444508,0
150001973.0,188.0,13.711309200802088,0
150001974.0,157.0,12.529964086141668,0
150001975.0,166.0,12.884098726725126,0
150001976.0,166.0,12.884098726725126,0
150001977.0,180.0,13.416407864998739,0
150001978.0,164.0,12.806248474865697,0
150001979.0,157.0,12.529964086141668,0
150001980.0,160.0,12.649110640673518,0
150001981.0,166.0,12.884098726725126,0
150001982.0,191.0,13.820274961085254,0
150001983.0,162.0,12.727922061357855,0
150001984.0,185.0,13.601470508735444,0
150001985.0,157.0,12.529964086141668,0
150001986.0,169.0,13.0,0
150001987.0,187.0,13.674794331177344,0
150001988.0,172.0,13.114877048604,0
150001989.0,179.0,13.379088160259652,0
150001990.0,170.0,13.038404810405298,0
150001991.0,178.0,13.341664064126334,0
150001992.0,187.0,13.674794331177344,0
150001993.0,189.0,13.74772708486752,0
150001994.0,156.0,12.489995996796797,0
150001995.0,139.0,11.789826122551595,0
150001996.0,177.0,13.30413469565007,0
150001997.0,155.0,12.449899597988733,0
150001998.0,150.0,12.24744871391589,0
150001999.0,199.0,14.106735979665885,0
150002000.0,181.0,13.45362404707371,0
150002001.0,160.0,12.649110640673518,0
150002002.0,189.0,13.74772708486752,0
150002003.0,169.0,13.0,0
150002004.0,181.0,13.45362404707371,0
150002005.0,165.0,12.84523257866513,0
150002006.0,168.0,12.96148139681572,0
150002007.0,171.0,13.076696830622021,0
150002008.0,166.0,12.884098726725126,0
150002009.0,156.0,12.489995996796797,0
150002010.0,146.0,12.083045973594572,0
150002011.0,155.0,12.449899597988733,0
150002012.0,181.0,13.45362404707371,0
150002013.0,171.0,13.076696830622021,0
150002014.0,170.0,13.038404810405298,0
150002015.0,168.0,12.96148139681572,0
150002016.0,170.0,13.038404810405298,0
150002017.0,169.0,13.0,0
150002018.0,165.0,12.84523257866513,0
150002019.0,147.0,12.12435565298214,0
150002020.0,181.0,13.45362404707371,0
150002021.0,176.0,13.2664991614216,0
150002022.0,162.0,12.727922061357855,0
150002023.0,166.0,12.884098726725126,0
150002024.0,193.0,13.892443989449804,0
150002025.0,175.0,13.228756555322953,0
150002026.0,150.0,12.24744871391589,0
150002027.0,162.0,12.727922061357855,0
150002028.0,182.0,13.490737563232042,0
150002029.0,151.0,12.288205727444508,0
150002030.0,171.0,13.076696830622021,0
150002031.0,186.0,13.638181696985855,0
150002032.0,154.0,12.409673645990857,0
150002033.0,162.0,12.727922061357855,0
150002034.0,194.0,13.92838827718412,0
150002035.0,173.0,13.152946437965905,0
150002036.0,190.0,13.784048752090222,0
150002037.0,167.0,12.922847983320086,0
150002038.0,175.0,13.228756555322953,0
150002039.0,157.0,12.529964086141668,0
150002040.0,176.0,13.2664991614216,0
150002041.0,164.0,12.806248474865697,0
150002042.0,166.0,12.884098726725126,0
150002043.0,193.0,13.892443989449804,0
150002044.0,163.0,12.767145334803704,0
150002045.0,152.0,12.328828005937952,0
150002046.0,171.0,13.076696830622021,0
150002047.0,162.0,12.727922061357855,0
150002048.0,161.0,12.68857754044952,0
150002049.0,185.0,13.601470508735444,0
150002050.0,164.0,12.806248474865697,0
150002051.0,140.0,11.832159566199232,0
150002052.0,181.0,13.45362404707371,0
150002053.0,165.0,12.84523257866513,0
150002054.0,168.0,12.96148139681572,0
150002055.0,167.0,12.922847983320086,0
150002056.0,168.0,12.96148139681572,0
150002057.0,164.0,12.806248474865697,0
150002058.0,154.0,12.409673645990857,0
150002059.0,170.0,13.038404810405298,0
150002060.0,179.0,13.379088160259652,0
150002061.0,174.0,13.19090595827292,0
150002062.0,165.0,12.84523257866513,0
150002063.0,154.0,12.409673645990857,0
150002064.0,174.0,13.19090595827292,0
150002065.0,176.0,13.2664991614216,0
150002066.0,161.0,12.68857754044952,0
150002067.0,142.0,11.916375287812984,0
150002068.0,153.0,12.36931687685298,0
150002069.0,185.0,13.601470508735444,0
150002070.0,162.0,12.727922061357855,0
150002071.0,168.0,12.96148139681572,0
150002072.0,157.0,12.529964086141668,0
150002073.0,150.0,12.24744871391589,0
150002074.0,156.0,12.489995996796797,0
150002075.0,180.0,13.416407864998739,0
150002076.0,167.0,12.922847983320086,0
150002077.0,170.0,13.038404810405298,0
150002078.0,162.0,12.727922061357855,0
150002079.0,179.0,13.379088160259652,0
150002080.0,160.0,12.649110640673518,0
150002081.0,165.0,12.84523257866513,0
150002082.0,168.0,12.96148139681572,0
150002083.0,177.0,13.30413469565007,0
150002084.0,173.0,13.152946437965905,0
150002085.0,157.0,12.529964086141668,0
150002086.0,164.0,12.806248474865697,0
150002087.0,155.0,12.449899597988733,0
150002088.0,171.0,13.076696830622021,0
150002089.0,184.0,13.564659966250536,0
150002090.0,151.0,12.288205727444508,0
150002091.0,155.0,12.449899597988733,0
150002092.0,165.0,12.84523257866513,0
150002093.0,176.0,13.2664991614216,0
150002094.0,158.0,12.569805089976535,0
150002095.0,183.0,13.527749258468683,0
150002096.0,165.0,12.84523257866513,0
150002097.0,154.0,12.409673645990857,0
150002098.0,175.0,13.228756555322953,0
150002099.0,184.0,13.564659966250536,0
150002100.0,176.0,13.2664991614216,0
150002101.0,151.0,12.288205727444508,0
150002102.0,165.0,12.84523257866513,0
150002103.0,162.0,12.727922061357855,0
150002104.0,176.0,13.2664991614216,0
150002105.0,188.0,13.711309200802088,0
150002106.0,164.0,12.806248474865697,0
150002107.0,160.0,12.649110640673518,0
150002108.0,165.0,12.84523257866513,0
150002109.0,154.0,12.409673645990857,0
150002110.0,178.0,13.341664064126334,0
150002111.0,177.0,13.30413469565007,0
150002112.0,181.0,13.45362404707371,0
150002113.0,171.0,13.076696830622021,0
150002114.0,165.0,12.84523257866513,0
150002115.0,170.0,13.038404810405298,0
150002116.0,181.0,13.45362404707371,0
150002117.0,171.0,13.076696830622021,0
150002118.0,172.0,13.114877048604,0
150002119.0,172.0,13.114877048604,0
150002120.0,155.0,12.449899597988733,0
150002121.0,158.0,12.569805089976535,0
150002122.0,181.0,13.45362404707371,0
150002123.0,162.0,12.727922061357855,0
150002124.0,152.0,12.328828005937952,0
150002125.0,166.0,12.884098726725126,0
150002126.0,160.0,12.649110640673518,0
150002127.0,161.0,12.68857754044952,0
150002128.0,172.0,13.114877048604,0
150002129.0,159.0,12.609520212918492,0
150002130.0,171.0,13.076696830622021,0
150002131.0,165.0,12.84523257866513,0
150002132.0,187.0,13.674794331177344,0
150002133.0,157.0,12.529964086141668,0
150002134.0,162.0,12.727922061357855,0
150002135.0,170.0,13.038404810405298,0
150002136.0,189.0,13.74772708486752,0
150002137.0,174.0,13.19090595827292,0
150002138.0,169.0,13.0,0
150002139.0,152.0,12.328828005937952,0
150002140.0,162.0,12.727922061357855,0
150002141.0,155.0,12.449899597988733,0
150002142.0,177.0,13.30413469565007,0
150002143.0,137.0,11.704699910719626,0
150002144.0,179.0,13.379088160259652,0
150002145.0,173.0,13.152946437965905,0
150002146.0,154.0,12.409673645990857,0
150002147.0,154.0,12.409673645990857,0
150002148.0,154.0,12.409673645990857,0
150002149.0,166.0,12.884098726725126,0
150002150.0,171.0,13.076696830622021,0
150002151.0,190.0,13.784048752090222,0
150002152.0,183.0,13.527749258468683,0
150002153.0,172.0,13.114877048604,0
150002154.0,164.0,12.806248474865697,0
150002155.0,170.0,13.038404810405298,0
150002156.0,136.0,11.661903789690601,0
150002157.0,171.0,13.076696830622021,0
150002158.0,183.0,13.527749258468683,0
150002159.0,185.0,13.601470508735444,0
150002160.0,156.0,12.489995996796797,0
150002161.0,161.0,12.68857754044952,0
150002162.0,156.0,12.489995996796797,0
150002163.0,156.0,12.489995996796797,0
150002164.0,170.0,13.038404810405298,0
150002165.0,181.0,13.45362404707371,0
150002166.0,170.0,13.038404810405298,0
150002167.0,170.0,13.038404810405298,0
150002168.0,157.0,12.529964086141668,0
150002169.0,160.0,12.649110640673518,0
150002170.0,191.0,13.820274961085254,0
150002171.0,170.0,13.038404810405298,0
150002172.0,158.0,12.569805089976535,0
150002173.0,156.0,12.489995996796797,0
150002174.0,164.0,12.806248474865697,0
150002175.0,164.0,12.806248474865697,0
150002176.0,160.0,12.649110640673518,0
150002177.0,154.0,12.409673645990857,0
150002178.0,165.0,12.84523257866513,0
150002179.0,190.0,13.784048752090222,0
150002180.0,178.0,13.341664064126334,0
150002181.0,193.0,13.892443989449804,0
150002182.0,162.0,12.727922061357855,0
150002183.0,162.0,12.727922061357855,0
150002184.0,173.0,13.152946437965905,0
150002185.0,179.0,13.379088160259652,0
150002186.0,167.0,12.922847983320086,0
150002187.0,180.0,13.416407864998739,0
150002188.0,153.0,12.36931687685298,0
150002189.0,164.0,12.806248474865697,0
150002190.0,150.0,12.24744871391589,0
150002191.0,171.0,13.076696830622021,0
150002192.0,142.0,11.916375287812984,0
150002193.0,174.0,13.19090595827292,0
150002194.0,165.0,12.84523257866513,0
150002195.0,168.0,12.96148139681572,0
150002196.0,164.0,12.806248474865697,0
150002197.0,157.0,12.529964086141668,0
150002198.0,155.0,12.449899597988733,0
150002199.0,182.0,13.490737563232042,0
150002200.0,137.0,11.704699910719626,0
150002201.0,154.0,12.409673645990857,0
150002202.0,172.0,13.114877048604,0
150002203.0,160.0,12.649110640673518,0
150002204.0,158.0,12.569805089976535,0
150002205.0,189.0,13.74772708486752,0
150002206.0,183.0,13.527749258468683,0
150002207.0,170.0,13.038404810405298,0
150002208.0,166.0,12.884098726725126,0
150002209.0,140.0,11.832159566199232,0
150002210.0,159.0,12.609520212918492,0
150002211.0,165.0,12.84523257866513,0
150002212.0,148.0,12.165525060596439,0
150002213.0,171.0,13.076696830622021,0
150002214.0,160.0,12.649110640673518,0
150002215.0,149.0,12.206555615733702,0
150002216.0,173.0,13.152946437965905,0
150002217.0,181.0,13.45362404707371,0
150002218.0,151.0,12.288205727444508,0
150002219.0,154.0,12.409673645990857,0
150002220.0,165.0,12.84523257866513,0
150002221.0,172.0,13.114877048604,0
150002222.0,184.0,13.564659966250536,0
150002223.0,171.0,13.076696830622021,0
150002224.0,149.0,12.206555615733702,0
150002225.0,166.0,12.884098726725126,0
150002226.0,177.0,13.30413469565007,0
150002227.0,158.0,12.569805089976535,0
150002228.0,154.0,12.409673645990857,0
150002229.0,153.0,12.36931687685298,0
150002230.0,143.0,11.958260743101398,0
150002231.0,163.0,12.767145334803704,0
150002232.0,161.0,12.68857754044952,0
150002233.0,159.0,12.609520212918492,0
150002234.0,158.0,12.569805089976535,0
150002235.0,145.0,12.041594578792296,0
150002236.0,144.0,12.0,0
150002237.0,163.0,12.767145334803704,0
150002238.0,151.0,12.288205727444508,0
150002239.0,151.0,12.288205727444508,0
150002240.0,162.0,12.727922061357855,0
150002241.0,172.0,13.114877048604,0
150002242.0,152.0,12.328828005937952,0
150002243.0,162.0,12.727922061357855,0
150002244.0,150.0,12.24744871391589,0
150002245.0,157.0,12.529964086141668,0
150002246.0,164.0,12.806248474865697,0
150002247.0,168.0,12.96148139681572,0
150002248.0,147.0,12.12435565298214,0
150002249.0,164.0,12.806248474865697,0
150002250.0,156.0,12.489995996796797,0
150002251.0,168.0,12.96148139681572,0
150002252.0,164.0,12.806248474865697,0
150002253.0,169.0,13.0,0
150002254.0,150.0,12.24744871391589,0
150002255.0,159.0,12.609520212918492,0
150002256.0,159.0,12.609520212918492,0
150002257.0,186.0,13.638181696985855,0
150002258.0,178.0,13.341664064126334,0
150002259.0,160.0,12.649110640673518,0
150002260.0,168.0,12.96148139681572,0
150002261.0,152.0,12.328828005937952,0
150002262.0,198.0,14.071247279470288,0
150002263.0,154.0,12.409673645990857,0
150002264.0,176.0,13.2664991614216,0
150002265.0,156.0,12.489995996796797,0
150002266.0,158.0,12.569805089976535,0
150002267.0,181.0,13.45362404707371,0
150002268.0,174.0,13.19090595827292,0
150002269.0,156.0,12.489995996796797,0
150002270.0,167.0,12.922847983320086,0
150002271.0,172.0,13.114877048604,0
150002272.0,154.0,12.409673645990857,0
150002273.0,163.0,12.767145334803704,0
150002274.0,158.0,12.569805089976535,0
150002275.0,158.0,12.569805089976535,0
150002276.0,162.0,12.727922061357855,0
150002277.0,143.0,11.958260743101398,0
150002278.0,180.0,13.416407864998739,0
150002279.0,151.0,12.288205727444508,0
150002280.0,167.0,12.922847983320086,0
150002281.0,162.0,12.727922061357855,0
150002282.0,174.0,13.19090595827292,0
150002283.0,156.0,12.489995996796797,0
150002284.0,161.0,12.68857754044952,0
150002285.0,171.0,13.076696830622021,0
150002286.0,179.0,13.379088160259652,0
150002287.0,158.0,12.569805089976535,0
150002288.0,180.0,13.416407864998739,0
150002289.0,157.0,12.529964086141668,0
150002290.0,175.0,13.228756555322953,0
150002291.0,171.0,13.076696830622021,0
150002292.0,185.0,13.601470508735444,0
150002293.0,172.0,13.114877048604,0
150002294.0,168.0,12.96148139681572,0
150002295.0,159.0,12.609520212918492,0
150002296.0,169.0,13.0,0
150002297.0,148.0,12.165525060596439,0
150002298.0,163.0,12.767145334803704,0
150002299.0,177.0,13.30413469565007,0
150002300.0,170.0,13.038404810405298,0
150002301.0,157.0,12.529964086141668,0
150002302.0,156.0,12.489995996796797,0
150002303.0,152.0,12.328828005937952,0
150002304.0,178.0,13.341664064126334,0
150002305.0,154.0,12.409673645990857,0
150002306.0,142.0,11.916375287812984,0
150002307.0,163.0,12.767145334803704,0
150002308.0,166.0,12.884098726725126,0
150002309.0,163.0,12.767145334803704,0
150002310.0,156.0,12.489995996796797,0
150002311.0,171.0,13.076696830622021,0
150002312.0,172.0,13.114877048604,0
150002313.0,162.0,12.727922061357855,0
150002314.0,165.0,12.84523257866513,0
150002315.0,160.0,12.649110640673518,0
150002316.0,153.0,12.36931687685298,0
150002317.0,156.0,12.489995996796797,0
150002318.0,157.0,12.529964086141668,0
150002319.0,173.0,13.152946437965905,0
150002320.0,148.0,12.165525060596439,0
150002321.0,162.0,12.727922061357855,0
150002322.0,178.0,13.341664064126334,0
150002323.0,190.0,13.784048752090222,0
150002324.0,187.0,13.674794331177344,0
150002325.0,158.0,12.569805089976535,0
150002326.0,171.0,13.076696830622021,0
150002327.0,172.0,13.114877048604,0
150002328.0,178.0,13.341664064126334,0
150002329.0,192.0,13.856406460551018,0
150002330.0,148.0,12.165525060596439,0
150002331.0,180.0,13.416407864998739,0
150002332.0,200.0,14.142135623730951,0
150002333.0,178.0,13.341664064126334,0
150002334.0,165.0,12.84523257866513,0
150002335.0,174.0,13.19090595827292,0
150002336.0,187.0,13.674794331177344,0
150002337.0,151.0,12.288205727444508,0
150002338.0,151.0,12.288205727444508,0
150002339.0,170.0,13.038404810405298,0
150002340.0,148.0,12.165525060596439,0
150002341.0,175.0,13.228756555322953,0
150002342.0,164.0,12.806248474865697,0
150002343.0,169.0,13.0,0
150002344.0,190.0,13.784048752090222,0
150002345.0,171.0,13.076696830622021,0
150002346.0,152.0,12.328828005937952,0
150002347.0,120.0,10.954451150103322,0
150002348.0,161.0,12.68857754044952,0
150002349.0,182.0,13.490737563232042,0
150002350.0,162.0,12.727922061357855,0
150002351.0,158.0,12.569805089976535,0
150002352.0,153.0,12.36931687685298,0
150002353.0,181.0,13.45362404707371,0
150002354.0,199.0,14.106735979665885,0
150002355.0,150.0,12.24744871391589,0
150002356.0,146.0,12.083045973594572,0
150002357.0,180.0,13.416407864998739,0
150002358.0,150.0,12.24744871391589,0
150002359.0,176.0,13.2664991614216,0
150002360.0,144.0,12.0,0
150002361.0,163.0,12.767145334803704,0
150002362.0,152.0,12.328828005937952,0
150002363.0,149.0,12.206555615733702,0
150002364.0,162.0,12.727922061357855,0
150002365.0,162.0,12.727922061357855,0
150002366.0,156.0,12.489995996796797,0
150002367.0,156.0,12.489995996796797,0
150002368.0,157.0,12.529964086141668,0
150002369.0,164.0,12.806248474865697,0
150002370.0,178.0,13.341664064126334,0
150002371.0,155.0,12.449899597988733,0
150002372.0,159.0,12.609520212918492,0
150002373.0,167.0,12.922847983320086,0
150002374.0,167.0,12.922847983320086,0
150002375.0,170.0,13.038404810405298,0
150002376.0,156.0,12.489995996796797,0
150002377.0,160.0,12.649110640673518,0
150002378.0,171.0,13.076696830622021,0
150002379.0,157.0,12.529964086141668,0
150002380.0,170.0,13.038404810405298,0
150002381.0,187.0,13.674794331177344,0
150002382.0,144.0,12.0,0
150002383.0,189.0,13.74772708486752,0
150002384.0,169.0,13.0,0
150002385.0,148.0,12.165525060596439,0
150002386.0,165.0,12.84523257866513,0
150002387.0,156.0,12.489995996796797,0
150002388.0,181.0,13.45362404707371,0
150002389.0,171.0,13.076696830622021,0
150002390.0,157.0,12.529964086141668,0
150002391.0,168.0,12.96148139681572,0
150002392.0,163.0,12.767145334803704,0
150002393.0,162.0,12.727922061357855,0
150002394.0,167.0,12.922847983320086,0
150002395.0,168.0,12.96148139681572,0
150002396.0,186.0,13.638181696985855,0
150002397.0,166.0,12.884098726725126,0
150002398.0,166.0,12.884098726725126,0
150002399.0,182.0,13.490737563232042,0
150002400.0,167.0,12.922847983320086,0
150002401.0,137.0,11.704699910719626,0
150002402.0,161.0,12.68857754044952,0
150002403.0,155.0,12.449899597988733,0
150002404.0,170.0,13.038404810405298,0
150002405.0,164.0,12.806248474865697,0
150002406.0,167.0,12.922847983320086,0
150002407.0,163.0,12.767145334803704,0
150002408.0,168.0,12.96148139681572,0
150002409.0,172.0,13.114877048604,0
150002410.0,137.0,11.704699910719626,0
150002411.0,161.0,12.68857754044952,0
150002412.0,161.0,12.68857754044952,0
150002413.0,145.0,12.041594578792296,0
150002414.0,155.0,12.449899597988733,0
150002415.0,133.0,11.532562594670797,0
150002416.0,159.0,12.609520212918492,0
150002417.0,174.0,13.19090595827292,0
150002418.0,167.0,12.922847983320086,0
150002419.0,167.0,12.922847983320086,0
150002420.0,160.0,12.649110640673518,0
150002421.0,183.0,13.527749258468683,0
150002422.0,166.0,12.884098726725126,0
150002423.0,155.0,12.449899597988733,0
150002424.0,184.0,13.564659966250536,0
150002425.0,146.0,12.083045973594572,0
150002426.0,161.0,12.68857754044952,0
150002427.0,164.0,12.806248474865697,0
150002428.0,152.0,12.328828005937952,0
150002429.0,153.0,12.36931687685298,0
150002430.0,170.0,13.038404810405298,0
150002431.0,167.0,12.922847983320086,0
150002432.0,158.0,12.569805089976535,0
150002433.0,163.0,12.767145334803704,0
150002434.0,149.0,12.206555615733702,0
150002435.0,173.0,13.152946437965905,0
150002436.0,179.0,13.379088160259652,0
150002437.0,149.0,12.206555615733702,0
150002438.0,162.0,12.727922061357855,0
150002439.0,139.0,11.789826122551595,0
150002440.0,174.0,13.19090595827292,0
150002441.0,164.0,12.806248474865697,0
150002442.0,165.0,12.84523257866513,0
150002443.0,172.0,13.114877048604,0
150002444.0,178.0,13.341664064126334,0
150002445.0,176.0,13.2664991614216,0
150002446.0,138.0,11.74734012447073,0
150002447.0,164.0,12.806248474865697,0
150002448.0,183.0,13.527749258468683,0
150002449.0,137.0,11.704699910719626,0
150002450.0,173.0,13.152946437965905,0
150002451.0,144.0,12.0,0
150002452.0,143.0,11.958260743101398,0
150002453.0,174.0,13.19090595827292,0
150002454.0,139.0,11.789826122551595,0
150002455.0,168.0,12.96148139681572,0
150002456.0,183.0,13.527749258468683,0
150002457.0,154.0,12.409673645990857,0
150002458.0,169.0,13.0,0
150002459.0,167.0,12.922847983320086,0
150002460.0,185.0,13.601470508735444,0
150002461.0,171.0,13.076696830622021,0
150002462.0,169.0,13.0,0
150002463.0,173.0,13.152946437965905,0
150002464.0,141.0,11.874342087037917,0
150002465.0,147.0,12.12435565298214,0
150002466.0,152.0,12.328828005937952,0
150002467.0,163.0,12.767145334803704,0
150002468.0,157.0,12.529964086141668,0
150002469.0,157.0,12.529964086141668,0
150002470.0,152.0,12.328828005937952,0
150002471.0,151.0,12.288205727444508,0
150002472.0,170.0,13.038404810405298,0
150002473.0,171.0,13.076696830622021,0
150002474.0,161.0,12.68857754044952,0
150002475.0,153.0,12.36931687685298,0
150002476.0,181.0,13.45362404707371,0
150002477.0,175.0,13.228756555322953,0
150002478.0,176.0,13.2664991614216,0
150002479.0,146.0,12.083045973594572,0
150002480.0,173.0,13.152946437965905,0
150002481.0,163.0,12.767145334803704,0
150002482.0,168.0,12.96148139681572,0
150002483.0,159.0,12.609520212918492,0
150002484.0,173.0,13.152946437965905,0
150002485.0,163.0,12.767145334803704,0
150002486.0,170.0,13.038404810405298,0
150002487.0,137.0,11.704699910719626,0
150002488.0,164.0,12.806248474865697,0
150002489.0,170.0,13.038404810405298,0
150002490.0,163.0,12.767145334803704,0
150002491.0,155.0,12.449899597988733,0
150002492.0,157.0,12.529964086141668,0
150002493.0,170.0,13.038404810405298,0
150002494.0,171.0,13.076696830622021,0
150002495.0,157.0,12.529964086141668,0
150002496.0,169.0,13.0,0
150002497.0,164.0,12.806248474865697,0
150002498.0,169.0,13.0,0
150002499.0,156.0,12.489995996796797,0
150002500.0,166.0,12.884098726725126,0
150002501.0,179.0,13.379088160259652,0
150002502.0,161.0,12.68857754044952,0
150002503.0,158.0,12.569805089976535,0
150002504.0,154.0,12.409673645990857,0
150002505.0,162.0,12.727922061357855,0
150002506.0,189.0,13.74772708486752,0
150002507.0,143.0,11.958260743101398,0
150002508.0,165.0,12.84523257866513,0
150002509.0,164.0,12.806248474865697,0
150002510.0,167.0,12.922847983320086,0
150002511.0,169.0,13.0,0
150002512.0,169.0,13.0,0
150002513.0,176.0,13.2664991614216,0
150002514.0,145.0,12.041594578792296,0
150002515.0,168.0,12.96148139681572,0
150002516.0,145.0,12.041594578792296,0
150002517.0,148.0,12.165525060596439,0
150002518.0,167.0,12.922847983320086,0
150002519.0,171.0,13.076696830622021,0
150002520.0,155.0,12.449899597988733,0
150002521.0,162.0,12.727922061357855,0
150002522.0,154.0,12.409673645990857,0
150002523.0,179.0,13.379088160259652,0
150002524.0,164.0,12.806248474865697,0
150002525.0,144.0,12.0,0
150002526.0,163.0,12.767145334803704,0
150002527.0,176.0,13.2664991614216,0
150002528.0,147.0,12.12435565298214,0
150002529.0,163.0,12.767145334803704,0
150002530.0,167.0,12.922847983320086,0
150002531.0,154.0,12.409673645990857,0
150002532.0,195.0,13.96424004376894,0
150002533.0,163.0,12.767145334803704,0
150002534.0,153.0,12.36931687685298,0
150002535.0,174.0,13.19090595827292,0
150002536.0,178.0,13.341664064126334,0
150002537.0,162.0,12.727922061357855,0
150002538.0,174.0,13.19090595827292,0
150002539.0,164.0,12.806248474865697,0
150002540.0,176.0,13.2664991614216,0
150002541.0,179.0,13.379088160259652,0
150002542.0,155.0,12.449899597988733,0
150002543.0,153.0,12.36931687685298,0
150002544.0,152.0,12.328828005937952,0
150002545.0,168.0,12.96148139681572,0
150002546.0,170.0,13.038404810405298,0
150002547.0,149.0,12.206555615733702,0
150002548.0,129.0,11.357816691600547,0
150002549.0,135.0,11.61895003862225,0
150002550.0,159.0,12.609520212918492,0
150002551.0,157.0,12.529964086141668,0
150002552.0,161.0,12.68857754044952,0
150002553.0,159.0,12.609520212918492,0
150002554.0,164.0,12.806248474865697,0
150002555.0,168.0,12.96148139681572,0
150002556.0,163.0,12.767145334803704,0
150002557.0,169.0,13.0,0
150002558.0,173.0,13.152946437965905,0
150002559.0,166.0,12.884098726725126,0
150002560.0,158.0,12.569805089976535,0
150002561.0,200.0,14.142135623730951,0
150002562.0,172.0,13.114877048604,0
150002563.0,147.0,12.12435565298214,0
150002564.0,163.0,12.767145334803704,0
150002565.0,175.0,13.228756555322953,0
150002566.0,168.0,12.96148139681572,0
150002567.0,131.0,11.445523142259598,0
150002568.0,190.0,13.784048752090222,0
150002569.0,143.0,11.958260743101398,0
150002570.0,164.0,12.806248474865697,0
150002571.0,165.0,12.84523257866513,0
150002572.0,178.0,13.341664064126334,0
150002573.0,160.0,12.649110640673518,0
150002574.0,165.0,12.84523257866513,0
150002575.0,136.0,11.661903789690601,0
150002576.0,167.0,12.922847983320086,0
150002577.0,173.0,13.152946437965905,0
150002578.0,172.0,13.114877048604,0
150002579.0,144.0,12.0,0
150002580.0,148.0,12.165525060596439,0
150002581.0,145.0,12.041594578792296,0
150002582.0,147.0,12.12435565298214,0
150002583.0,184.0,13.564659966250536,0
150002584.0,159.0,12.609520212918492,0
150002585.0,146.0,12.083045973594572,0
150002586.0,183.0,13.527749258468683,0
150002587.0,150.0,12.24744871391589,0
150002588.0,160.0,12.649110640673518,0
150002589.0,164.0,12.806248474865697,0
150002590.0,158.0,12.569805089976535,0
150002591.0,153.0,12.36931687685298,0
150002592.0,159.0,12.609520212918492,0
150002593.0,177.0,13.30413469565007,0
150002594.0,120.0,10.954451150103322,0
150002595.0,145.0,12.041594578792296,0
150002596.0,166.0,12.884098726725126,0
150002597.0,147.0,12.12435565298214,0
150002598.0,155.0,12.449899597988733,0
150002599.0,161.0,12.68857754044952,0
150002600.0,153.0,12.36931687685298,0
150002601.0,183.0,13.527749258468683,0
150002602.0,174.0,13.19090595827292,0
150002603.0,166.0,12.884098726725126,0
150002604.0,140.0,11.832159566199232,0
150002605.0,150.0,12.24744871391589,0
150002606.0,165.0,12.84523257866513,0
150002607.0,142.0,11.916375287812984,0
150002608.0,161.0,12.68857754044952,0
150002609.0,156.0,12.489995996796797,0
150002610.0,137.0,11.704699910719626,0
150002611.0,166.0,12.884098726725126,0
150002612.0,137.0,11.704699910719626,0
150002613.0,167.0,12.922847983320086,0
150002614.0,163.0,12.767145334803704,0
150002615.0,176.0,13.2664991614216,0
150002616.0,160.0,12.649110640673518,0
150002617.0,156.0,12.489995996796797,0
150002618.0,140.0,11.832159566199232,0
150002619.0,158.0,12.569805089976535,0
150002620.0,157.0,12.529964086141668,0
150002621.0,177.0,13.30413469565007,0
150002622.0,134.0,11.575836902790225,0
150002623.0,168.0,12.96148139681572,0
150002624.0,137.0,11.704699910719626,0
150002625.0,151.0,12.288205727444508,0
150002626.0,163.0,12.767145334803704,0
150002627.0,153.0,12.36931687685298,0
150002628.0,170.0,13.038404810405298,0
150002629.0,155.0,12.449899597988733,0
150002630.0,192.0,13.856406460551018,0
150002631.0,149.0,12.206555615733702,0
150002632.0,148.0,12.165525060596439,0
150002633.0,141.0,11.874342087037917,0
150002634.0,165.0,12.84523257866513,0
150002635.0,172.0,13.114877048604,0
150002636.0,183.0,13.527749258468683,0
150002637.0,174.0,13.19090595827292,0
150002638.0,156.0,12.489995996796797,0
150002639.0,158.0,12.569805089976535,0
150002640.0,159.0,12.609520212918492,0
150002641.0,168.0,12.96148139681572,0
150002642.0,155.0,12.449899597988733,0
150002643.0,179.0,13.379088160259652,0
150002644.0,165.0,12.84523257866513,0
150002645.0,155.0,12.449899597988733,0
150002646.0,157.0,12.529964086141668,0
150002647.0,169.0,13.0,0
150002648.0,156.0,12.489995996796797,0
150002649.0,174.0,13.19090595827292,0
150002650.0,149.0,12.206555615733702,0
150002651.0,169.0,13.0,0
150002652.0,166.0,12.884098726725126,0
150002653.0,175.0,13.228756555322953,0
150002654.0,148.0,12.165525060596439,0
150002655.0,130.0,11.40175425099138,0
150002656.0,173.0,13.152946437965905,0
150002657.0,161.0,12.68857754044952,0
150002658.0,164.0,12.806248474865697,0
150002659.0,146.0,12.083045973594572,0
150002660.0,157.0,12.529964086141668,0
150002661.0,157.0,12.529964086141668,0
150002662.0,151.0,12.288205727444508,0
150002663.0,162.0,12.727922061357855,0
150002664.0,148.0,12.165525060596439,0
150002665.0,159.0,12.609520212918492,0
150002666.0,163.0,12.767145334803704,0
150002667.0,161.0,12.68857754044952,0
150002668.0,160.0,12.649110640673518,0
150002669.0,159.0,12.609520212918492,0
150002670.0,181.0,13.45362404707371,0
150002671.0,174.0,13.19090595827292,0
150002672.0,155.0,12.449899597988733,0
150002673.0,158.0,12.569805089976535,0
150002674.0,175.0,13.228756555322953,0
150002675.0,166.0,12.884098726725126,0
150002676.0,148.0,12.165525060596439,0
150002677.0,165.0,12.84523257866513,0
150002678.0,175.0,13.228756555322953,0
150002679.0,158.0,12.569805089976535,0
150002680.0,166.0,12.884098726725126,0
150002681.0,160.0,12.649110640673518,0
150002682.0,178.0,13.341664064126334,0
150002683.0,159.0,12.609520212918492,0
150002684.0,138.0,11.74734012447073,0
150002685.0,127.0,11.269427669584644,0
150002686.0,159.0,12.609520212918492,0
150002687.0,164.0,12.806248474865697,0
150002688.0,150.0,12.24744871391589,0
150002689.0,170.0,13.038404810405298,0
150002690.0,171.0,13.076696830622021,0
150002691.0,158.0,12.569805089976535,0
150002692.0,175.0,13.228756555322953,0
150002693.0,161.0,12.68857754044952,0
150002694.0,154.0,12.409673645990857,0
150002695.0,144.0,12.0,0
150002696.0,173.0,13.152946437965905,0
150002697.0,149.0,12.206555615733702,0
150002698.0,161.0,12.68857754044952,0
150002699.0,169.0,13.0,0
150002700.0,169.0,13.0,0
150002701.0,155.0,12.449899597988733,0
150002702.0,146.0,12.083045973594572,0
150002703.0,191.0,13.820274961085254,0
150002704.0,169.0,13.0,0
150002705.0,162.0,12.727922061357855,0
150002706.0,160.0,12.649110640673518,0
150002707.0,150.0,12.24744871391589,0
150002708.0,177.0,13.30413469565007,0
150002709.0,164.0,12.806248474865697,0
150002710.0,175.0,13.228756555322953,0
150002711.0,157.0,12.529964086141668,0
150002712.0,158.0,12.569805089976535,0
150002713.0,161.0,12.68857754044952,0
150002714.0,170.0,13.038404810405298,0
150002715.0,158.0,12.569805089976535,0
150002716.0,145.0,12.041594578792296,0
150002717.0,178.0,13.341664064126334,0
150002718.0,152.0,12.328828005937952,0
150002719.0,160.0,12.649110640673518,0
150002720.0,171.0,13.076696830622021,0
150002721.0,152.0,12.328828005937952,0
150002722.0,154.0,12.409673645990857,0
150002723.0,161.0,12.68857754044952,0
150002724.0,155.0,12.449899597988733,0
150002725.0,161.0,12.68857754044952,0
150002726.0,177.0,13.30413469565007,0
150002727.0,158.0,12.569805089976535,0
150002728.0,162.0,12.727922061357855,0
150002729.0,180.0,13.416407864998739,0
150002730.0,152.0,12.328828005937952,0
150002731.0,153.0,12.36931687685298,0
150002732.0,152.0,12.328828005937952,0
150002733.0,168.0,12.96148139681572,0
150002734.0,166.0,12.884098726725126,0
150002735.0,147.0,12.12435565298214,0
150002736.0,152.0,12.328828005937952,0
150002737.0,144.0,12.0,0
150002738.0,153.0,12.36931687685298,0
150002739.0,164.0,12.806248474865697,0
150002740.0,172.0,13.114877048604,0
150002741.0,162.0,12.727922061357855,0
150002742.0,146.0,12.083045973594572,0
150002743.0,148.0,12.165525060596439,0
150002744.0,195.0,13.96424004376894,0
150002745.0,166.0,12.884098726725126,0
150002746.0,158.0,12.569805089976535,0
150002747.0,161.0,12.68857754044952,0
150002748.0,158.0,12.569805089976535,0
150002749.0,177.0,13.30413469565007,0
150002750.0,154.0,12.409673645990857,0
150002751.0,166.0,12.884098726725126,0
150002752.0,138.0,11.74734012447073,0
150002753.0,142.0,11.916375287812984,0
150002754.0,159.0,12.609520212918492,0
150002755.0,157.0,12.529964086141668,0
150002756.0,142.0,11.916375287812984,0
150002757.0,164.0,12.806248474865697,0
150002758.0,160.0,12.649110640673518,0
150002759.0,175.0,13.228756555322953,0
150002760.0,160.0,12.649110640673518,0
150002761.0,174.0,13.19090595827292,0
150002762.0,149.0,12.206555615733702,0
150002763.0,167.0,12.922847983320086,0
150002764.0,167.0,12.922847983320086,0
150002765.0,153.0,12.36931687685298,0
150002766.0,160.0,12.649110640673518,0
150002767.0,166.0,12.884098726725126,0
150002768.0,159.0,12.609520212918492,0
150002769.0,160.0,12.649110640673518,0
150002770.0,149.0,12.206555615733702,0
150002771.0,168.0,12.96148139681572,0
150002772.0,162.0,12.727922061357855,0
150002773.0,150.0,12.24744871391589,0
150002774.0,156.0,12.489995996796797,0
150002775.0,142.0,11.916375287812984,0
150002776.0,171.0,13.076696830622021,0
150002777.0,150.0,12.24744871391589,0
150002778.0,170.0,13.038404810405298,0
150002779.0,176.0,13.2664991614216,0
150002780.0,150.0,12.24744871391589,0
150002781.0,151.0,12.288205727444508,0
150002782.0,175.0,13.228756555322953,0
150002783.0,175.0,13.228756555322953,0
150002784.0,158.0,12.569805089976535,0
150002785.0,155.0,12.449899597988733,0
150002786.0,181.0,13.45362404707371,0
150002787.0,163.0,12.767145334803704,0
150002788.0,170.0,13.038404810405298,0
150002789.0,186.0,13.638181696985855,0
150002790.0,163.0,12.767145334803704,0
150002791.0,171.0,13.076696830622021,0
150002792.0,146.0,12.083045973594572,0
150002793.0,145.0,12.041594578792296,0
150002794.0,169.0,13.0,0
150002795.0,148.0,12.165525060596439,0
150002796.0,129.0,11.357816691600547,0
150002797.0,152.0,12.328828005937952,0
150002798.0,160.0,12.649110640673518,0
150002799.0,167.0,12.922847983320086,0
150002800.0,158.0,12.569805089976535,0
150002801.0,144.0,12.0,0
150002802.0,160.0,12.649110640673518,0
150002803.0,178.0,13.341664064126334,0
150002804.0,182.0,13.490737563232042,0
150002805.0,150.0,12.24744871391589,0
150002806.0,168.0,12.96148139681572,0
150002807.0,175.0,13.228756555322953,0
150002808.0,174.0,13.19090595827292,0
150002809.0,145.0,12.041594578792296,0
150002810.0,175.0,13.228756555322953,0
150002811.0,176.0,13.2664991614216,0
150002812.0,158.0,12.569805089976535,0
150002813.0,157.0,12.529964086141668,0
150002814.0,162.0,12.727922061357855,0
150002815.0,164.0,12.806248474865697,0
150002816.0,167.0,12.922847983320086,0
150002817.0,165.0,12.84523257866513,0
150002818.0,157.0,12.529964086141668,0
150002819.0,157.0,12.529964086141668,0
150002820.0,173.0,13.152946437965905,0
150002821.0,169.0,13.0,0
150002822.0,159.0,12.609520212918492,0
150002823.0,175.0,13.228756555322953,0
150002824.0,150.0,12.24744871391589,0
150002825.0,157.0,12.529964086141668,0
150002826.0,149.0,12.206555615733702,0
150002827.0,139.0,11.789826122551595,0
150002828.0,151.0,12.288205727444508,0
150002829.0,168.0,12.96148139681572,0
150002830.0,175.0,13.228756555322953,0
150002831.0,141.0,11.874342087037917,0
150002832.0,167.0,12.922847983320086,0
150002833.0,160.0,12.649110640673518,0
150002834.0,156.0,12.489995996796797,0
150002835.0,149.0,12.206555615733702,0
150002836.0,172.0,13.114877048604,0
150002837.0,164.0,12.806248474865697,0
150002838.0,147.0,12.12435565298214,0
150002839.0,166.0,12.884098726725126,0
150002840.0,177.0,13.30413469565007,0
150002841.0,171.0,13.076696830622021,0
150002842.0,142.0,11.916375287812984,0
150002843.0,171.0,13.076696830622021,0
150002844.0,147.0,12.12435565298214,0
150002845.0,164.0,12.806248474865697,0
150002846.0,136.0,11.661903789690601,0
150002847.0,180.0,13.416407864998739,0
150002848.0,165.0,12.84523257866513,0
150002849.0,160.0,12.649110640673518,0
150002850.0,163.0,12.767145334803704,0
150002851.0,171.0,13.076696830622021,0
150002852.0,153.0,12.36931687685298,0
150002853.0,143.0,11.958260743101398,0
150002854.0,150.0,12.24744871391589,0
150002855.0,171.0,13.076696830622021,0
150002856.0,146.0,12.083045973594572,0
150002857.0,154.0,12.409673645990857,0
150002858.0,159.0,12.609520212918492,0
150002859.0,166.0,12.884098726725126,0
150002860.0,157.0,12.529964086141668,0
150002861.0,165.0,12.84523257866513,0
150002862.0,162.0,12.727922061357855,0
150002863.0,148.0,12.165525060596439,0
150002864.0,161.0,12.68857754044952,0
150002865.0,157.0,12.529964086141668,0
150002866.0,177.0,13.30413469565007,0
150002867.0,157.0,12.529964086141668,0
150002868.0,153.0,12.36931687685298,0
150002869.0,167.0,12.922847983320086,0
150002870.0,148.0,12.165525060596439,0
150002871.0,157.0,12.529964086141668,0
150002872.0,145.0,12.041594578792296,0
150002873.0,163.0,12.767145334803704,0
150002874.0,144.0,12.0,0
150002875.0,153.0,12.36931687685298,0
150002876.0,163.0,12.767145334803704,0
150002877.0,168.0,12.96148139681572,0
150002878.0,163.0,12.767145334803704,0
150002879.0,155.0,12.449899597988733,0
150002880.0,156.0,12.489995996796797,0
150002881.0,156.0,12.489995996796797,0
150002882.0,169.0,13.0,0
150002883.0,171.0,13.076696830622021,0
150002884.0,174.0,13.19090595827292,0
150002885.0,170.0,13.038404810405298,0
150002886.0,162.0,12.727922061357855,0
150002887.0,133.0,11.532562594670797,0
150002888.0,139.0,11.789826122551595,0
150002889.0,163.0,12.767145334803704,0
150002890.0,157.0,12.529964086141668,0
150002891.0,156.0,12.489995996796797,0
150002892.0,155.0,12.449899597988733,0
150002893.0,179.0,13.379088160259652,0
150002894.0,152.0,12.328828005937952,0
150002895.0,172.0,13.114877048604,0
150002896.0,172.0,13.114877048604,0
150002897.0,153.0,12.36931687685298,0
150002898.0,157.0,12.529964086141668,0
150002899.0,159.0,12.609520212918492,0
150002900.0,155.0,12.449899597988733,0
150002901.0,153.0,12.36931687685298,0
150002902.0,154.0,12.409673645990857,0
150002903.0,163.0,12.767145334803704,0
150002904.0,164.0,12.806248474865697,0
150002905.0,157.0,12.529964086141668,0
150002906.0,169.0,13.0,0
150002907.0,154.0,12.409673645990857,0
150002908.0,167.0,12.922847983320086,0
150002909.0,164.0,12.806248474865697,0
150002910.0,169.0,13.0,0
150002911.0,160.0,12.649110640673518,0
150002912.0,155.0,12.449899597988733,0
150002913.0,158.0,12.569805089976535,0
150002914.0,176.0,13.2664991614216,0
150002915.0,159.0,12.609520212918492,0
150002916.0,156.0,12.489995996796797,0
150002917.0,144.0,12.0,0
150002918.0,152.0,12.328828005937952,0
150002919.0,158.0,12.569805089976535,0
150002920.0,163.0,12.767145334803704,0
150002921.0,164.0,12.806248474865697,0
150002922.0,158.0,12.569805089976535,0
150002923.0,161.0,12.68857754044952,0
150002924.0,163.0,12.767145334803704,0
150002925.0,158.0,12.569805089976535,0
150002926.0,155.0,12.449899597988733,0
150002927.0,132.0,11.489125293076057,0
150002928.0,167.0,12.922847983320086,0
150002929.0,162.0,12.727922061357855,0
150002930.0,147.0,12.12435565298214,0
150002931.0,166.0,12.884098726725126,0
150002932.0,142.0,11.916375287812984,0
150002933.0,148.0,12.165525060596439,0
150002934.0,147.0,12.12435565298214,0
150002935.0,148.0,12.165525060596439,0
150002936.0,137.0,11.704699910719626,0
150002937.0,159.0,12.609520212918492,0
150002938.0,159.0,12.609520212918492,0
150002939.0,164.0,12.806248474865697,0
150002940.0,165.0,12.84523257866513,0
150002941.0,156.0,12.489995996796797,0
150002942.0,147.0,12.12435565298214,0
150002943.0,165.0,12.84523257866513,0
150002944.0,133.0,11.532562594670797,0
150002945.0,154.0,12.409673645990857,0
150002946.0,155.0,12.449899597988733,0
150002947.0,162.0,12.727922061357855,0
150002948.0,163.0,12.767145334803704,0
150002949.0,133.0,11.532562594670797,0
150002950.0,143.0,11.958260743101398,0
150002951.0,181.0,13.45362404707371,0
150002952.0,163.0,12.767145334803704,0
150002953.0,153.0,12.36931687685298,0
150002954.0,165.0,12.84523257866513,0
150002955.0,157.0,12.529964086141668,0
150002956.0,167.0,12.922847983320086,0
150002957.0,167.0,12.922847983320086,0
150002958.0,164.0,12.806248474865697,0
150002959.0,152.0,12.328828005937952,0
150002960.0,150.0,12.24744871391589,0
150002961.0,168.0,12.96148139681572,0
150002962.0,155.0,12.449899597988733,0
150002963.0,152.0,12.328828005937952,0
150002964.0,149.0,12.206555615733702,0
150002965.0,148.0,12.165525060596439,0
150002966.0,160.0,12.649110640673518,0
150002967.0,163.0,12.767145334803704,0
150002968.0,178.0,13.341664064126334,0
150002969.0,134.0,11.575836902790225,0
150002970.0,166.0,12.884098726725126,0
150002971.0,161.0,12.68857754044952,0
150002972.0,153.0,12.36931687685298,0
150002973.0,166.0,12.884098726725126,0
150002974.0,166.0,12.884098726725126,0
150002975.0,161.0,12.68857754044952,0
150002976.0,140.0,11.832159566199232,0
150002977.0,166.0,12.884098726725126,0
150002978.0,150.0,12.24744871391589,0
150002979.0,153.0,12.36931687685298,0
150002980.0,152.0,12.328828005937952,0
150002981.0,160.0,12.649110640673518,0
150002982.0,138.0,11.74734012447073,0
150002983.0,159.0,12.609520212918492,0
150002984.0,161.0,12.68857754044952,0
150002985.0,168.0,12.96148139681572,0
150002986.0,160.0,12.649110640673518,0
150002987.0,171.0,13.076696830622021,0
150002988.0,169.0,13.0,0
150002989.0,149.0,12.206555615733702,0
150002990.0,151.0,12.288205727444508,0
150002991.0,161.0,12.68857754044952,0
150002992.0,141.0,11.874342087037917,0
150002993.0,177.0,13.30413469565007,0
150002994.0,169.0,13.0,0
150002995.0,167.0,12.922847983320086,0
150002996.0,173.0,13.152946437965905,0
150002997.0,161.0,12.68857754044952,0
150002998.0,176.0,13.2664991614216,0
150002999.0,170.0,13.038404810405298,0
150003000.0,153.0,12.36931687685298,0
150003001.0,151.0,12.288205727444508,0
150003002.0,138.0,11.74734012447073,0
150003003.0,161.0,12.68857754044952,0
150003004.0,161.0,12.68857754044952,0
150003005.0,146.0,12.083045973594572,0
150003006.0,143.0,11.958260743101398,0
150003007.0,139.0,11.789826122551595,0
150003008.0,163.0,12.767145334803704,0
150003009.0,136.0,11.661903789690601,0
150003010.0,153.0,12.36931687685298,0
150003011.0,158.0,12.569805089976535,0
150003012.0,152.0,12.328828005937952,0
150003013.0,141.0,11.874342087037917,0
150003014.0,173.0,13.152946437965905,0
150003015.0,160.0,12.649110640673518,0
150003016.0,144.0,12.0,0
150003017.0,149.0,12.206555615733702,0
150003018.0,153.0,12.36931687685298,0
150003019.0,155.0,12.449899597988733,0
150003020.0,163.0,12.767145334803704,0
150003021.0,150.0,12.24744871391589,0
150003022.0,169.0,13.0,0
150003023.0,140.0,11.832159566199232,0
150003024.0,170.0,13.038404810405298,0
150003025.0,169.0,13.0,0
150003026.0,162.0,12.727922061357855,0
150003027.0,167.0,12.922847983320086,0
150003028.0,144.0,12.0,0
150003029.0,156.0,12.489995996796797,0
150003030.0,171.0,13.076696830622021,0
150003031.0,164.0,12.806248474865697,0
150003032.0,156.0,12.489995996796797,0
150003033.0,147.0,12.12435565298214,0
150003034.0,151.0,12.288205727444508,0
150003035.0,160.0,12.649110640673518,0
150003036.0,148.0,12.165525060596439,0
150003037.0,162.0,12.727922061357855,0
150003038.0,151.0,12.288205727444508,0
150003039.0,188.0,13.711309200802088,0
150003040.0,164.0,12.806248474865697,0
150003041.0,153.0,12.36931687685298,0
150003042.0,146.0,12.083045973594572,0
150003043.0,153.0,12.36931687685298,0
150003044.0,150.0,12.24744871391589,0
150003045.0,172.0,13.114877048604,0
150003046.0,155.0,12.449899597988733,0
150003047.0,141.0,11.874342087037917,0
150003048.0,150.0,12.24744871391589,0
150003049.0,141.0,11.874342087037917,0
150003050.0,165.0,12.84523257866513,0
150003051.0,154.0,12.409673645990857,0
150003052.0,167.0,12.922847983320086,0
150003053.0,172.0,13.114877048604,0
150003054.0,151.0,12.288205727444508,0
150003055.0,166.0,12.884098726725126,0
150003056.0,160.0,12.649110640673518,0
150003057.0,170.0,13.038404810405298,0
150003058.0,144.0,12.0,0
150003059.0,160.0,12.649110640673518,0
150003060.0,159.0,12.609520212918492,0
150003061.0,181.0,13.45362404707371,0
150003062.0,165.0,12.84523257866513,0
150003063.0,158.0,12.569805089976535,0
150003064.0,157.0,12.529964086141668,0
150003065.0,166.0,12.884098726725126,0
150003066.0,151.0,12.288205727444508,0
150003067.0,179.0,13.379088160259652,0
150003068.0,147.0,12.12435565298214,0
150003069.0,164.0,12.806248474865697,0
150003070.0,133.0,11.532562594670797,0
150003071.0,147.0,12.12435565298214,0
150003072.0,143.0,11.958260743101398,0
150003073.0,160.0,12.649110640673518,0
150003074.0,159.0,12.609520212918492,0
150003075.0,141.0,11.874342087037917,0
150003076.0,165.0,12.84523257866513,0
150003077.0,153.0,12.36931687685298,0
150003078.0,161.0,12.68857754044952,0
150003079.0,158.0,12.569805089976535,0
150003080.0,143.0,11.958260743101398,0
150003081.0,159.0,12.609520212918492,0
150003082.0,162.0,12.727922061357855,0
150003083.0,170.0,13.038404810405298,0
150003084.0,166.0,12.884098726725126,0
150003085.0,150.0,12.24744871391589,0
150003086.0,147.0,12.12435565298214,0
150003087.0,160.0,12.649110640673518,0
150003088.0,165.0,12.84523257866513,0
150003089.0,151.0,12.288205727444508,0
150003090.0,144.0,12.0,0
150003091.0,161.0,12.68857754044952,0
150003092.0,158.0,12.569805089976535,0
150003093.0,158.0,12.569805089976535,0
150003094.0,165.0,12.84523257866513,0
150003095.0,168.0,12.96148139681572,0
150003096.0,182.0,13.490737563232042,0
150003097.0,171.0,13.076696830622021,0
150003098.0,161.0,12.68857754044952,0
150003099.0,176.0,13.2664991614216,0
150003100.0,163.0,12.767145334803704,0
150003101.0,162.0,12.727922061357855,0
150003102.0,169.0,13.0,0
150003103.0,179.0,13.379088160259652,0
150003104.0,167.0,12.922847983320086,0
150003105.0,166.0,12.884098726725126,0
150003106.0,158.0,12.569805089976535,0
150003107.0,185.0,13.601470508735444,0
150003108.0,174.0,13.19090595827292,0
150003109.0,159.0,12.609520212918492,0
150003110.0,168.0,12.96148139681572,0
150003111.0,174.0,13.19090595827292,0
150003112.0,155.0,12.449899597988733,0
150003113.0,181.0,13.45362404707371,0
150003114.0,173.0,13.152946437965905,0
150003115.0,164.0,12.806248474865697,0
150003116.0,194.0,13.92838827718412,0
150003117.0,182.0,13.490737563232042,0
150003118.0,193.0,13.892443989449804,0
150003119.0,173.0,13.152946437965905,0
150003120.0,200.0,14.142135623730951,0
150003121.0,186.0,13.638181696985855,0
150003122.0,155.0,12.449899597988733,0
150003123.0,163.0,12.767145334803704,0
150003124.0,191.0,13.820274961085254,0
150003125.0,182.0,13.490737563232042,0
150003126.0,172.0,13.114877048604,0
150003127.0,183.0,13.527749258468683,0
150003128.0,159.0,12.609520212918492,0
150003129.0,196.0,14.0,0
150003130.0,212.0,14.560219778561036,0
150003131.0,205.0,14.317821063276353,0
150003132.0,199.0,14.106735979665885,0
150003133.0,215.0,14.66287829861518,0
150003134.0,219.0,14.798648586948742,0
150003135.0,202.0,14.212670403551895,0
150003136.0,225.0,15.0,0
150003137.0,251.0,15.84297951775486,0
150003138.0,219.0,14.798648586948742,0
150003139.0,215.0,14.66287829861518,0
150003140.0,214.0,14.628738838327793,0
150003141.0,211.0,14.52583904633395,0
150003142.0,263.0,16.217274740226856,0
150003143.0,252.0,15.874507866387544,0
150003144.0,250.0,15.811388300841896,0
150003145.0,237.0,15.394804318340652,0
150003146.0,256.0,16.0,0
150003147.0,271.0,16.46207763315433,0
150003148.0,262.0,16.186414056238647,0
150003149.0,231.0,15.198684153570664,0
150003150.0,296.0,17.204650534085253,0
150003151.0,268.0,16.3707055437449,0
150003152.0,268.0,16.3707055437449,0
150003153.0,291.0,17.05872210923198,0
150003154.0,270.0,16.431676725154983,0
150003155.0,305.0,17.46424919657298,0
150003156.0,313.0,17.69180601295413,0
150003157.0,311.0,17.635192088548397,0
150003158.0,298.0,17.26267650163207,0
150003159.0,275.0,16.583123951777,0
150003160.0,321.0,17.916472867168917,0
150003161.0,333.0,18.24828759089466,0
150003162.0,329.0,18.138357147217054,0
150003163.0,346.0,18.601075237738275,0
150003164.0,364.0,19.078784028338912,0
150003165.0,313.0,17.69180601295413,0
150003166.0,395.0,19.87460691435179,0
150003167.0,344.0,18.547236990991408,0
150003168.0,379.0,19.467922333931785,0
150003169.0,335.0,18.303005217723125,0
150003170.0,385.0,19.621416870348583,0
150003171.0,358.0,18.920887928424502,0
150003172.0,407.0,20.174241001832016,0
150003173.0,394.0,19.849433241279208,0
150003174.0,395.0,19.87460691435179,0
150003175.0,394.0,19.849433241279208,0
150003176.0,407.0,20.174241001832016,0
150003177.0,401.0,20.024984394500787,0
150003178.0,473.0,21.748563170931547,0
150003179.0,409.0,20.223748416156685,0
150003180.0,446.0,21.118712081942874,0
150003181.0,440.0,20.97617696340303,0
150003182.0,406.0,20.149441679609886,0
150003183.0,432.0,20.784609690826528,0
150003184.0,448.0,21.166010488516726,0
150003185.0,433.0,20.808652046684813,0
150003186.0,445.0,21.095023109728988,0
150003187.0,475.0,21.79449471770337,0
150003188.0,498.0,22.315913604421397,0
150003189.0,425.0,20.615528128088304,0
150003190.0,430.0,20.73644135332772,0
150003191.0,485.0,22.02271554554524,0
150003192.0,453.0,21.283796653792763,0
150003193.0,474.0,21.77154105707724,0
150003194.0,459.0,21.42428528562855,0
150003195.0,441.0,21.0,0
150003196.0,480.0,21.908902300206645,0
150003197.0,481.0,21.93171219946131,0
150003198.0,471.0,21.702534414210707,0
150003199.0,481.0,21.93171219946131,0
150003200.0,495.0,22.24859546128699,0
150003201.0,460.0,21.447610589527216,0
150003202.0,474.0,21.77154105707724,0
150003203.0,435.0,20.85665361461421,0
150003204.0,470.0,21.6794833886788,0
150003205.0,506.0,22.494443758403985,0
150003206.0,447.0,21.142374511865974,0
150003207.0,488.0,22.090722034374522,0
150003208.0,454.0,21.307275752662516,0
150003209.0,398.0,19.949937343260004,0
150003210.0,476.0,21.817424229271428,0
150003211.0,466.0,21.587033144922902,0
150003212.0,464.0,21.540659228538015,0
150003213.0,427.0,20.663978319771825,0
150003214.0,424.0,20.591260281974,0
150003215.0,491.0,22.15851980616034,0
150003216.0,481.0,21.93171219946131,0
150003217.0,405.0,20.12461179749811,0
150003218.0,439.0,20.952326839756964,0
150003219.0,470.0,21.6794833886788,0
150003220.0,435.0,20.85665361461421,0
150003221.0,438.0,20.92844953645635,0
150003222.0,396.0,19.8997487421324,0
150003223.0,433.0,20.808652046684813,0
150003224.0,431.0,20.760539492026695,0
150003225.0,449.0,21.18962010041709,0
150003226.0,444.0,21.071307505705477,0
150003227.0,445.0,21.095023109728988,0
150003228.0,425.0,20.615528128088304,0
150003229.0,421.0,20.518284528683193,0
150003230.0,432.0,20.784609690826528,0
150003231.0,456.0,21.354156504062622,0
150003232.0,415.0,20.37154878746336,0
150003233.0,416.0,20.396078054371138,0
150003234.0,421.0,20.518284528683193,0
150003235.0,425.0,20.615528128088304,0
150003236.0,406.0,20.149441679609886,0
150003237.0,433.0,20.808652046684813,0
150003238.0,390.0,19.748417658131498,0
150003239.0,390.0,19.748417658131498,0
150003240.0,435.0,20.85665361461421,0
150003241.0,405.0,20.12461179749811,0
150003242.0,417.0,20.42057785666214,0
150003243.0,407.0,20.174241001832016,0
150003244.0,424.0,20.591260281974,0
150003245.0,409.0,20.223748416156685,0
150003246.0,413.0,20.322401432901575,0
150003247.0,406.0,20.149441679609886,0
150003248.0,422.0,20.54263858417414,0
150003249.0,395.0,19.87460691435179,0
150003250.0,415.0,20.37154878746336,0
150003251.0,397.0,19.924858845171276,0
150003252.0,405.0,20.12461179749811,0
150003253.0,426.0,20.639767440550294,0
150003254.0,395.0,19.87460691435179,0
150003255.0,368.0,19.183326093250876,0
150003256.0,411.0,20.273134932713294,0
150003257.0,436.0,20.8806130178211,0
150003258.0,377.0,19.4164878389476,0
150003259.0,368.0,19.183326093250876,0
150003260.0,444.0,21.071307505705477,0
150003261.0,409.0,20.223748416156685,0
150003262.0,415.0,20.37154878746336,0
150003263.0,346.0,18.601075237738275,0
150003264.0,421.0,20.518284528683193,0
150003265.0,402.0,20.049937655763422,0
150003266.0,396.0,19.8997487421324,0
150003267.0,395.0,19.87460691435179,0
150003268.0,350.0,18.708286933869708,0
150003269.0,375.0,19.364916731037084,0
150003270.0,401.0,20.024984394500787,0
150003271.0,436.0,20.8806130178211,0
150003272.0,376.0,19.390719429665317,0
150003273.0,414.0,20.346989949375804,0
150003274.0,371.0,19.261360284258224,0
150003275.0,385.0,19.621416870348583,0
150003276.0,338.0,18.384776310850235,0
150003277.0,395.0,19.87460691435179,0
150003278.0,390.0,19.748417658131498,0
150003279.0,418.0,20.445048300260872,0
150003280.0,386.0,19.6468827043885,0
150003281.0,348.0,18.65475810617763,0
150003282.0,377.0,19.4164878389476,0
150003283.0,362.0,19.026297590440446,0
150003284.0,361.0,19.0,0
150003285.0,375.0,19.364916731037084,0
150003286.0,365.0,19.1049731745428,0
150003287.0,374.0,19.339079605813716,0
150003288.0,356.0,18.867962264113206,0
150003289.0,380.0,19.493588689617926,0
150003290.0,366.0,19.131126469708992,0
150003291.0,366.0,19.131126469708992,0
150003292.0,373.0,19.313207915827967,0
150003293.0,352.0,18.76166303929372,0
150003294.0,355.0,18.841443681416774,0
150003295.0,350.0,18.708286933869708,0
150003296.0,362.0,19.026297590440446,0
150003297.0,385.0,19.621416870348583,0
150003298.0,345.0,18.57417562100671,0
150003299.0,356.0,18.867962264113206,0
150003300.0,373.0,19.313207915827967,0
150003301.0,327.0,18.083141320025124,0
150003302.0,367.0,19.157244060668017,0
150003303.0,386.0,19.6468827043885,0
150003304.0,339.0,18.411952639521967,0
150003305.0,384.0,19.595917942265423,0
150003306.0,374.0,19.339079605813716,0
150003307.0,333.0,18.24828759089466,0
150003308.0,349.0,18.681541692269406,0
150003309.0,367.0,19.157244060668017,0
150003310.0,378.0,19.44222209522358,0
150003311.0,362.0,19.026297590440446,0
150003312.0,379.0,19.467922333931785,0
150003313.0,378.0,19.44222209522358,0
150003314.0,343.0,18.520259177452136,0
150003315.0,341.0,18.466185312619388,0
150003316.0,355.0,18.841443681416774,0
150003317.0,360.0,18.973665961010276,0
150003318.0,379.0,19.467922333931785,0
150003319.0,367.0,19.157244060668017,0
150003320.0,363.0,19.05255888325765,0
150003321.0,335.0,18.303005217723125,0
150003322.0,364.0,19.078784028338912,0
150003323.0,370.0,19.235384061671343,0
150003324.0,359.0,18.947295321496416,0
150003325.0,384.0,19.595917942265423,0
150003326.0,345.0,18.57417562100671,0
150003327.0,352.0,18.76166303929372,0
150003328.0,383.0,19.570385790780925,0
150003329.0,367.0,19.157244060668017,0
150003330.0,390.0,19.748417658131498,0
150003331.0,352.0,18.76166303929372,0
150003332.0,413.0,20.322401432901575,0
150003333.0,364.0,19.078784028338912,0
150003334.0,388.0,19.697715603592208,0
150003335.0,378.0,19.44222209522358,0
150003336.0,386.0,19.6468827043885,0
150003337.0,412.0,20.29778313018444,0
150003338.0,423.0,20.566963801203133,0
150003339.0,420.0,20.493901531919196,0
150003340.0,395.0,19.87460691435179,0
150003341.0,406.0,20.149441679609886,0
150003342.0,402.0,20.049937655763422,0
150003343.0,406.0,20.149441679609886,0
150003344.0,415.0,20.37154878746336,0
150003345.0,404.0,20.09975124224178,0
150003346.0,420.0,20.493901531919196,0
150003347.0,447.0,21.142374511865974,0
150003348.0,405.0,20.12461179749811,0
150003349.0,455.0,21.330729007701542,0
150003350.0,403.0,20.074859899884732,0
150003351.0,431.0,20.760539492026695,0
150003352.0,463.0,21.517434791350013,0
150003353.0,402.0,20.049937655763422,0
150003354.0,447.0,21.142374511865974,0
150003355.0,471.0,21.702534414210707,0
150003356.0,429.0,20.71231517720798,0
150003357.0,455.0,21.330729007701542,0
150003358.0,481.0,21.93171219946131,0
150003359.0,477.0,21.840329667841555,0
150003360.0,451.0,21.236760581595302,0
150003361.0,504.0,22.44994432064365,0
150003362.0,469.0,21.656407827707714,0
150003363.0,477.0,21.840329667841555,0
150003364.0,495.0,22.24859546128699,0
150003365.0,499.0,22.338307903688676,0
150003366.0,461.0,21.470910553583888,0
150003367.0,479.0,21.88606862823929,0
150003368.0,458.0,21.400934559032695,0
150003369.0,472.0,21.72556098240043,0
150003370.0,480.0,21.908902300206645,0
150003371.0,490.0,22.135943621178654,0
150003372.0,454.0,21.307275752662516,0
150003373.0,478.0,21.863211109075447,0
150003374.0,512.0,22.627416997969522,0
150003375.0,493.0,22.20360331117452,0
150003376.0,453.0,21.283796653792763,0
150003377.0,484.0,22.0,0
150003378.0,503.0,22.427661492005804,0
150003379.0,513.0,22.64950330581225,0
150003380.0,461.0,21.470910553583888,0
150003381.0,484.0,22.0,0
150003382.0,549.0,23.430749027719962,0
150003383.0,494.0,22.22611077089287,0
150003384.0,481.0,21.93171219946131,0
150003385.0,526.0,22.93468988235943,0
150003386.0,470.0,21.6794833886788,0
150003387.0,508.0,22.538855339169288,0
150003388.0,467.0,21.61018278497431,0
150003389.0,483.0,21.97726097583591,0
150003390.0,504.0,22.44994432064365,0
150003391.0,464.0,21.540659228538015,0
150003392.0,431.0,20.760539492026695,0
150003393.0,440.0,20.97617696340303,0
150003394.0,494.0,22.22611077089287,0
150003395.0,472.0,21.72556098240043,0
150003396.0,475.0,21.79449471770337,0
150003397.0,456.0,21.354156504062622,0
150003398.0,470.0,21.6794833886788,0
150003399.0,461.0,21.470910553583888,0
150003400.0,476.0,21.817424229271428,0
150003401.0,444.0,21.071307505705477,0
150003402.0,458.0,21.400934559032695,0
150003403.0,457.0,21.37755832643195,0
150003404.0,487.0,22.06807649071391,0
150003405.0,452.0,21.2602916254693,0
150003406.0,446.0,21.118712081942874,0
150003407.0,462.0,21.494185260204677,0
150003408.0,427.0,20.663978319771825,0
150003409.0,442.0,21.02379604162864,0
150003410.0,437.0,20.904544960366874,0
150003411.0,426.0,20.639767440550294,0
150003412.0,448.0,21.166010488516726,0
150003413.0,471.0,21.702534414210707,0
150003414.0,456.0,21.354156504062622,0
150003415.0,455.0,21.330729007701542,0
150003416.0,433.0,20.808652046684813,0
150003417.0,459.0,21.42428528562855,0
150003418.0,404.0,20.09975124224178,0
150003419.0,367.0,19.157244060668017,0
150003420.0,400.0,20.0,0
150003421.0,462.0,21.494185260204677,0
150003422.0,428.0,20.688160865577203,0
150003423.0,445.0,21.095023109728988,0
150003424.0,439.0,20.952326839756964,0
150003425.0,463.0,21.517434791350013,0
150003426.0,419.0,20.46948949045872,0
150003427.0,418.0,20.445048300260872,0
150003428.0,463.0,21.517434791350013,0
150003429.0,399.0,19.974984355438178,0
150003430.0,445.0,21.095023109728988,0
150003431.0,395.0,19.87460691435179,0
150003432.0,424.0,20.591260281974,0
150003433.0,422.0,20.54263858417414,0
150003434.0,432.0,20.784609690826528,0
150003435.0,426.0,20.639767440550294,0
150003436.0,376.0,19.390719429665317,0
150003437.0,405.0,20.12461179749811,0
150003438.0,429.0,20.71231517720798,0
150003439.0,430.0,20.73644135332772,0
150003440.0,408.0,20.199009876724155,0
150003441.0,425.0,20.615528128088304,0
150003442.0,391.0,19.77371993328519,0
150003443.0,421.0,20.518284528683193,0
150003444.0,409.0,20.223748416156685,0
150003445.0,399.0,19.974984355438178,0
150003446.0,381.0,19.519221295943137,0
150003447.0,425.0,20.615528128088304,0
150003448.0,436.0,20.8806130178211,0
150003449.0,376.0,19.390719429665317,0
150003450.0,405.0,20.12461179749811,0
150003451.0,405.0,20.12461179749811,0
150003452.0,366.0,19.131126469708992,0
150003453.0,387.0,19.672315572906,0
150003454.0,385.0,19.621416870348583,0
150003455.0,433.0,20.808652046684813,0
150003456.0,388.0,19.697715603592208,0
150003457.0,393.0,19.82422760159901,0
150003458.0,351.0,18.734993995195193,0
150003459.0,389.0,19.72308292331602,0
150003460.0,368.0,19.183326093250876,0
150003461.0,404.0,20.09975124224178,0
150003462.0,391.0,19.77371993328519,0
150003463.0,357.0,18.894443627691185,0
150003464.0,429.0,20.71231517720798,0
150003465.0,380.0,19.493588689617926,0
150003466.0,402.0,20.049937655763422,0
150003467.0,389.0,19.72308292331602,0
150003468.0,376.0,19.390719429665317,0
150003469.0,371.0,19.261360284258224,0
150003470.0,376.0,19.390719429665317,0
150003471.0,405.0,20.12461179749811,0
150003472.0,355.0,18.841443681416774,0
150003473.0,334.0,18.275666882497067,0
150003474.0,368.0,19.183326093250876,0
150003475.0,383.0,19.570385790780925,0
150003476.0,352.0,18.76166303929372,0
150003477.0,385.0,19.621416870348583,0
150003478.0,383.0,19.570385790780925,0
150003479.0,370.0,19.235384061671343,0
150003480.0,338.0,18.384776310850235,0
150003481.0,377.0,19.4164878389476,0
150003482.0,363.0,19.05255888325765,0
150003483.0,398.0,19.949937343260004,0
150003484.0,346.0,18.601075237738275,0
150003485.0,352.0,18.76166303929372,0
150003486.0,378.0,19.44222209522358,0
150003487.0,378.0,19.44222209522358,0
150003488.0,362.0,19.026297590440446,0
150003489.0,342.0,18.49324200890693,0
150003490.0,354.0,18.81488772222678,0
150003491.0,361.0,19.0,0
150003492.0,351.0,18.734993995195193,0
150003493.0,362.0,19.026297590440446,0
150003494.0,348.0,18.65475810617763,0
150003495.0,348.0,18.65475810617763,0
150003496.0,371.0,19.261360284258224,0
150003497.0,368.0,19.183326093250876,0
150003498.0,335.0,18.303005217723125,0
150003499.0,351.0,18.734993995195193,0
150003500.0,346.0,18.601075237738275,0
150003501.0,355.0,18.841443681416774,0
150003502.0,393.0,19.82422760159901,0
150003503.0,366.0,19.131126469708992,0
150003504.0,337.0,18.35755975068582,0
150003505.0,322.0,17.944358444926362,0
150003506.0,325.0,18.027756377319946,0
150003507.0,346.0,18.601075237738275,0
150003508.0,352.0,18.76166303929372,0
150003509.0,346.0,18.601075237738275,0
150003510.0,339.0,18.411952639521967,0
150003511.0,384.0,19.595917942265423,0
150003512.0,356.0,18.867962264113206,0
150003513.0,316.0,17.776388834631177,0
150003514.0,327.0,18.083141320025124,0
150003515.0,313.0,17.69180601295413,0
150003516.0,347.0,18.627936010197157,0
150003517.0,355.0,18.841443681416774,0
150003518.0,355.0,18.841443681416774,0
150003519.0,358.0,18.920887928424502,0
150003520.0,400.0,20.0,0
150003521.0,375.0,19.364916731037084,0
150003522.0,333.0,18.24828759089466,0
150003523.0,355.0,18.841443681416774,0
150003524.0,323.0,17.97220075561143,0
150003525.0,330.0,18.16590212458495,0
150003526.0,352.0,18.76166303929372,0
150003527.0,345.0,18.57417562100671,0
150003528.0,333.0,18.24828759089466,0
150003529.0,336.0,18.33030277982336,0
150003530.0,338.0,18.384776310850235,0
150003531.0,325.0,18.027756377319946,0
150003532.0,349.0,18.681541692269406,0
150003533.0,341.0,18.466185312619388,0
150003534.0,334.0,18.275666882497067,0
150003535.0,332.0,18.2208671582886,0
150003536.0,329.0,18.138357147217054,0
150003537.0,327.0,18.083141320025124,0
150003538.0,318.0,17.832554500127006,0
150003539.0,321.0,17.916472867168917,0
150003540.0,292.0,17.08800749063506,0
150003541.0,316.0,17.776388834631177,0
150003542.0,321.0,17.916472867168917,0
150003543.0,321.0,17.916472867168917,0
150003544.0,325.0,18.027756377319946,0
150003545.0,337.0,18.35755975068582,0
150003546.0,334.0,18.275666882497067,0
150003547.0,268.0,16.3707055437449,0
150003548.0,296.0,17.204650534085253,0
150003549.0,306.0,17.4928556845359,0
150003550.0,295.0,17.175564037317667,0
150003551.0,327.0,18.083141320025124,0
150003552.0,304.0,17.435595774162696,0
150003553.0,330.0,18.16590212458495,0
150003554.0,291.0,17.05872210923198,0
150003555.0,321.0,17.916472867168917,0
150003556.0,326.0,18.05547008526779,0
150003557.0,299.0,17.291616465790582,0
150003558.0,315.0,17.74823934929885,0
150003559.0,293.0,17.11724276862369,0
150003560.0,298.0,17.26267650163207,0
150003561.0,329.0,18.138357147217054,0
150003562.0,310.0,17.60681686165901,0
150003563.0,253.0,15.905973720586866,0
150003564.0,308.0,17.549928774784245,0
150003565.0,305.0,17.46424919657298,0
150003566.0,305.0,17.46424919657298,0
150003567.0,334.0,18.275666882497067,0
150003568.0,313.0,17.69180601295413,0
150003569.0,293.0,17.11724276862369,0
150003570.0,308.0,17.549928774784245,0
150003571.0,321.0,17.916472867168917,0
150003572.0,285.0,16.881943016134134,0
150003573.0,312.0,17.663521732655695,0
150003574.0,319.0,17.86057109949175,0
150003575.0,287.0,16.941074346097416,0
150003576.0,285.0,16.881943016134134,0
150003577.0,319.0,17.86057109949175,0
150003578.0,272.0,16.492422502470642,0
150003579.0,308.0,17.549928774784245,0
150003580.0,294.0,17.146428199482248,0
150003581.0,302.0,17.378147196982766,0
150003582.0,295.0,17.175564037317667,0
150003583.0,276.0,16.61324772583615,0
150003584.0,263.0,16.217274740226856,0
150003585.0,303.0,17.406895185529212,0
150003586.0,291.0,17.05872210923198,0
150003587.0,295.0,17.175564037317667,0
150003588.0,267.0,16.34013463836819,0
150003589.0,307.0,17.52141546793523,0
150003590.0,302.0,17.378147196982766,0
150003591.0,304.0,17.435595774162696,0
150003592.0,297.0,17.233687939614086,0
150003593.0,292.0,17.08800749063506,0
150003594.0,305.0,17.46424919657298,0
150003595.0,277.0,16.64331697709324,0
150003596.0,303.0,17.406895185529212,0
150003597.0,262.0,16.186414056238647,0
150003598.0,299.0,17.291616465790582,0
150003599.0,270.0,16.431676725154983,0
150003600.0,291.0,17.05872210923198,0
150003601.0,298.0,17.26267650163207,0
150003602.0,298.0,17.26267650163207,0
150003603.0,288.0,16.97056274847714,0
150003604.0,274.0,16.55294535724685,0
150003605.0,302.0,17.378147196982766,0
150003606.0,289.0,17.0,0
150003607.0,271.0,16.46207763315433,0
150003608.0,283.0,16.822603841260722,0
150003609.0,273.0,16.522711641858304,0
150003610.0,268.0,16.3707055437449,0
150003611.0,300.0,17.320508075688775,0
150003612.0,293.0,17.11724276862369,0
150003613.0,289.0,17.0,0
150003614.0,303.0,17.406895185529212,0
150003615.0,274.0,16.55294535724685,0
150003616.0,277.0,16.64331697709324,0
150003617.0,258.0,16.06237840420901,0
150003618.0,262.0,16.186414056238647,0
150003619.0,261.0,16.15549442140351,0
150003620.0,270.0,16.431676725154983,0
150003621.0,258.0,16.06237840420901,0
150003622.0,286.0,16.911534525287763,0
150003623.0,272.0,16.492422502470642,0
150003624.0,295.0,17.175564037317667,0
150003625.0,281.0,16.76305461424021,0
150003626.0,311.0,17.635192088548397,0
150003627.0,293.0,17.11724276862369,0
150003628.0,245.0,15.652475842498529,0
150003629.0,259.0,16.09347693943108,0
150003630.0,242.0,15.556349186104045,0
150003631.0,258.0,16.06237840420901,0
150003632.0,250.0,15.811388300841896,0
150003633.0,267.0,16.34013463836819,0
150003634.0,255.0,15.968719422671311,0
150003635.0,261.0,16.15549442140351,0
150003636.0,272.0,16.492422502470642,0
150003637.0,258.0,16.06237840420901,0
150003638.0,285.0,16.881943016134134,0
150003639.0,281.0,16.76305461424021,0
150003640.0,253.0,15.905973720586866,0
150003641.0,264.0,16.24807680927192,0
150003642.0,296.0,17.204650534085253,0
150003643.0,261.0,16.15549442140351,0
150003644.0,261.0,16.15549442140351,0
150003645.0,258.0,16.06237840420901,0
150003646.0,244.0,15.620499351813308,0
150003647.0,255.0,15.968719422671311,0
150003648.0,246.0,15.684387141358123,0
150003649.0,269.0,16.401219466856727,0
150003650.0,267.0,16.34013463836819,0
150003651.0,280.0,16.73320053068151,0
150003652.0,255.0,15.968719422671311,0
150003653.0,273.0,16.522711641858304,0
150003654.0,269.0,16.401219466856727,0
150003655.0,270.0,16.431676725154983,0
150003656.0,242.0,15.556349186104045,0
150003657.0,247.0,15.716233645501712,0
150003658.0,289.0,17.0,0
150003659.0,263.0,16.217274740226856,0
150003660.0,273.0,16.522711641858304,0
150003661.0,249.0,15.7797338380595,0
150003662.0,273.0,16.522711641858304,0
150003663.0,248.0,15.748015748023622,0
150003664.0,266.0,16.30950643030009,0
150003665.0,249.0,15.7797338380595,0
150003666.0,255.0,15.968719422671311,0
150003667.0,252.0,15.874507866387544,0
150003668.0,272.0,16.492422502470642,0
150003669.0,238.0,15.427248620541512,0
150003670.0,240.0,15.491933384829668,0
150003671.0,254.0,15.937377450509228,0
150003672.0,272.0,16.492422502470642,0
150003673.0,240.0,15.491933384829668,0
150003674.0,251.0,15.84297951775486,0
150003675.0,254.0,15.937377450509228,0
150003676.0,243.0,15.588457268119896,0
150003677.0,248.0,15.748015748023622,0
150003678.0,239.0,15.459624833740307,0
150003679.0,244.0,15.620499351813308,0
150003680.0,228.0,15.0996688705415,0
150003681.0,260.0,16.1245154965971,0
150003682.0,215.0,14.66287829861518,0
150003683.0,261.0,16.15549442140351,0
150003684.0,242.0,15.556349186104045,0
150003685.0,292.0,17.08800749063506,0
150003686.0,227.0,15.066519173319364,0
150003687.0,243.0,15.588457268119896,0
150003688.0,240.0,15.491933384829668,0
150003689.0,217.0,14.730919862656235,0
150003690.0,232.0,15.231546211727817,0
150003691.0,235.0,15.329709716755891,0
150003692.0,232.0,15.231546211727817,0
150003693.0,254.0,15.937377450509228,0
150003694.0,198.0,14.071247279470288,0
150003695.0,221.0,14.866068747318506,0
150003696.0,241.0,15.524174696260024,0
150003697.0,216.0,14.696938456699069,0
150003698.0,231.0,15.198684153570664,0
150003699.0,243.0,15.588457268119896,0
150003700.0,230.0,15.165750888103101,0
150003701.0,218.0,14.7648230602334,0
150003702.0,233.0,15.264337522473747,0
150003703.0,223.0,14.933184523068078,0
150003704.0,248.0,15.748015748023622,0
150003705.0,257.0,16.0312195418814,0
150003706.0,227.0,15.066519173319364,0
150003707.0,215.0,14.66287829861518,0
150003708.0,238.0,15.427248620541512,0
150003709.0,245.0,15.652475842498529,0
150003710.0,215.0,14.66287829861518,0
150003711.0,249.0,15.7797338380595,0
150003712.0,230.0,15.165750888103101,0
150003713.0,248.0,15.748015748023622,0
150003714.0,233.0,15.264337522473747,0
150003715.0,238.0,15.427248620541512,0
150003716.0,227.0,15.066519173319364,0
150003717.0,207.0,14.38749456993816,0
150003718.0,212.0,14.560219778561036,0
150003719.0,204.0,14.2828568570857,0
150003720.0,230.0,15.165750888103101,0
150003721.0,206.0,14.352700094407323,0
150003722.0,258.0,16.06237840420901,0
150003723.0,238.0,15.427248620541512,0
150003724.0,227.0,15.066519173319364,0
150003725.0,220.0,14.832396974191326,0
150003726.0,243.0,15.588457268119896,0
150003727.0,243.0,15.588457268119896,0
150003728.0,236.0,15.362291495737216,0
150003729.0,210.0,14.491376746189438,0
150003730.0,205.0,14.317821063276353,0
150003731.0,236.0,15.362291495737216,0
150003732.0,230.0,15.165750888103101,0
150003733.0,233.0,15.264337522473747,0
150003734.0,231.0,15.198684153570664,0
150003735.0,203.0,14.247806848775006,0
150003736.0,218.0,14.7648230602334,0
150003737.0,245.0,15.652475842498529,0
150003738.0,237.0,15.394804318340652,0
150003739.0,245.0,15.652475842498529,0
150003740.0,241.0,15.524174696260024,0
150003741.0,226.0,15.033296378372908,0
150003742.0,199.0,14.106735979665885,0
150003743.0,205.0,14.317821063276353,0
150003744.0,211.0,14.52583904633395,0
150003745.0,212.0,14.560219778561036,0
150003746.0,222.0,14.89966442575134,0
150003747.0,219.0,14.798648586948742,0
150003748.0,229.0,15.132745950421556,0
150003749.0,223.0,14.933184523068078,0
150003750.0,234.0,15.297058540778355,0
150003751.0,232.0,15.231546211727817,0
150003752.0,235.0,15.329709716755891,0
150003753.0,243.0,15.588457268119896,0
150003754.0,219.0,14.798648586948742,0
150003755.0,226.0,15.033296378372908,0
150003756.0,206.0,14.352700094407323,0
150003757.0,236.0,15.362291495737216,0
150003758.0,216.0,14.696938456699069,0
150003759.0,228.0,15.0996688705415,0
150003760.0,208.0,14.422205101855956,0
150003761.0,204.0,14.2828568570857,0
150003762.0,214.0,14.628738838327793,0
150003763.0,210.0,14.491376746189438,0
150003764.0,225.0,15.0,0
150003765.0,230.0,15.165750888103101,0
150003766.0,219.0,14.798648586948742,0
150003767.0,238.0,15.427248620541512,0
150003768.0,227.0,15.066519173319364,0
150003769.0,206.0,14.352700094407323,0
150003770.0,211.0,14.52583904633395,0
150003771.0,225.0,15.0,0
150003772.0,200.0,14.142135623730951,0
150003773.0,200.0,14.142135623730951,0
150003774.0,204.0,14.2828568570857,0
150003775.0,237.0,15.394804318340652,0
150003776.0,191.0,13.820274961085254,0
150003777.0,190.0,13.784048752090222,0
150003778.0,196.0,14.0,0
150003779.0,227.0,15.066519173319364,0
150003780.0,217.0,14.730919862656235,0
150003781.0,217.0,14.730919862656235,0
150003782.0,196.0,14.0,0
150003783.0,194.0,13.92838827718412,0
150003784.0,208.0,14.422205101855956,0
150003785.0,205.0,14.317821063276353,0
150003786.0,238.0,15.427248620541512,0
150003787.0,174.0,13.19090595827292,0
150003788.0,179.0,13.379088160259652,0
150003789.0,199.0,14.106735979665885,0
150003790.0,207.0,14.38749456993816,0
150003791.0,227.0,15.066519173319364,0
150003792.0,199.0,14.106735979665885,0
150003793.0,212.0,14.560219778561036,0
150003794.0,211.0,14.52583904633395,0
150003795.0,214.0,14.628738838327793,0
150003796.0,216.0,14.696938456699069,0
150003797.0,217.0,14.730919862656235,0
150003798.0,209.0,14.45683229480096,0
150003799.0,206.0,14.352700094407323,0
150003800.0,217.0,14.730919862656235,0
150003801.0,213.0,14.594519519326424,0
150003802.0,236.0,15.362291495737216,0
150003803.0,201.0,14.177446878757825,0
150003804.0,206.0,14.352700094407323,0
150003805.0,188.0,13.711309200802088,0
150003806.0,204.0,14.2828568570857,0
150003807.0,188.0,13.711309200802088,0
150003808.0,201.0,14.177446878757825,0
150003809.0,214.0,14.628738838327793,0
150003810.0,205.0,14.317821063276353,0
150003811.0,204.0,14.2828568570857,0
150003812.0,200.0,14.142135623730951,0
150003813.0,210.0,14.491376746189438,0
150003814.0,188.0,13.711309200802088,0
150003815.0,197.0,14.035668847618199,0
150003816.0,205.0,14.317821063276353,0
150003817.0,174.0,13.19090595827292,0
150003818.0,232.0,15.231546211727817,0
150003819.0,178.0,13.341664064126334,0
150003820.0,199.0,14.106735979665885,0
150003821.0,194.0,13.92838827718412,0
150003822.0,215.0,14.66287829861518,0
150003823.0,200.0,14.142135623730951,0
150003824.0,209.0,14.45683229480096,0
150003825.0,188.0,13.711309200802088,0
150003826.0,204.0,14.2828568570857,0
150003827.0,191.0,13.820274961085254,0
150003828.0,199.0,14.106735979665885,0
150003829.0,229.0,15.132745950421556,0
150003830.0,217.0,14.730919862656235,0
150003831.0,229.0,15.132745950421556,0
150003832.0,196.0,14.0,0
150003833.0,202.0,14.212670403551895,0
150003834.0,202.0,14.212670403551895,0
150003835.0,207.0,14.38749456993816,0
150003836.0,193.0,13.892443989449804,0
150003837.0,209.0,14.45683229480096,0
150003838.0,183.0,13.527749258468683,0
150003839.0,198.0,14.071247279470288,0
150003840.0,203.0,14.247806848775006,0
150003841.0,208.0,14.422205101855956,0
150003842.0,201.0,14.177446878757825,0
150003843.0,169.0,13.0,0
150003844.0,212.0,14.560219778561036,0
150003845.0,192.0,13.856406460551018,0
150003846.0,217.0,14.730919862656235,0
150003847.0,200.0,14.142135623730951,0
150003848.0,203.0,14.247806848775006,0
150003849.0,209.0,14.45683229480096,0
150003850.0,203.0,14.247806848775006,0
150003851.0,206.0,14.352700094407323,0
150003852.0,194.0,13.92838827718412,0
150003853.0,197.0,14.035668847618199,0
150003854.0,196.0,14.0,0
150003855.0,212.0,14.560219778561036,0
150003856.0,196.0,14.0,0
150003857.0,177.0,13.30413469565007,0
150003858.0,184.0,13.564659966250536,0
150003859.0,191.0,13.820274961085254,0
150003860.0,199.0,14.106735979665885,0
150003861.0,177.0,13.30413469565007,0
150003862.0,219.0,14.798648586948742,0
150003863.0,193.0,13.892443989449804,0
150003864.0,184.0,13.564659966250536,0
150003865.0,188.0,13.711309200802088,0
150003866.0,193.0,13.892443989449804,0
150003867.0,175.0,13.228756555322953,0
150003868.0,189.0,13.74772708486752,0
150003869.0,208.0,14.422205101855956,0
150003870.0,210.0,14.491376746189438,0
150003871.0,185.0,13.601470508735444,0
150003872.0,175.0,13.228756555322953,0
150003873.0,189.0,13.74772708486752,0
150003874.0,186.0,13.638181696985855,0
150003875.0,196.0,14.0,0
150003876.0,176.0,13.2664991614216,0
150003877.0,181.0,13.45362404707371,0
150003878.0,185.0,13.601470508735444,0
150003879.0,199.0,14.106735979665885,0
150003880.0,183.0,13.527749258468683,0
150003881.0,187.0,13.674794331177344,0
150003882.0,196.0,14.0,0
150003883.0,181.0,13.45362404707371,0
150003884.0,213.0,14.594519519326424,0
150003885.0,187.0,13.674794331177344,0
150003886.0,186.0,13.638181696985855,0
150003887.0,174.0,13.19090595827292,0
150003888.0,188.0,13.711309200802088,0
150003889.0,187.0,13.674794331177344,0
150003890.0,213.0,14.594519519326424,0
150003891.0,174.0,13.19090595827292,0
150003892.0,171.0,13.076696830622021,0
150003893.0,167.0,12.922847983320086,0
150003894.0,186.0,13.638181696985855,0
150003895.0,199.0,14.106735979665885,0
150003896.0,167.0,12.922847983320086,0
150003897.0,191.0,13.820274961085254,0
150003898.0,178.0,13.341664064126334,0
150003899.0,167.0,12.922847983320086,0
150003900.0,170.0,13.038404810405298,0
150003901.0,185.0,13.601470508735444,0
150003902.0,191.0,13.820274961085254,0
150003903.0,180.0,13.416407864998739,0
150003904.0,174.0,13.19090595827292,0
150003905.0,177.0,13.30413469565007,0
150003906.0,178.0,13.341664064126334,0
150003907.0,186.0,13.638181696985855,0
150003908.0,182.0,13.490737563232042,0
150003909.0,178.0,13.341664064126334,0
150003910.0,176.0,13.2664991614216,0
150003911.0,175.0,13.228756555322953,0
150003912.0,181.0,13.45362404707371,0
150003913.0,189.0,13.74772708486752,0
150003914.0,184.0,13.564659966250536,0
150003915.0,191.0,13.820274961085254,0
150003916.0,194.0,13.92838827718412,0
150003917.0,177.0,13.30413469565007,0
150003918.0,187.0,13.674794331177344,0
150003919.0,178.0,13.341664064126334,0
150003920.0,182.0,13.490737563232042,0
150003921.0,179.0,13.379088160259652,0
150003922.0,183.0,13.527749258468683,0
150003923.0,193.0,13.892443989449804,0
150003924.0,172.0,13.114877048604,0
150003925.0,214.0,14.628738838327793,0
150003926.0,164.0,12.806248474865697,0
150003927.0,198.0,14.071247279470288,0
150003928.0,183.0,13.527749258468683,0
150003929.0,197.0,14.035668847618199,0
150003930.0,196.0,14.0,0
150003931.0,161.0,12.68857754044952,0
150003932.0,174.0,13.19090595827292,0
150003933.0,174.0,13.19090595827292,0
150003934.0,169.0,13.0,0
150003935.0,182.0,13.490737563232042,0
150003936.0,195.0,13.96424004376894,0
150003937.0,174.0,13.19090595827292,0
150003938.0,184.0,13.564659966250536,0
150003939.0,187.0,13.674794331177344,0
150003940.0,176.0,13.2664991614216,0
150003941.0,183.0,13.527749258468683,0
150003942.0,186.0,13.638181696985855,0
150003943.0,161.0,12.68857754044952,0
150003944.0,181.0,13.45362404707371,0
150003945.0,197.0,14.035668847618199,0
150003946.0,159.0,12.609520212918492,0
150003947.0,204.0,14.2828568570857,0
150003948.0,177.0,13.30413469565007,0
150003949.0,196.0,14.0,0
150003950.0,175.0,13.228756555322953,0
150003951.0,166.0,12.884098726725126,0
150003952.0,170.0,13.038404810405298,0
150003953.0,202.0,14.212670403551895,0
150003954.0,171.0,13.076696830622021,0
150003955.0,181.0,13.45362404707371,0
150003956.0,189.0,13.74772708486752,0
150003957.0,160.0,12.649110640673518,0
150003958.0,187.0,13.674794331177344,0
150003959.0,192.0,13.856406460551018,0
150003960.0,171.0,13.076696830622021,0
150003961.0,168.0,12.96148139681572,0
150003962.0,161.0,12.68857754044952,0
150003963.0,169.0,13.0,0
150003964.0,194.0,13.92838827718412,0
150003965.0,180.0,13.416407864998739,0
150003966.0,182.0,13.490737563232042,0
150003967.0,155.0,12.449899597988733,0
150003968.0,173.0,13.152946437965905,0
150003969.0,180.0,13.416407864998739,0
150003970.0,149.0,12.206555615733702,0
150003971.0,184.0,13.564659966250536,0
150003972.0,177.0,13.30413469565007,0
150003973.0,186.0,13.638181696985855,0
150003974.0,174.0,13.19090595827292,0
150003975.0,179.0,13.379088160259652,0
150003976.0,144.0,12.0,0
150003977.0,183.0,13.527749258468683,0
150003978.0,168.0,12.96148139681572,0
150003979.0,171.0,13.076696830622021,0
150003980.0,184.0,13.564659966250536,0
150003981.0,193.0,13.892443989449804,0
150003982.0,163.0,12.767145334803704,0
150003983.0,170.0,13.038404810405298,0
150003984.0,181.0,13.45362404707371,0
150003985.0,168.0,12.96148139681572,0
150003986.0,176.0,13.2664991614216,0
150003987.0,184.0,13.564659966250536,0
150003988.0,185.0,13.601470508735444,0
150003989.0,174.0,13.19090595827292,0
150003990.0,192.0,13.856406460551018,0
150003991.0,172.0,13.114877048604,0
150003992.0,169.0,13.0,0
150003993.0,164.0,12.806248474865697,0
150003994.0,177.0,13.30413469565007,0
150003995.0,185.0,13.601470508735444,0
150003996.0,187.0,13.674794331177344,0
150003997.0,166.0,12.884098726725126,0
150003998.0,169.0,13.0,0
150003999.0,165.0,12.84523257866513,0
150004000.0,179.0,13.379088160259652,0
150004001.0,176.0,13.2664991614216,0
150004002.0,188.0,13.711309200802088,0
150004003.0,177.0,13.30413469565007,0
150004004.0,164.0,12.806248474865697,0
150004005.0,180.0,13.416407864998739,0
150004006.0,170.0,13.038404810405298,0
150004007.0,173.0,13.152946437965905,0
150004008.0,183.0,13.527749258468683,0
150004009.0,187.0,13.674794331177344,0
150004010.0,170.0,13.038404810405298,0
150004011.0,144.0,12.0,0
150004012.0,172.0,13.114877048604,0
150004013.0,175.0,13.228756555322953,0
150004014.0,151.0,12.288205727444508,0
150004015.0,190.0,13.784048752090222,0
150004016.0,175.0,13.228756555322953,0
150004017.0,178.0,13.341664064126334,0
150004018.0,184.0,13.564659966250536,0
150004019.0,158.0,12.569805089976535,0
150004020.0,172.0,13.114877048604,0
150004021.0,168.0,12.96148139681572,0
150004022.0,183.0,13.527749258468683,0
150004023.0,173.0,13.152946437965905,0
150004024.0,176.0,13.2664991614216,0
150004025.0,157.0,12.529964086141668,0
150004026.0,185.0,13.601470508735444,0
150004027.0,187.0,13.674794331177344,0
150004028.0,176.0,13.2664991614216,0
150004029.0,151.0,12.288205727444508,0
150004030.0,166.0,12.884098726725126,0
150004031.0,188.0,13.711309200802088,0
150004032.0,149.0,12.206555615733702,0
150004033.0,158.0,12.569805089976535,0
150004034.0,170.0,13.038404810405298,0
150004035.0,176.0,13.2664991614216,0
150004036.0,162.0,12.727922061357855,0
150004037.0,174.0,13.19090595827292,0
150004038.0,159.0,12.609520212918492,0
150004039.0,204.0,14.2828568570857,0
150004040.0,180.0,13.416407864998739,0
150004041.0,169.0,13.0,0
150004042.0,172.0,13.114877048604,0
150004043.0,196.0,14.0,0
150004044.0,147.0,12.12435565298214,0
150004045.0,139.0,11.789826122551595,0
150004046.0,168.0,12.96148139681572,0
150004047.0,177.0,13.30413469565007,0
150004048.0,172.0,13.114877048604,0
150004049.0,166.0,12.884098726725126,0
150004050.0,177.0,13.30413469565007,0
150004051.0,167.0,12.922847983320086,0
150004052.0,155.0,12.449899597988733,0
150004053.0,185.0,13.601470508735444,0
150004054.0,168.0,12.96148139681572,0
150004055.0,192.0,13.856406460551018,0
150004056.0,147.0,12.12435565298214,0
150004057.0,166.0,12.884098726725126,0
150004058.0,173.0,13.152946437965905,0
150004059.0,170.0,13.038404810405298,0
150004060.0,198.0,14.071247279470288,0
150004061.0,176.0,13.2664991614216,0
150004062.0,186.0,13.638181696985855,0
150004063.0,180.0,13.416407864998739,0
150004064.0,162.0,12.727922061357855,0
150004065.0,165.0,12.84523257866513,0
150004066.0,172.0,13.114877048604,0
150004067.0,172.0,13.114877048604,0
150004068.0,183.0,13.527749258468683,0
150004069.0,166.0,12.884098726725126,0
150004070.0,149.0,12.206555615733702,0
150004071.0,154.0,12.409673645990857,0
150004072.0,163.0,12.767145334803704,0
150004073.0,182.0,13.490737563232042,0
150004074.0,136.0,11.661903789690601,0
150004075.0,167.0,12.922847983320086,0
150004076.0,159.0,12.609520212918492,0
150004077.0,151.0,12.288205727444508,0
150004078.0,150.0,12.24744871391589,0
150004079.0,156.0,12.489995996796797,0
150004080.0,132.0,11.489125293076057,0
150004081.0,151.0,12.288205727444508,0
150004082.0,145.0,12.041594578792296,0
150004083.0,174.0,13.19090595827292,0
150004084.0,149.0,12.206555615733702,0
150004085.0,157.0,12.529964086141668,0
150004086.0,175.0,13.228756555322953,0
150004087.0,168.0,12.96148139681572,0
150004088.0,183.0,13.527749258468683,0
150004089.0,163.0,12.767145334803704,0
150004090.0,151.0,12.288205727444508,0
150004091.0,170.0,13.038404810405298,0
150004092.0,164.0,12.806248474865697,0
150004093.0,167.0,12.922847983320086,0
150004094.0,157.0,12.529964086141668,0
150004095.0,187.0,13.674794331177344,0
150004096.0,166.0,12.884098726725126,0
150004097.0,134.0,11.575836902790225,0
150004098.0,167.0,12.922847983320086,0
150004099.0,141.0,11.874342087037917,0
150004100.0,192.0,13.856406460551018,0
150004101.0,168.0,12.96148139681572,0
150004102.0,145.0,12.041594578792296,0
150004103.0,189.0,13.74772708486752,0
150004104.0,155.0,12.449899597988733,0
150004105.0,167.0,12.922847983320086,0
150004106.0,163.0,12.767145334803704,0
150004107.0,162.0,12.727922061357855,0
150004108.0,168.0,12.96148139681572,0
150004109.0,179.0,13.379088160259652,0
150004110.0,167.0,12.922847983320086,0
150004111.0,154.0,12.409673645990857,0
150004112.0,149.0,12.206555615733702,0
150004113.0,175.0,13.228756555322953,0
150004114.0,143.0,11.958260743101398,0
150004115.0,171.0,13.076696830622021,0
150004116.0,160.0,12.649110640673518,0
150004117.0,183.0,13.527749258468683,0
150004118.0,158.0,12.569805089976535,0
150004119.0,146.0,12.083045973594572,0
150004120.0,142.0,11.916375287812984,0
150004121.0,183.0,13.527749258468683,0
150004122.0,188.0,13.711309200802088,0
150004123.0,154.0,12.409673645990857,0
150004124.0,165.0,12.84523257866513,0
150004125.0,161.0,12.68857754044952,0
150004126.0,155.0,12.449899597988733,0
150004127.0,186.0,13.638181696985855,0
150004128.0,144.0,12.0,0
150004129.0,177.0,13.30413469565007,0
150004130.0,134.0,11.575836902790225,0
150004131.0,160.0,12.649110640673518,0
150004132.0,171.0,13.076696830622021,0
150004133.0,161.0,12.68857754044952,0
150004134.0,158.0,12.569805089976535,0
150004135.0,143.0,11.958260743101398,0
150004136.0,133.0,11.532562594670797,0
150004137.0,151.0,12.288205727444508,0
150004138.0,167.0,12.922847983320086,0
150004139.0,171.0,13.076696830622021,0
150004140.0,177.0,13.30413469565007,0
150004141.0,151.0,12.288205727444508,0
150004142.0,171.0,13.076696830622021,0
150004143.0,158.0,12.569805089976535,0
150004144.0,156.0,12.489995996796797,0
150004145.0,153.0,12.36931687685298,0
150004146.0,159.0,12.609520212918492,0
150004147.0,157.0,12.529964086141668,0
150004148.0,142.0,11.916375287812984,0
150004149.0,162.0,12.727922061357855,0
150004150.0,152.0,12.328828005937952,0
150004151.0,162.0,12.727922061357855,0
150004152.0,177.0,13.30413469565007,0
150004153.0,157.0,12.529964086141668,0
150004154.0,162.0,12.727922061357855,0
150004155.0,152.0,12.328828005937952,0
150004156.0,165.0,12.84523257866513,0
150004157.0,169.0,13.0,0
150004158.0,131.0,11.445523142259598,0
150004159.0,177.0,13.30413469565007,0
150004160.0,162.0,12.727922061357855,0
150004161.0,153.0,12.36931687685298,0
150004162.0,144.0,12.0,0
150004163.0,162.0,12.727922061357855,0
150004164.0,147.0,12.12435565298214,0
150004165.0,161.0,12.68857754044952,0
150004166.0,162.0,12.727922061357855,0
150004167.0,140.0,11.832159566199232,0
150004168.0,162.0,12.727922061357855,0
150004169.0,144.0,12.0,0
150004170.0,161.0,12.68857754044952,0
150004171.0,154.0,12.409673645990857,0
150004172.0,153.0,12.36931687685298,0
150004173.0,145.0,12.041594578792296,0
150004174.0,152.0,12.328828005937952,0
150004175.0,123.0,11.090536506409418,0
150004176.0,141.0,11.874342087037917,0
150004177.0,131.0,11.445523142259598,0
150004178.0,159.0,12.609520212918492,0
150004179.0,149.0,12.206555615733702,0
150004180.0,161.0,12.68857754044952,0
150004181.0,155.0,12.449899597988733,0
150004182.0,153.0,12.36931687685298,0
150004183.0,154.0,12.409673645990857,0
150004184.0,197.0,14.035668847618199,0
150004185.0,111.0,10.535653752852738,0
150004186.0,152.0,12.328828005937952,0
150004187.0,159.0,12.609520212918492,0
150004188.0,149.0,12.206555615733702,0
150004189.0,176.0,13.2664991614216,0
150004190.0,151.0,12.288205727444508,0
150004191.0,165.0,12.84523257866513,0
150004192.0,162.0,12.727922061357855,0
150004193.0,172.0,13.114877048604,0
150004194.0,140.0,11.832159566199232,0
150004195.0,155.0,12.449899597988733,0
150004196.0,139.0,11.789826122551595,0
150004197.0,136.0,11.661903789690601,0
150004198.0,164.0,12.806248474865697,0
150004199.0,152.0,12.328828005937952,0
150004200.0,,,1
150004201.0,,,1
150004202.0,,,1
150004203.0,,,1
150004204.0,,,1
150004205.0,,,1
150004206.0,,,1
150004207.0,,,1
150004208.0,,,1
150004209.0,,,1
150004210.0,,,1
150004211.0,,,1
150004212.0,,,1
150004213.0,,,1
150004214.0,,,1
150004215.0,,,1
150004216.0,,,1
150004217.0,,,1
150004218.0,,,1
150004219.0,,,1
150004220.0,,,1
150004221.0,,,1
150004222.0,,,1
150004223.0,,,1
150004224.0,,,1
150004225.0,,,1
150004226.0,,,1
150004227.0,,,1
150004228.0,,,1
150004229.0,,,1
150004230.0,,,1
150004231.0,,,1
150004232.0,,,1
150004233.0,,,1
150004234.0,,,1
150004235.0,,,1
150004236.0,,,1
150004237.0,,,1
150004238.0,,,1
150004239.0,,,1
150004240.0,,,1
150004241.0,,,1
150004242.0,,,1
150004243.0,,,1
150004244.0,,,1
150004245.0,,,1
150004246.0,,,1
150004247.0,,,1
150004248.0,,,1
150004249.0,,,1
150004250.0,,,1
150004251.0,,,1
150004252.0,,,1
150004253.0,,,1
150004254.0,,,1
150004255.0,,,1
150004256.0,,,1
150004257.0,,,1
150004258.0,,,1
150004259.0,,,1
150004260.0,,,1
150004261.0,150.0,12.24744871391589,0
150004262.0,162.0,12.727922061357855,0
150004263.0,148.0,12.165525060596439,0
150004264.0,147.0,12.12435565298214,0
150004265.0,148.0,12.165525060596439,0
150004266.0,140.0,11.832159566199232,0
150004267.0,154.0,12.409673645990857,0
150004268.0,124.0,11.135528725660043,0
150004269.0,175.0,13.228756555322953,0
150004270.0,158.0,12.569805089976535,0
150004271.0,140.0,11.832159566199232,0
150004272.0,138.0,11.74734012447073,0
150004273.0,139.0,11.789826122551595,0
150004274.0,170.0,13.038404810405298,0
150004275.0,169.0,13.0,0
150004276.0,154.0,12.409673645990857,0
150004277.0,157.0,12.529964086141668,0
150004278.0,168.0,12.96148139681572,0
150004279.0,147.0,12.12435565298214,0
150004280.0,154.0,12.409673645990857,0
150004281.0,144.0,12.0,0
150004282.0,152.0,12.328828005937952,0
150004283.0,153.0,12.36931687685298,0
150004284.0,162.0,12.727922061357855,0
150004285.0,165.0,12.84523257866513,0
150004286.0,160.0,12.649110640673518,0
150004287.0,152.0,12.328828005937952,0
150004288.0,145.0,12.041594578792296,0
150004289.0,139.0,11.789826122551595,0
150004290.0,159.0,12.609520212918492,0
150004291.0,149.0,12.206555615733702,0
150004292.0,140.0,11.832159566199232,0
150004293.0,148.0,12.165525060596439,0
150004294.0,161.0,12.68857754044952,0
150004295.0,150.0,12.24744871391589,0
150004296.0,157.0,12.529964086141668,0
150004297.0,154.0,12.409673645990857,0
150004298.0,135.0,11.61895003862225,0
150004299.0,156.0,12.489995996796797,0
150004300.0,134.0,11.575836902790225,0
150004301.0,168.0,12.96148139681572,0
150004302.0,138.0,11.74734012447073,0
150004303.0,171.0,13.076696830622021,0
150004304.0,161.0,12.68857754044952,0
150004305.0,142.0,11.916375287812984,0
150004306.0,164.0,12.806248474865697,0
150004307.0,142.0,11.916375287812984,0
150004308.0,143.0,11.958260743101398,0
150004309.0,176.0,13.2664991614216,0
150004310.0,150.0,12.24744871391589,0
150004311.0,124.0,11.135528725660043,0
150004312.0,130.0,11.40175425099138,0
150004313.0,136.0,11.661903789690601,0
150004314.0,129.0,11.357816691600547,0
150004315.0,164.0,12.806248474865697,0
150004316.0,151.0,12.288205727444508,0
150004317.0,149.0,12.206555615733702,0
150004318.0,157.0,12.529964086141668,0
150004319.0,145.0,12.041594578792296,0
150004320.0,147.0,12.12435565298214,0
150004321.0,149.0,12.206555615733702,0
150004322.0,143.0,11.958260743101398,0
150004323.0,146.0,12.083045973594572,0
150004324.0,115.0,10.723805294763608,0
150004325.0,142.0,11.916375287812984,0
150004326.0,147.0,12.12435565298214,0
150004327.0,138.0,11.74734012447073,0
150004328.0,133.0,11.532562594670797,0
150004329.0,139.0,11.789826122551595,0
150004330.0,126.0,11.224972160321824,0
150004331.0,167.0,12.922847983320086,0
150004332.0,164.0,12.806248474865697,0
150004333.0,143.0,11.958260743101398,0
150004334.0,170.0,13.038404810405298,0
150004335.0,141.0,11.874342087037917,0
150004336.0,128.0,11.313708498984761,0
150004337.0,136.0,11.661903789690601,0
150004338.0,171.0,13.076696830622021,0
150004339.0,133.0,11.532562594670797,0
150004340.0,124.0,11.135528725660043,0
150004341.0,149.0,12.206555615733702,0
150004342.0,138.0,11.74734012447073,0
150004343.0,175.0,13.228756555322953,0
150004344.0,143.0,11.958260743101398,0
150004345.0,130.0,11.40175425099138,0
150004346.0,155.0,12.449899597988733,0
150004347.0,150.0,12.24744871391589,0
150004348.0,141.0,11.874342087037917,0
150004349.0,157.0,12.529964086141668,0
150004350.0,147.0,12.12435565298214,0
150004351.0,146.0,12.083045973594572,0
150004352.0,153.0,12.36931687685298,0
150004353.0,152.0,12.328828005937952,0
150004354.0,126.0,11.224972160321824,0
150004355.0,156.0,12.489995996796797,0
150004356.0,153.0,12.36931687685298,0
150004357.0,154.0,12.409673645990857,0
150004358.0,158.0,12.569805089976535,0
150004359.0,127.0,11.269427669584644,0
150004360.0,148.0,12.165525060596439,0
150004361.0,139.0,11.789826122551595,0
150004362.0,156.0,12.489995996796797,0
150004363.0,154.0,12.409673645990857,0
150004364.0,145.0,12.041594578792296,0
150004365.0,140.0,11.832159566199232,0
150004366.0,139.0,11.789826122551595,0
150004367.0,138.0,11.74734012447073,0
150004368.0,124.0,11.135528725660043,0
150004369.0,165.0,12.84523257866513,0
150004370.0,153.0,12.36931687685298,0
150004371.0,161.0,12.68857754044952,0
150004372.0,147.0,12.12435565298214,0
150004373.0,127.0,11.269427669584644,0
150004374.0,143.0,11.958260743101398,0
150004375.0,145.0,12.041594578792296,0
150004376.0,161.0,12.68857754044952,0
150004377.0,154.0,12.409673645990857,0
150004378.0,148.0,12.165525060596439,0
150004379.0,133.0,11.532562594670797,0
150004380.0,152.0,12.328828005937952,0
150004381.0,156.0,12.489995996796797,0
150004382.0,145.0,12.041594578792296,0
150004383.0,134.0,11.575836902790225,0
150004384.0,144.0,12.0,0
150004385.0,136.0,11.661903789690601,0
150004386.0,158.0,12.569805089976535,0
150004387.0,123.0,11.090536506409418,0
150004388.0,156.0,12.489995996796797,0
150004389.0,134.0,11.575836902790225,0
150004390.0,148.0,12.165525060596439,0
150004391.0,162.0,12.727922061357855,0
150004392.0,144.0,12.0,0
150004393.0,152.0,12.328828005937952,0
150004394.0,153.0,12.36931687685298,0
150004395.0,139.0,11.789826122551595,0
150004396.0,158.0,12.569805089976535,0
150004397.0,138.0,11.74734012447073,0
150004398.0,132.0,11.489125293076057,0
150004399.0,133.0,11.532562594670797,0
150004400.0,137.0,11.704699910719626,0
150004401.0,139.0,11.789826122551595,0
150004402.0,149.0,12.206555615733702,0
150004403.0,147.0,12.12435565298214,0
150004404.0,139.0,11.789826122551595,0
150004405.0,143.0,11.958260743101398,0
150004406.0,148.0,12.165525060596439,0
150004407.0,139.0,11.789826122551595,0
150004408.0,134.0,11.575836902790225,0
150004409.0,145.0,12.041594578792296,0
150004410.0,143.0,11.958260743101398,0
150004411.0,140.0,11.832159566199232,0
150004412.0,150.0,12.24744871391589,0
150004413.0,160.0,12.649110640673518,0
150004414.0,131.0,11.445523142259598,0
150004415.0,120.0,10.954451150103322,0
150004416.0,158.0,12.569805089976535,0
150004417.0,139.0,11.789826122551595,0
150004418.0,130.0,11.40175425099138,0
150004419.0,154.0,12.409673645990857,0
150004420.0,145.0,12.041594578792296,0
150004421.0,148.0,12.165525060596439,0
150004422.0,153.0,12.36931687685298,0
150004423.0,154.0,12.409673645990857,0
150004424.0,148.0,12.165525060596439,0
150004425.0,131.0,11.445523142259598,0
150004426.0,146.0,12.083045973594572,0
150004427.0,152.0,12.328828005937952,0
150004428.0,118.0,10.862780491200215,0
150004429.0,160.0,12.649110640673518,0
150004430.0,165.0,12.84523257866513,0
150004431.0,145.0,12.041594578792296,0
150004432.0,134.0,11.575836902790225,0
150004433.0,154.0,12.409673645990857,0
150004434.0,151.0,12.288205727444508,0
150004435.0,143.0,11.958260743101398,0
150004436.0,126.0,11.224972160321824,0
150004437.0,144.0,12.0,0
150004438.0,129.0,11.357816691600547,0
150004439.0,143.0,11.958260743101398,0
150004440.0,150.0,12.24744871391589,0
150004441.0,129.0,11.357816691600547,0
150004442.0,143.0,11.958260743101398,0
150004443.0,134.0,11.575836902790225,0
150004444.0,137.0,11.704699910719626,0
150004445.0,160.0,12.649110640673518,0
150004446.0,136.0,11.661903789690601,0
150004447.0,148.0,12.165525060596439,0
150004448.0,160.0,12.649110640673518,0
150004449.0,116.0,10.770329614269007,0
150004450.0,141.0,11.874342087037917,0
150004451.0,159.0,12.609520212918492,0
150004452.0,139.0,11.789826122551595,0
150004453.0,145.0,12.041594578792296,0
150004454.0,138.0,11.74734012447073,0
150004455.0,136.0,11.661903789690601,0
150004456.0,143.0,11.958260743101398,0
150004457.0,143.0,11.958260743101398,0
150004458.0,138.0,11.74734012447073,0
150004459.0,152.0,12.328828005937952,0
150004460.0,140.0,11.832159566199232,0
150004461.0,145.0,12.041594578792296,0
150004462.0,183.0,13.527749258468683,0
150004463.0,156.0,12.489995996796797,0
150004464.0,135.0,11.61895003862225,0
150004465.0,130.0,11.40175425099138,0
150004466.0,135.0,11.61895003862225,0
150004467.0,169.0,13.0,0
150004468.0,160.0,12.649110640673518,0
150004469.0,138.0,11.74734012447073,0
150004470.0,152.0,12.328828005937952,0
150004471.0,136.0,11.661903789690601,0
150004472.0,130.0,11.40175425099138,0
150004473.0,152.0,12.328828005937952,0
150004474.0,143.0,11.958260743101398,0
150004475.0,145.0,12.041594578792296,0
150004476.0,129.0,11.357816691600547,0
150004477.0,167.0,12.922847983320086,0
150004478.0,119.0,10.908712114635714,0
150004479.0,149.0,12.206555615733702,0
150004480.0,161.0,12.68857754044952,0
150004481.0,162.0,12.727922061357855,0
150004482.0,124.0,11.135528725660043,0
150004483.0,148.0,12.165525060596439,0
150004484.0,139.0,11.789826122551595,0
150004485.0,129.0,11.357816691600547,0
150004486.0,149.0,12.206555615733702,0
150004487.0,146.0,12.083045973594572,0
150004488.0,169.0,13.0,0
150004489.0,128.0,11.313708498984761,0
150004490.0,135.0,11.61895003862225,0
150004491.0,144.0,12.0,0
150004492.0,146.0,12.083045973594572,0
150004493.0,165.0,12.84523257866513,0
150004494.0,163.0,12.767145334803704,0
150004495.0,140.0,11.832159566199232,0
150004496.0,156.0,12.489995996796797,0
150004497.0,138.0,11.74734012447073,0
150004498.0,154.0,12.409673645990857,0
150004499.0,147.0,12.12435565298214,0
150004500.0,133.0,11.532562594670797,0
150004501.0,137.0,11.704699910719626,0
150004502.0,143.0,11.958260743101398,0
150004503.0,143.0,11.958260743101398,0
150004504.0,154.0,12.409673645990857,0
150004505.0,151.0,12.288205727444508,0
150004506.0,135.0,11.61895003862225,0
150004507.0,155.0,12.449899597988733,0
150004508.0,145.0,12.041594578792296,0
150004509.0,140.0,11.832159566199232,0
150004510.0,125.0,11.180339887498949,0
150004511.0,117.0,10.816653826391969,0
150004512.0,147.0,12.12435565298214,0
150004513.0,152.0,12.328828005937952,0
150004514.0,131.0,11.445523142259598,0
150004515.0,151.0,12.288205727444508,0
150004516.0,157.0,12.529964086141668,0
150004517.0,141.0,11.874342087037917,0
150004518.0,140.0,11.832159566199232,0
150004519.0,168.0,12.96148139681572,0
150004520.0,130.0,11.40175425099138,0
150004521.0,157.0,12.529964086141668,0
150004522.0,150.0,12.24744871391589,0
150004523.0,136.0,11.661903789690601,0
150004524.0,141.0,11.874342087037917,0
150004525.0,160.0,12.649110640673518,0
150004526.0,141.0,11.874342087037917,0
150004527.0,130.0,11.40175425099138,0
150004528.0,155.0,12.449899597988733,0
150004529.0,126.0,11.224972160321824,0
150004530.0,144.0,12.0,0
150004531.0,143.0,11.958260743101398,0
150004532.0,153.0,12.36931687685298,0
150004533.0,147.0,12.12435565298214,0
150004534.0,142.0,11.916375287812984,0
150004535.0,133.0,11.532562594670797,0
150004536.0,149.0,12.206555615733702,0
150004537.0,153.0,12.36931687685298,0
150004538.0,136.0,11.661903789690601,0
150004539.0,151.0,12.288205727444508,0
150004540.0,139.0,11.789826122551595,0
150004541.0,125.0,11.180339887498949,0
150004542.0,130.0,11.40175425099138,0
150004543.0,139.0,11.789826122551595,0
150004544.0,130.0,11.40175425099138,0
150004545.0,133.0,11.532562594670797,0
150004546.0,133.0,11.532562594670797,0
150004547.0,166.0,12.884098726725126,0
150004548.0,140.0,11.832159566199232,0
150004549.0,122.0,11.045361017187261,0
150004550.0,139.0,11.789826122551595,0
150004551.0,154.0,12.409673645990857,0
150004552.0,148.0,12.165525060596439,0
150004553.0,157.0,12.529964086141668,0
150004554.0,120.0,10.954451150103322,0
150004555.0,154.0,12.409673645990857,0
150004556.0,139.0,11.789826122551595,0
150004557.0,158.0,12.569805089976535,0
150004558.0,153.0,12.36931687685298,0
150004559.0,128.0,11.313708498984761,0
150004560.0,132.0,11.489125293076057,0
150004561.0,149.0,12.206555615733702,0
150004562.0,152.0,12.328828005937952,0
150004563.0,140.0,11.832159566199232,0
150004564.0,144.0,12.0,0
150004565.0,141.0,11.874342087037917,0
150004566.0,130.0,11.40175425099138,0
150004567.0,107.0,10.344080432788601,0
150004568.0,151.0,12.288205727444508,0
150004569.0,139.0,11.789826122551595,0
150004570.0,131.0,11.445523142259598,0
150004571.0,134.0,11.575836902790225,0
150004572.0,148.0,12.165525060596439,0
150004573.0,165.0,12.84523257866513,0
150004574.0,154.0,12.409673645990857,0
150004575.0,143.0,11.958260743101398,0
150004576.0,139.0,11.789826122551595,0
150004577.0,133.0,11.532562594670797,0
150004578.0,151.0,12.288205727444508,0
150004579.0,145.0,12.041594578792296,0
150004580.0,153.0,12.36931687685298,0
150004581.0,163.0,12.767145334803704,0
150004582.0,131.0,11.445523142259598,0
150004583.0,130.0,11.40175425099138,0
150004584.0,144.0,12.0,0
150004585.0,131.0,11.445523142259598,0
150004586.0,160.0,12.649110640673518,0
150004587.0,139.0,11.789826122551595,0
150004588.0,129.0,11.357816691600547,0
150004589.0,160.0,12.649110640673518,0
150004590.0,148.0,12.165525060596439,0
150004591.0,138.0,11.74734012447073,0
150004592.0,132.0,11.489125293076057,0
150004593.0,148.0,12.165525060596439,0
150004594.0,163.0,12.767145334803704,0
150004595.0,144.0,12.0,0
150004596.0,127.0,11.269427669584644,0
150004597.0,128.0,11.313708498984761,0
150004598.0,165.0,12.84523257866513,0
150004599.0,122.0,11.045361017187261,0
150004600.0,144.0,12.0,0
150004601.0,142.0,11.916375287812984,0
150004602.0,131.0,11.445523142259598,0
150004603.0,138.0,11.74734012447073,0
150004604.0,133.0,11.532562594670797,0
150004605.0,124.0,11.135528725660043,0
150004606.0,150.0,12.24744871391589,0
150004607.0,130.0,11.40175425099138,0
150004608.0,168.0,12.96148139681572,0
150004609.0,130.0,11.40175425099138,0
150004610.0,133.0,11.532562594670797,0
150004611.0,145.0,12.041594578792296,0
150004612.0,142.0,11.916375287812984,0
150004613.0,153.0,12.36931687685298,0
150004614.0,134.0,11.575836902790225,0
150004615.0,135.0,11.61895003862225,0
150004616.0,135.0,11.61895003862225,0
150004617.0,125.0,11.180339887498949,0
150004618.0,150.0,12.24744871391589,0
150004619.0,130.0,11.40175425099138,0
150004620.0,129.0,11.357816691600547,0
150004621.0,149.0,12.206555615733702,0
150004622.0,151.0,12.288205727444508,0
150004623.0,139.0,11.789826122551595,0
150004624.0,148.0,12.165525060596439,0
150004625.0,157.0,12.529964086141668,0
150004626.0,146.0,12.083045973594572,0
150004627.0,145.0,12.041594578792296,0
150004628.0,136.0,11.661903789690601,0
150004629.0,131.0,11.445523142259598,0
150004630.0,141.0,11.874342087037917,0
150004631.0,107.0,10.344080432788601,0
150004632.0,140.0,11.832159566199232,0
150004633.0,150.0,12.24744871391589,0
150004634.0,132.0,11.489125293076057,0
150004635.0,134.0,11.575836902790225,0
150004636.0,125.0,11.180339887498949,0
150004637.0,150.0,12.24744871391589,0
150004638.0,156.0,12.489995996796797,0
150004639.0,140.0,11.832159566199232,0
150004640.0,136.0,11.661903789690601,0
150004641.0,131.0,11.445523142259598,0
150004642.0,154.0,12.409673645990857,0
150004643.0,134.0,11.575836902790225,0
150004644.0,126.0,11.224972160321824,0
150004645.0,138.0,11.74734012447073,0
150004646.0,130.0,11.40175425099138,0
150004647.0,149.0,12.206555615733702,0
150004648.0,147.0,12.12435565298214,0
150004649.0,146.0,12.083045973594572,0
150004650.0,137.0,11.704699910719626,0
150004651.0,151.0,12.288205727444508,0
150004652.0,140.0,11.832159566199232,0
150004653.0,147.0,12.12435565298214,0
150004654.0,135.0,11.61895003862225,0
150004655.0,142.0,11.916375287812984,0
150004656.0,157.0,12.529964086141668,0
150004657.0,130.0,11.40175425099138,0
150004658.0,147.0,12.12435565298214,0
150004659.0,138.0,11.74734012447073,0
150004660.0,152.0,12.328828005937952,0
150004661.0,136.0,11.661903789690601,0
150004662.0,146.0,12.083045973594572,0
150004663.0,139.0,11.789826122551595,0
150004664.0,141.0,11.874342087037917,0
150004665.0,135.0,11.61895003862225,0
150004666.0,136.0,11.661903789690601,0
150004667.0,166.0,12.884098726725126,0
150004668.0,128.0,11.313708498984761,0
150004669.0,141.0,11.874342087037917,0
150004670.0,141.0,11.874342087037917,0
150004671.0,141.0,11.874342087037917,0
150004672.0,143.0,11.958260743101398,0
150004673.0,162.0,12.727922061357855,0
150004674.0,146.0,12.083045973594572,0
150004675.0,139.0,11.789826122551595,0
150004676.0,139.0,11.789826122551595,0
150004677.0,133.0,11.532562594670797,0
150004678.0,125.0,11.180339887498949,0
150004679.0,148.0,12.165525060596439,0
150004680.0,131.0,11.445523142259598,0
150004681.0,144.0,12.0,0
150004682.0,142.0,11.916375287812984,0
150004683.0,154.0,12.409673645990857,0
150004684.0,134.0,11.575836902790225,0
150004685.0,141.0,11.874342087037917,0
150004686.0,149.0,12.206555615733702,0
150004687.0,147.0,12.12435565298214,0
150004688.0,150.0,12.24744871391589,0
150004689.0,134.0,11.575836902790225,0
150004690.0,143.0,11.958260743101398,0
150004691.0,146.0,12.083045973594572,0
150004692.0,140.0,11.832159566199232,0
150004693.0,125.0,11.180339887498949,0
150004694.0,139.0,11.789826122551595,0
150004695.0,129.0,11.357816691600547,0
150004696.0,139.0,11.789826122551595,0
150004697.0,133.0,11.532562594670797,0
150004698.0,140.0,11.832159566199232,0
150004699.0,140.0,11.832159566199232,0
150004700.0,173.0,13.152946437965905,0
150004701.0,146.0,12.083045973594572,0
150004702.0,145.0,12.041594578792296,0
150004703.0,157.0,12.529964086141668,0
150004704.0,136.0,11.661903789690601,0
150004705.0,124.0,11.135528725660043,0
150004706.0,153.0,12.36931687685298,0
150004707.0,133.0,11.532562594670797,0
150004708.0,130.0,11.40175425099138,0
150004709.0,162.0,12.727922061357855,0
150004710.0,135.0,11.61895003862225,0
150004711.0,129.0,11.357816691600547,0
150004712.0,127.0,11.269427669584644,0
150004713.0,156.0,12.489995996796797,0
150004714.0,136.0,11.661903789690601,0
150004715.0,172.0,13.114877048604,0
150004716.0,154.0,12.409673645990857,0
150004717.0,167.0,12.922847983320086,0
150004718.0,119.0,10.908712114635714,0
150004719.0,129.0,11.357816691600547,0
150004720.0,144.0,12.0,0
150004721.0,127.0,11.269427669584644,0
150004722.0,151.0,12.288205727444508,0
150004723.0,155.0,12.449899597988733,0
150004724.0,143.0,11.958260743101398,0
150004725.0,147.0,12.12435565298214,0
150004726.0,112.0,10.583005244258363,0
150004727.0,125.0,11.180339887498949,0
150004728.0,154.0,12.409673645990857,0
150004729.0,146.0,12.083045973594572,0
150004730.0,155.0,12.449899597988733,0
150004731.0,151.0,12.288205727444508,0
150004732.0,137.0,11.704699910719626,0
150004733.0,137.0,11.704699910719626,0
150004734.0,122.0,11.045361017187261,0
150004735.0,144.0,12.0,0
150004736.0,125.0,11.180339887498949,0
150004737.0,137.0,11.704699910719626,0
150004738.0,155.0,12.449899597988733,0
150004739.0,146.0,12.083045973594572,0
150004740.0,165.0,12.84523257866513,0
150004741.0,134.0,11.575836902790225,0
150004742.0,121.0,11.0,0
150004743.0,129.0,11.357816691600547,0
150004744.0,139.0,11.789826122551595,0
150004745.0,131.0,11.445523142259598,0
150004746.0,145.0,12.041594578792296,0
150004747.0,123.0,11.090536506409418,0
150004748.0,122.0,11.045361017187261,0
150004749.0,122.0,11.045361017187261,0
150004750.0,125.0,11.180339887498949,0
150004751.0,129.0,11.357816691600547,0
150004752.0,126.0,11.224972160321824,0
150004753.0,159.0,12.609520212918492,0
150004754.0,126.0,11.224972160321824,0
150004755.0,125.0,11.180339887498949,0
150004756.0,151.0,12.288205727444508,0
150004757.0,146.0,12.083045973594572,0
150004758.0,118.0,10.862780491200215,0
150004759.0,141.0,11.874342087037917,0
150004760.0,135.0,11.61895003862225,0
150004761.0,160.0,12.649110640673518,0
150004762.0,128.0,11.313708498984761,0
150004763.0,141.0,11.874342087037917,0
150004764.0,118.0,10.862780491200215,0
150004765.0,163.0,12.767145334803704,0
150004766.0,128.0,11.313708498984761,0
150004767.0,136.0,11.661903789690601,0
150004768.0,146.0,12.083045973594572,0
150004769.0,144.0,12.0,0
150004770.0,124.0,11.135528725660043,0
150004771.0,148.0,12.165525060596439,0
150004772.0,144.0,12.0,0
150004773.0,122.0,11.045361017187261,0
150004774.0,137.0,11.704699910719626,0
150004775.0,150.0,12.24744871391589,0
150004776.0,142.0,11.916375287812984,0
150004777.0,132.0,11.489125293076057,0
150004778.0,124.0,11.135528725660043,0
150004779.0,155.0,12.449899597988733,0
150004780.0,138.0,11.74734012447073,0
150004781.0,134.0,11.575836902790225,0
150004782.0,118.0,10.862780491200215,0
150004783.0,120.0,10.954451150103322,0
150004784.0,131.0,11.445523142259598,0
150004785.0,145.0,12.041594578792296,0
150004786.0,147.0,12.12435565298214,0
150004787.0,136.0,11.661903789690601,0
150004788.0,146.0,12.083045973594572,0
150004789.0,148.0,12.165525060596439,0
150004790.0,143.0,11.958260743101398,0
150004791.0,149.0,12.206555615733702,0
150004792.0,128.0,11.313708498984761,0
150004793.0,130.0,11.40175425099138,0
150004794.0,137.0,11.704699910719626,0
150004795.0,132.0,11.489125293076057,0
150004796.0,138.0,11.74734012447073,0
150004797.0,127.0,11.269427669584644,0
150004798.0,138.0,11.74734012447073,0
150004799.0,140.0,11.832159566199232,0
150004800.0,138.0,11.74734012447073,0
150004801.0,115.0,10.723805294763608,0
150004802.0,139.0,11.789826122551595,0
150004803.0,110.0,10.488088481701515,0
150004804.0,132.0,11.489125293076057,0
150004805.0,166.0,12.884098726725126,0
150004806.0,115.0,10.723805294763608,0
150004807.0,125.0,11.180339887498949,0
150004808.0,134.0,11.575836902790225,0
150004809.0,119.0,10.908712114635714,0
150004810.0,138.0,11.74734012447073,0
150004811.0,153.0,12.36931687685298,0
150004812.0,136.0,11.661903789690601,0
150004813.0,150.0,12.24744871391589,0
150004814.0,125.0,11.180339887498949,0
150004815.0,137.0,11.704699910719626,0
150004816.0,145.0,12.041594578792296,0
150004817.0,146.0,12.083045973594572,0
150004818.0,148.0,12.165525060596439,0
150004819.0,130.0,11.40175425099138,0
150004820.0,135.0,11.61895003862225,0
150004821.0,140.0,11.832159566199232,0
150004822.0,121.0,11.0,0
150004823.0,134.0,11.575836902790225,0
150004824.0,145.0,12.041594578792296,0
150004825.0,132.0,11.489125293076057,0
150004826.0,137.0,11.704699910719626,0
150004827.0,124.0,11.135528725660043,0
150004828.0,143.0,11.958260743101398,0
150004829.0,141.0,11.874342087037917,0
150004830.0,134.0,11.575836902790225,0
150004831.0,120.0,10.954451150103322,0
150004832.0,128.0,11.313708498984761,0
150004833.0,137.0,11.704699910719626,0
150004834.0,142.0,11.916375287812984,0
150004835.0,132.0,11.489125293076057,0
150004836.0,144.0,12.0,0
150004837.0,145.0,12.041594578792296,0
150004838.0,134.0,11.575836902790225,0
150004839.0,112.0,10.583005244258363,0
150004840.0,109.0,10.44030650891055,0
150004841.0,135.0,11.61895003862225,0
150004842.0,138.0,11.74734012447073,0
150004843.0,126.0,11.224972160321824,0
150004844.0,150.0,12.24744871391589,0
150004845.0,153.0,12.36931687685298,0
150004846.0,141.0,11.874342087037917,0
150004847.0,124.0,11.135528725660043,0
150004848.0,141.0,11.874342087037917,0
150004849.0,125.0,11.180339887498949,0
150004850.0,114.0,10.677078252031311,0
150004851.0,154.0,12.409673645990857,0
150004852.0,141.0,11.874342087037917,0
150004853.0,142.0,11.916375287812984,0
150004854.0,136.0,11.661903789690601,0
150004855.0,131.0,11.445523142259598,0
150004856.0,122.0,11.045361017187261,0
150004857.0,126.0,11.224972160321824,0
150004858.0,133.0,11.532562594670797,0
150004859.0,145.0,12.041594578792296,0
150004860.0,152.0,12.328828005937952,0
150004861.0,151.0,12.288205727444508,0
150004862.0,147.0,12.12435565298214,0
150004863.0,124.0,11.135528725660043,0
150004864.0,140.0,11.832159566199232,0
150004865.0,145.0,12.041594578792296,0
150004866.0,139.0,11.789826122551595,0
150004867.0,124.0,11.135528725660043,0
150004868.0,149.0,12.206555615733702,0
150004869.0,163.0,12.767145334803704,0
150004870.0,149.0,12.206555615733702,0
150004871.0,146.0,12.083045973594572,0
150004872.0,145.0,12.041594578792296,0
150004873.0,116.0,10.770329614269007,0
150004874.0,152.0,12.328828005937952,0
150004875.0,121.0,11.0,0
150004876.0,145.0,12.041594578792296,0
150004877.0,139.0,11.789826122551595,0
150004878.0,132.0,11.489125293076057,0
150004879.0,146.0,12.083045973594572,0
150004880.0,130.0,11.40175425099138,0
150004881.0,129.0,11.357816691600547,0
150004882.0,131.0,11.445523142259598,0
150004883.0,149.0,12.206555615733702,0
150004884.0,143.0,11.958260743101398,0
150004885.0,132.0,11.489125293076057,0
150004886.0,145.0,12.041594578792296,0
150004887.0,128.0,11.313708498984761,0
150004888.0,154.0,12.409673645990857,0
150004889.0,137.0,11.704699910719626,0
150004890.0,143.0,11.958260743101398,0
150004891.0,152.0,12.328828005937952,0
150004892.0,134.0,11.575836902790225,0
150004893.0,149.0,12.206555615733702,0
150004894.0,133.0,11.532562594670797,0
150004895.0,107.0,10.344080432788601,0
150004896.0,113.0,10.63014581273465,0
150004897.0,123.0,11.090536506409418,0
150004898.0,148.0,12.165525060596439,0
150004899.0,141.0,11.874342087037917,0
150004900.0,123.0,11.090536506409418,0
150004901.0,129.0,11.357816691600547,0
150004902.0,127.0,11.269427669584644,0
150004903.0,120.0,10.954451150103322,0
150004904.0,144.0,12.0,0
150004905.0,137.0,11.704699910719626,0
150004906.0,138.0,11.74734012447073,0
150004907.0,135.0,11.61895003862225,0
150004908.0,154.0,12.409673645990857,0
150004909.0,136.0,11.661903789690601,0
150004910.0,151.0,12.288205727444508,0
150004911.0,140.0,11.832159566199232,0
150004912.0,128.0,11.313708498984761,0
150004913.0,126.0,11.224972160321824,0
150004914.0,134.0,11.575836902790225,0
150004915.0,152.0,12.328828005937952,0
150004916.0,156.0,12.489995996796797,0
150004917.0,117.0,10.816653826391969,0
150004918.0,149.0,12.206555615733702,0
150004919.0,141.0,11.874342087037917,0
150004920.0,113.0,10.63014581273465,0
150004921.0,121.0,11.0,0
150004922.0,136.0,11.661903789690601,0
150004923.0,148.0,12.165525060596439,0
150004924.0,150.0,12.24744871391589,0
150004925.0,134.0,11.575836902790225,0
150004926.0,132.0,11.489125293076057,0
150004927.0,139.0,11.789826122551595,0
150004928.0,128.0,11.313708498984761,0
150004929.0,124.0,11.135528725660043,0
150004930.0,140.0,11.832159566199232,0
150004931.0,145.0,12.041594578792296,0
150004932.0,146.0,12.083045973594572,0
150004933.0,152.0,12.328828005937952,0
150004934.0,134.0,11.575836902790225,0
150004935.0,124.0,11.135528725660043,0
150004936.0,135.0,11.61895003862225,0
150004937.0,135.0,11.61895003862225,0
150004938.0,130.0,11.40175425099138,0
150004939.0,148.0,12.165525060596439,0
150004940.0,131.0,11.445523142259598,0
150004941.0,143.0,11.958260743101398,0
150004942.0,139.0,11.789826122551595,0
150004943.0,130.0,11.40175425099138,0
150004944.0,146.0,12.083045973594572,0
150004945.0,120.0,10.954451150103322,0
150004946.0,133.0,11.532562594670797,0
150004947.0,155.0,12.449899597988733,0
150004948.0,133.0,11.532562594670797,0
150004949.0,133.0,11.532562594670797,0
150004950.0,145.0,12.041594578792296,0
150004951.0,151.0,12.288205727444508,0
150004952.0,124.0,11.135528725660043,0
150004953.0,142.0,11.916375287812984,0
150004954.0,117.0,10.816653826391969,0
150004955.0,118.0,10.862780491200215,0
150004956.0,126.0,11.224972160321824,0
150004957.0,151.0,12.288205727444508,0
150004958.0,130.0,11.40175425099138,0
150004959.0,129.0,11.357816691600547,0
150004960.0,149.0,12.206555615733702,0
150004961.0,138.0,11.74734012447073,0
150004962.0,151.0,12.288205727444508,0
150004963.0,131.0,11.445523142259598,0
150004964.0,145.0,12.041594578792296,0
150004965.0,128.0,11.313708498984761,0
150004966.0,142.0,11.916375287812984,0
150004967.0,151.0,12.288205727444508,0
150004968.0,148.0,12.165525060596439,0
150004969.0,137.0,11.704699910719626,0
150004970.0,141.0,11.874342087037917,0
150004971.0,144.0,12.0,0
150004972.0,138.0,11.74734012447073,0
150004973.0,138.0,11.74734012447073,0
150004974.0,147.0,12.12435565298214,0
150004975.0,143.0,11.958260743101398,0
150004976.0,145.0,12.041594578792296,0
150004977.0,156.0,12.489995996796797,0
150004978.0,145.0,12.041594578792296,0
150004979.0,153.0,12.36931687685298,0
150004980.0,156.0,12.489995996796797,0
150004981.0,149.0,12.206555615733702,0
150004982.0,143.0,11.958260743101398,0
150004983.0,155.0,12.449899597988733,0
150004984.0,153.0,12.36931687685298,0
150004985.0,167.0,12.922847983320086,0
150004986.0,156.0,12.489995996796797,0
150004987.0,172.0,13.114877048604,0
150004988.0,156.0,12.489995996796797,0
150004989.0,161.0,12.68857754044952,0
150004990.0,152.0,12.328828005937952,0
150004991.0,156.0,12.489995996796797,0
150004992.0,169.0,13.0,0
150004993.0,178.0,13.341664064126334,0
150004994.0,188.0,13.711309200802088,0
150004995.0,167.0,12.922847983320086,0
150004996.0,159.0,12.609520212918492,0
150004997.0,165.0,12.84523257866513,0
150004998.0,185.0,13.601470508735444,0
150004999.0,178.0,13.341664064126334,0
150005000.0,178.0,13.341664064126334,0
150005001.0,165.0,12.84523257866513,0
150005002.0,198.0,14.071247279470288,0
150005003.0,176.0,13.2664991614216,0
150005004.0,168.0,12.96148139681572,0
150005005.0,191.0,13.820274961085254,0
150005006.0,176.0,13.2664991614216,0
150005007.0,176.0,13.2664991614216,0
150005008.0,183.0,13.527749258468683,0
150005009.0,205.0,14.317821063276353,0
150005010.0,215.0,14.66287829861518,0
150005011.0,214.0,14.628738838327793,0
150005012.0,192.0,13.856406460551018,0
150005013.0,181.0,13.45362404707371,0
150005014.0,199.0,14.106735979665885,0
150005015.0,186.0,13.638181696985855,0
150005016.0,179.0,13.379088160259652,0
150005017.0,206.0,14.352700094407323,0
150005018.0,194.0,13.92838827718412,0
150005019.0,197.0,14.035668847618199,0
150005020.0,223.0,14.933184523068078,0
150005021.0,184.0,13.564659966250536,0
150005022.0,177.0,13.30413469565007,0
150005023.0,152.0,12.328828005937952,0
150005024.0,212.0,14.560219778561036,0
150005025.0,192.0,13.856406460551018,0
150005026.0,187.0,13.674794331177344,0
150005027.0,184.0,13.564659966250536,0
150005028.0,180.0,13.416407864998739,0
150005029.0,192.0,13.856406460551018,0
150005030.0,165.0,12.84523257866513,0
150005031.0,211.0,14.52583904633395,0
150005032.0,183.0,13.527749258468683,0
150005033.0,191.0,13.820274961085254,0
150005034.0,199.0,14.106735979665885,0
150005035.0,196.0,14.0,0
150005036.0,196.0,14.0,0
150005037.0,189.0,13.74772708486752,0
150005038.0,180.0,13.416407864998739,0
150005039.0,168.0,12.96148139681572,0
150005040.0,195.0,13.96424004376894,0
150005041.0,195.0,13.96424004376894,0
150005042.0,186.0,13.638181696985855,0
150005043.0,184.0,13.564659966250536,0
150005044.0,158.0,12.569805089976535,0
150005045.0,176.0,13.2664991614216,0
150005046.0,188.0,13.711309200802088,0
150005047.0,152.0,12.328828005937952,0
150005048.0,189.0,13.74772708486752,0
150005049.0,196.0,14.0,0
150005050.0,191.0,13.820274961085254,0
150005051.0,177.0,13.30413469565007,0
150005052.0,167.0,12.922847983320086,0
150005053.0,153.0,12.36931687685298,0
150005054.0,174.0,13.19090595827292,0
150005055.0,166.0,12.884098726725126,0
150005056.0,178.0,13.341664064126334,0
150005057.0,166.0,12.884098726725126,0
150005058.0,195.0,13.96424004376894,0
150005059.0,184.0,13.564659966250536,0
150005060.0,173.0,13.152946437965905,0
150005061.0,189.0,13.74772708486752,0
150005062.0,157.0,12.529964086141668,0
150005063.0,152.0,12.328828005937952,0
150005064.0,169.0,13.0,0
150005065.0,166.0,12.884098726725126,0
150005066.0,153.0,12.36931687685298,0
150005067.0,175.0,13.228756555322953,0
150005068.0,180.0,13.416407864998739,0
150005069.0,169.0,13.0,0
150005070.0,164.0,12.806248474865697,0
150005071.0,147.0,12.12435565298214,0
150005072.0,187.0,13.674794331177344,0
150005073.0,160.0,12.649110640673518,0
150005074.0,179.0,13.379088160259652,0
150005075.0,139.0,11.789826122551595,0
150005076.0,176.0,13.2664991614216,0
150005077.0,157.0,12.529964086141668,0
150005078.0,169.0,13.0,0
150005079.0,177.0,13.30413469565007,0
150005080.0,163.0,12.767145334803704,0
150005081.0,173.0,13.152946437965905,0
150005082.0,132.0,11.489125293076057,0
150005083.0,158.0,12.569805089976535,0
150005084.0,162.0,12.727922061357855,0
150005085.0,149.0,12.206555615733702,0
150005086.0,161.0,12.68857754044952,0
150005087.0,160.0,12.649110640673518,0
150005088.0,170.0,13.038404810405298,0
150005089.0,156.0,12.489995996796797,0
150005090.0,180.0,13.416407864998739,0
150005091.0,179.0,13.379088160259652,0
150005092.0,176.0,13.2664991614216,0
150005093.0,177.0,13.30413469565007,0
150005094.0,172.0,13.114877048604,0
150005095.0,147.0,12.12435565298214,0
150005096.0,165.0,12.84523257866513,0
150005097.0,166.0,12.884098726725126,0
150005098.0,170.0,13.038404810405298,0
150005099.0,145.0,12.041594578792296,0
150005100.0,175.0,13.228756555322953,0
150005101.0,163.0,12.767145334803704,0
150005102.0,171.0,13.076696830622021,0
150005103.0,143.0,11.958260743101398,0
150005104.0,142.0,11.916375287812984,0
150005105.0,140.0,11.832159566199232,0
150005106.0,160.0,12.649110640673518,0
150005107.0,169.0,13.0,0
150005108.0,178.0,13.341664064126334,0
150005109.0,170.0,13.038404810405298,0
150005110.0,160.0,12.649110640673518,0
150005111.0,153.0,12.36931687685298,0
150005112.0,162.0,12.727922061357855,0
150005113.0,150.0,12.24744871391589,0
150005114.0,157.0,12.529964086141668,0
150005115.0,159.0,12.609520212918492,0
150005116.0,170.0,13.038404810405298,0
150005117.0,178.0,13.341664064126334,0
150005118.0,133.0,11.532562594670797,0
150005119.0,135.0,11.61895003862225,0
150005120.0,146.0,12.083045973594572,0
150005121.0,156.0,12.489995996796797,0
150005122.0,153.0,12.36931687685298,0
150005123.0,142.0,11.916375287812984,0
150005124.0,137.0,11.704699910719626,0
150005125.0,173.0,13.152946437965905,0
150005126.0,175.0,13.228756555322953,0
150005127.0,166.0,12.884098726725126,0
150005128.0,139.0,11.789826122551595,0
150005129.0,134.0,11.575836902790225,0
150005130.0,157.0,12.529964086141668,0
150005131.0,156.0,12.489995996796797,0
150005132.0,136.0,11.661903789690601,0
150005133.0,147.0,12.12435565298214,0
150005134.0,166.0,12.884098726725126,0
150005135.0,184.0,13.564659966250536,0
150005136.0,166.0,12.884098726725126,0
150005137.0,152.0,12.328828005937952,0
150005138.0,160.0,12.649110640673518,0
150005139.0,144.0,12.0,0
150005140.0,150.0,12.24744871391589,0
150005141.0,157.0,12.529964086141668,0
150005142.0,170.0,13.038404810405298,0
150005143.0,150.0,12.24744871391589,0
150005144.0,136.0,11.661903789690601,0
150005145.0,162.0,12.727922061357855,0
150005146.0,143.0,11.958260743101398,0
150005147.0,150.0,12.24744871391589,0
150005148.0,159.0,12.609520212918492,0
150005149.0,131.0,11.445523142259598,0
150005150.0,177.0,13.30413469565007,0
150005151.0,141.0,11.874342087037917,0
150005152.0,150.0,12.24744871391589,0
150005153.0,155.0,12.449899597988733,0
150005154.0,144.0,12.0,0
150005155.0,123.0,11.090536506409418,0
150005156.0,171.0,13.076696830622021,0
150005157.0,141.0,11.874342087037917,0
150005158.0,155.0,12.449899597988733,0
150005159.0,134.0,11.575836902790225,0
150005160.0,157.0,12.529964086141668,0
150005161.0,137.0,11.704699910719626,0
150005162.0,130.0,11.40175425099138,0
150005163.0,149.0,12.206555615733702,0
150005164.0,143.0,11.958260743101398,0
150005165.0,142.0,11.916375287812984,0
150005166.0,127.0,11.269427669584644,0
150005167.0,166.0,12.884098726725126,0
150005168.0,139.0,11.789826122551595,0
150005169.0,163.0,12.767145334803704,0
150005170.0,150.0,12.24744871391589,0
150005171.0,118.0,10.862780491200215,0
150005172.0,150.0,12.24744871391589,0
150005173.0,140.0,11.832159566199232,0
150005174.0,148.0,12.165525060596439,0
150005175.0,140.0,11.832159566199232,0
150005176.0,163.0,12.767145334803704,0
150005177.0,132.0,11.489125293076057,0
150005178.0,144.0,12.0,0
150005179.0,155.0,12.449899597988733,0
150005180.0,149.0,12.206555615733702,0
150005181.0,143.0,11.958260743101398,0
150005182.0,149.0,12.206555615733702,0
150005183.0,150.0,12.24744871391589,0
150005184.0,149.0,12.206555615733702,0
150005185.0,144.0,12.0,0
150005186.0,120.0,10.954451150103322,0
150005187.0,138.0,11.74734012447073,0
150005188.0,140.0,11.832159566199232,0
150005189.0,124.0,11.135528725660043,0
150005190.0,146.0,12.083045973594572,0
150005191.0,133.0,11.532562594670797,0
150005192.0,161.0,12.68857754044952,0
150005193.0,143.0,11.958260743101398,0
150005194.0,152.0,12.328828005937952,0
150005195.0,137.0,11.704699910719626,0
150005196.0,169.0,13.0,0
150005197.0,140.0,11.832159566199232,0
150005198.0,137.0,11.704699910719626,0
150005199.0,132.0,11.489125293076057,0
150005200.0,156.0,12.489995996796797,0
150005201.0,152.0,12.328828005937952,0
150005202.0,159.0,12.609520212918492,0
150005203.0,128.0,11.313708498984761,0
150005204.0,116.0,10.770329614269007,0
150005205.0,142.0,11.916375287812984,0
150005206.0,142.0,11.916375287812984,0
150005207.0,138.0,11.74734012447073,0
150005208.0,168.0,12.96148139681572,0
150005209.0,142.0,11.916375287812984,0
150005210.0,138.0,11.74734012447073,0
150005211.0,135.0,11.61895003862225,0
150005212.0,167.0,12.922847983320086,0
150005213.0,150.0,12.24744871391589,0
150005214.0,126.0,11.224972160321824,0
150005215.0,146.0,12.083045973594572,0
150005216.0,119.0,10.908712114635714,0
150005217.0,129.0,11.357816691600547,0
150005218.0,128.0,11.313708498984761,0
150005219.0,141.0,11.874342087037917,0
150005220.0,155.0,12.449899597988733,0
150005221.0,143.0,11.958260743101398,0
150005222.0,149.0,12.206555615733702,0
150005223.0,141.0,11.874342087037917,0
150005224.0,137.0,11.704699910719626,0
150005225.0,151.0,12.288205727444508,0
150005226.0,149.0,12.206555615733702,0
150005227.0,140.0,11.832159566199232,0
150005228.0,136.0,11.661903789690601,0
150005229.0,146.0,12.083045973594572,0
150005230.0,152.0,12.328828005937952,0
150005231.0,120.0,10.954451150103322,0
150005232.0,155.0,12.449899597988733,0
150005233.0,143.0,11.958260743101398,0
150005234.0,129.0,11.357816691600547,0
150005235.0,148.0,12.165525060596439,0
150005236.0,148.0,12.165525060596439,0
150005237.0,142.0,11.916375287812984,0
150005238.0,154.0,12.409673645990857,0
150005239.0,140.0,11.832159566199232,0
150005240.0,145.0,12.041594578792296,0
150005241.0,123.0,11.090536506409418,0
150005242.0,150.0,12.24744871391589,0
150005243.0,145.0,12.041594578792296,0
150005244.0,132.0,11.489125293076057,0
150005245.0,134.0,11.575836902790225,0
150005246.0,144.0,12.0,0
150005247.0,149.0,12.206555615733702,0
150005248.0,140.0,11.832159566199232,0
150005249.0,111.0,10.535653752852738,0
150005250.0,154.0,12.409673645990857,0
150005251.0,133.0,11.532562594670797,0
150005252.0,150.0,12.24744871391589,0
150005253.0,163.0,12.767145334803704,0
150005254.0,140.0,11.832159566199232,0
150005255.0,169.0,13.0,0
150005256.0,145.0,12.041594578792296,0
150005257.0,138.0,11.74734012447073,0
150005258.0,164.0,12.806248474865697,0
150005259.0,146.0,12.083045973594572,0
150005260.0,128.0,11.313708498984761,0
150005261.0,143.0,11.958260743101398,0
150005262.0,129.0,11.357816691600547,0
150005263.0,126.0,11.224972160321824,0
150005264.0,156.0,12.489995996796797,0
150005265.0,146.0,12.083045973594572,0
150005266.0,131.0,11.445523142259598,0
150005267.0,144.0,12.0,0
150005268.0,158.0,12.569805089976535,0
150005269.0,125.0,11.180339887498949,0
150005270.0,147.0,12.12435565298214,0
150005271.0,152.0,12.328828005937952,0
150005272.0,139.0,11.789826122551595,0
150005273.0,138.0,11.74734012447073,0
150005274.0,123.0,11.090536506409418,0
150005275.0,134.0,11.575836902790225,0
150005276.0,140.0,11.832159566199232,0
150005277.0,128.0,11.313708498984761,0
150005278.0,127.0,11.269427669584644,0
150005279.0,144.0,12.0,0
150005280.0,119.0,10.908712114635714,0
150005281.0,123.0,11.090536506409418,0
150005282.0,144.0,12.0,0
150005283.0,137.0,11.704699910719626,0
150005284.0,153.0,12.36931687685298,0
150005285.0,126.0,11.224972160321824,0
150005286.0,161.0,12.68857754044952,0
150005287.0,153.0,12.36931687685298,0
150005288.0,136.0,11.661903789690601,0
150005289.0,127.0,11.269427669584644,0
150005290.0,161.0,12.68857754044952,0
150005291.0,109.0,10.44030650891055,0
150005292.0,124.0,11.135528725660043,0
150005293.0,159.0,12.609520212918492,0
150005294.0,140.0,11.832159566199232,0
150005295.0,157.0,12.529964086141668,0
150005296.0,124.0,11.135528725660043,0
150005297.0,124.0,11.135528725660043,0
150005298.0,118.0,10.862780491200215,0
150005299.0,146.0,12.083045973594572,0
150005300.0,149.0,12.206555615733702,0
150005301.0,148.0,12.165525060596439,0
150005302.0,139.0,11.789826122551595,0
150005303.0,125.0,11.180339887498949,0
150005304.0,148.0,12.165525060596439,0
150005305.0,130.0,11.40175425099138,0
150005306.0,146.0,12.083045973594572,0
150005307.0,116.0,10.770329614269007,0
150005308.0,129.0,11.357816691600547,0
150005309.0,120.0,10.954451150103322,0
150005310.0,142.0,11.916375287812984,0
150005311.0,146.0,12.083045973594572,0
150005312.0,164.0,12.806248474865697,0
150005313.0,139.0,11.789826122551595,0
150005314.0,146.0,12.083045973594572,0
150005315.0,145.0,12.041594578792296,0
150005316.0,157.0,12.529964086141668,0
150005317.0,139.0,11.789826122551595,0
150005318.0,154.0,12.409673645990857,0
150005319.0,144.0,12.0,0
150005320.0,128.0,11.313708498984761,0
150005321.0,138.0,11.74734012447073,0
150005322.0,127.0,11.269427669584644,0
150005323.0,142.0,11.916375287812984,0
150005324.0,128.0,11.313708498984761,0
150005325.0,144.0,12.0,0
150005326.0,122.0,11.045361017187261,0
150005327.0,137.0,11.704699910719626,0
150005328.0,150.0,12.24744871391589,0
150005329.0,137.0,11.704699910719626,0
150005330.0,135.0,11.61895003862225,0
150005331.0,143.0,11.958260743101398,0
150005332.0,149.0,12.206555615733702,0
150005333.0,128.0,11.313708498984761,0
150005334.0,144.0,12.0,0
150005335.0,139.0,11.789826122551595,0
150005336.0,126.0,11.224972160321824,0
150005337.0,149.0,12.206555615733702,0
150005338.0,151.0,12.288205727444508,0
150005339.0,120.0,10.954451150103322,0
150005340.0,148.0,12.165525060596439,0
150005341.0,130.0,11.40175425099138,0
150005342.0,126.0,11.224972160321824,0
150005343.0,144.0,12.0,0
150005344.0,127.0,11.269427669584644,0
150005345.0,139.0,11.789826122551595,0
150005346.0,141.0,11.874342087037917,0
150005347.0,150.0,12.24744871391589,0
150005348.0,119.0,10.908712114635714,0
150005349.0,140.0,11.832159566199232,0
150005350.0,126.0,11.224972160321824,0
150005351.0,152.0,12.328828005937952,0
150005352.0,137.0,11.704699910719626,0
150005353.0,140.0,11.832159566199232,0
150005354.0,135.0,11.61895003862225,0
150005355.0,126.0,11.224972160321824,0
150005356.0,143.0,11.958260743101398,0
150005357.0,130.0,11.40175425099138,0
150005358.0,139.0,11.789826122551595,0
150005359.0,142.0,11.916375287812984,0
150005360.0,150.0,12.24744871391589,0
150005361.0,126.0,11.224972160321824,0
150005362.0,136.0,11.661903789690601,0
150005363.0,136.0,11.661903789690601,0
150005364.0,120.0,10.954451150103322,0
150005365.0,133.0,11.532562594670797,0
150005366.0,160.0,12.649110640673518,0
150005367.0,143.0,11.958260743101398,0
150005368.0,145.0,12.041594578792296,0
150005369.0,142.0,11.916375287812984,0
150005370.0,123.0,11.090536506409418,0
150005371.0,131.0,11.445523142259598,0
150005372.0,131.0,11.445523142259598,0
150005373.0,150.0,12.24744871391589,0
150005374.0,130.0,11.40175425099138,0
150005375.0,115.0,10.723805294763608,0
150005376.0,135.0,11.61895003862225,0
150005377.0,150.0,12.24744871391589,0
150005378.0,117.0,10.816653826391969,0
150005379.0,137.0,11.704699910719626,0
150005380.0,139.0,11.789826122551595,0
150005381.0,160.0,12.649110640673518,0
150005382.0,115.0,10.723805294763608,0
150005383.0,139.0,11.789826122551595,0
150005384.0,127.0,11.269427669584644,0
150005385.0,130.0,11.40175425099138,0
150005386.0,132.0,11.489125293076057,0
150005387.0,144.0,12.0,0
150005388.0,139.0,11.789826122551595,0
150005389.0,140.0,11.832159566199232,0
150005390.0,133.0,11.532562594670797,0
150005391.0,129.0,11.357816691600547,0
150005392.0,123.0,11.090536506409418,0
150005393.0,138.0,11.74734012447073,0
150005394.0,142.0,11.916375287812984,0
150005395.0,111.0,10.535653752852738,0
150005396.0,135.0,11.61895003862225,0
150005397.0,142.0,11.916375287812984,0
150005398.0,146.0,12.083045973594572,0
150005399.0,140.0,11.832159566199232,0
150005400.0,165.0,12.84523257866513,0
150005401.0,140.0,11.832159566199232,0
150005402.0,143.0,11.958260743101398,0
150005403.0,155.0,12.449899597988733,0
150005404.0,124.0,11.135528725660043,0
150005405.0,139.0,11.789826122551595,0
150005406.0,129.0,11.357816691600547,0
150005407.0,143.0,11.958260743101398,0
150005408.0,120.0,10.954451150103322,0
150005409.0,122.0,11.045361017187261,0
150005410.0,138.0,11.74734012447073,0
150005411.0,143.0,11.958260743101398,0
150005412.0,146.0,12.083045973594572,0
150005413.0,158.0,12.569805089976535,0
150005414.0,138.0,11.74734012447073,0
150005415.0,127.0,11.269427669584644,0
150005416.0,129.0,11.357816691600547,0
150005417.0,163.0,12.767145334803704,0
150005418.0,118.0,10.862780491200215,0
150005419.0,136.0,11.661903789690601,0
150005420.0,138.0,11.74734012447073,0
150005421.0,129.0,11.357816691600547,0
150005422.0,135.0,11.61895003862225,0
150005423.0,122.0,11.045361017187261,0
150005424.0,124.0,11.135528725660043,0
150005425.0,121.0,11.0,0
150005426.0,119.0,10.908712114635714,0
150005427.0,128.0,11.313708498984761,0
150005428.0,126.0,11.224972160321824,0
150005429.0,163.0,12.767145334803704,0
150005430.0,162.0,12.727922061357855,0
150005431.0,138.0,11.74734012447073,0
150005432.0,125.0,11.180339887498949,0
150005433.0,115.0,10.723805294763608,0
150005434.0,133.0,11.532562594670797,0
150005435.0,128.0,11.313708498984761,0
150005436.0,121.0,11.0,0
150005437.0,128.0,11.313708498984761,0
150005438.0,117.0,10.816653826391969,0
150005439.0,126.0,11.224972160321824,0
150005440.0,104.0,10.198039027185569,0
150005441.0,122.0,11.045361017187261,0
150005442.0,144.0,12.0,0
150005443.0,122.0,11.045361017187261,0
150005444.0,128.0,11.313708498984761,0
150005445.0,157.0,12.529964086141668,0
150005446.0,135.0,11.61895003862225,0
150005447.0,144.0,12.0,0
150005448.0,145.0,12.041594578792296,0
150005449.0,137.0,11.704699910719626,0
150005450.0,143.0,11.958260743101398,0
150005451.0,131.0,11.445523142259598,0
150005452.0,125.0,11.180339887498949,0
150005453.0,130.0,11.40175425099138,0
150005454.0,141.0,11.874342087037917,0
150005455.0,140.0,11.832159566199232,0
150005456.0,123.0,11.090536506409418,0
150005457.0,136.0,11.661903789690601,0
150005458.0,132.0,11.489125293076057,0
150005459.0,128.0,11.313708498984761,0
150005460.0,118.0,10.862780491200215,0
150005461.0,151.0,12.288205727444508,0
150005462.0,133.0,11.532562594670797,0
150005463.0,158.0,12.569805089976535,0
150005464.0,127.0,11.269427669584644,0
150005465.0,130.0,11.40175425099138,0
150005466.0,152.0,12.328828005937952,0
150005467.0,125.0,11.180339887498949,0
150005468.0,149.0,12.206555615733702,0
150005469.0,151.0,12.288205727444508,0
150005470.0,132.0,11.489125293076057,0
150005471.0,154.0,12.409673645990857,0
150005472.0,138.0,11.74734012447073,0
150005473.0,156.0,12.489995996796797,0
150005474.0,125.0,11.180339887498949,0
150005475.0,133.0,11.532562594670797,0
150005476.0,148.0,12.165525060596439,0
150005477.0,133.0,11.532562594670797,0
150005478.0,135.0,11.61895003862225,0
150005479.0,118.0,10.862780491200215,0
150005480.0,138.0,11.74734012447073,0
150005481.0,138.0,11.74734012447073,0
150005482.0,142.0,11.916375287812984,0
150005483.0,135.0,11.61895003862225,0
150005484.0,129.0,11.357816691600547,0
150005485.0,135.0,11.61895003862225,0
150005486.0,117.0,10.816653826391969,0
150005487.0,138.0,11.74734012447073,0
150005488.0,138.0,11.74734012447073,0
150005489.0,142.0,11.916375287812984,0
150005490.0,145.0,12.041594578792296,0
150005491.0,142.0,11.916375287812984,0
150005492.0,135.0,11.61895003862225,0
150005493.0,123.0,11.090536506409418,0
150005494.0,150.0,12.24744871391589,0
150005495.0,137.0,11.704699910719626,0
150005496.0,157.0,12.529964086141668,0
150005497.0,118.0,10.862780491200215,0
150005498.0,141.0,11.874342087037917,0
150005499.0,157.0,12.529964086141668,0
150005500.0,163.0,12.767145334803704,0
150005501.0,143.0,11.958260743101398,0
150005502.0,104.0,10.198039027185569,0
150005503.0,124.0,11.135528725660043,0
150005504.0,128.0,11.313708498984761,0
150005505.0,123.0,11.090536506409418,0
150005506.0,115.0,10.723805294763608,0
150005507.0,140.0,11.832159566199232,0
150005508.0,151.0,12.288205727444508,0
150005509.0,144.0,12.0,0
150005510.0,131.0,11.445523142259598,0
150005511.0,109.0,10.44030650891055,0
150005512.0,127.0,11.269427669584644,0
150005513.0,157.0,12.529964086141668,0
150005514.0,139.0,11.789826122551595,0
150005515.0,157.0,12.529964086141668,0
150005516.0,123.0,11.090536506409418,0
150005517.0,133.0,11.532562594670797,0
150005518.0,121.0,11.0,0
150005519.0,157.0,12.529964086141668,0
150005520.0,104.0,10.198039027185569,0
150005521.0,147.0,12.12435565298214,0
150005522.0,137.0,11.704699910719626,0
150005523.0,126.0,11.224972160321824,0
150005524.0,139.0,11.789826122551595,0
150005525.0,128.0,11.313708498984761,0
150005526.0,121.0,11.0,0
150005527.0,153.0,12.36931687685298,0
150005528.0,131.0,11.445523142259598,0
150005529.0,146.0,12.083045973594572,0
150005530.0,140.0,11.832159566199232,0
150005531.0,118.0,10.862780491200215,0
150005532.0,129.0,11.357816691600547,0
150005533.0,155.0,12.449899597988733,0
150005534.0,129.0,11.357816691600547,0
150005535.0,153.0,12.36931687685298,0
150005536.0,143.0,11.958260743101398,0
150005537.0,127.0,11.269427669584644,0
150005538.0,139.0,11.789826122551595,0
150005539.0,127.0,11.269427669584644,0
150005540.0,146.0,12.083045973594572,0
150005541.0,126.0,11.224972160321824,0
150005542.0,121.0,11.0,0
150005543.0,145.0,12.041594578792296,0
150005544.0,129.0,11.357816691600547,0
150005545.0,136.0,11.661903789690601,0
150005546.0,128.0,11.313708498984761,0
150005547.0,135.0,11.61895003862225,0
150005548.0,127.0,11.269427669584644,0
150005549.0,137.0,11.704699910719626,0
150005550.0,123.0,11.090536506409418,0
150005551.0,161.0,12.68857754044952,0
150005552.0,141.0,11.874342087037917,0
150005553.0,115.0,10.723805294763608,0
150005554.0,137.0,11.704699910719626,0
150005555.0,135.0,11.61895003862225,0
150005556.0,129.0,11.357816691600547,0
150005557.0,145.0,12.041594578792296,0
150005558.0,141.0,11.874342087037917,0
150005559.0,140.0,11.832159566199232,0
150005560.0,136.0,11.661903789690601,0
150005561.0,127.0,11.269427669584644,0
150005562.0,128.0,11.313708498984761,0
150005563.0,131.0,11.445523142259598,0
150005564.0,126.0,11.224972160321824,0
150005565.0,155.0,12.449899597988733,0
150005566.0,127.0,11.269427669584644,0
150005567.0,122.0,11.045361017187261,0
150005568.0,146.0,12.083045973594572,0
150005569.0,135.0,11.61895003862225,0
150005570.0,138.0,11.74734012447073,0
150005571.0,111.0,10.535653752852738,0
150005572.0,112.0,10.583005244258363,0
150005573.0,102.0,10.099504938362077,0
150005574.0,141.0,11.874342087037917,0
150005575.0,121.0,11.0,0
150005576.0,125.0,11.180339887498949,0
150005577.0,144.0,12.0,0
150005578.0,132.0,11.489125293076057,0
150005579.0,154.0,12.409673645990857,0
150005580.0,139.0,11.789826122551595,0
150005581.0,134.0,11.575836902790225,0
150005582.0,131.0,11.445523142259598,0
150005583.0,146.0,12.083045973594572,0
150005584.0,152.0,12.328828005937952,0
150005585.0,148.0,12.165525060596439,0
150005586.0,131.0,11.445523142259598,0
150005587.0,147.0,12.12435565298214,0
150005588.0,133.0,11.532562594670797,0
150005589.0,138.0,11.74734012447073,0
150005590.0,144.0,12.0,0
150005591.0,134.0,11.575836902790225,0
150005592.0,126.0,11.224972160321824,0
150005593.0,143.0,11.958260743101398,0
150005594.0,131.0,11.445523142259598,0
150005595.0,152.0,12.328828005937952,0
150005596.0,139.0,11.789826122551595,0
150005597.0,118.0,10.862780491200215,0
150005598.0,131.0,11.445523142259598,0
150005599.0,126.0,11.224972160321824,0
150005600.0,119.0,10.908712114635714,0
150005601.0,157.0,12.529964086141668,0
150005602.0,119.0,10.908712114635714,0
150005603.0,139.0,11.789826122551595,0
150005604.0,121.0,11.0,0
150005605.0,121.0,11.0,0
150005606.0,127.0,11.269427669584644,0
150005607.0,132.0,11.489125293076057,0
150005608.0,138.0,11.74734012447073,0
150005609.0,130.0,11.40175425099138,0
150005610.0,146.0,12.083045973594572,0
150005611.0,111.0,10.535653752852738,0
150005612.0,141.0,11.874342087037917,0
150005613.0,137.0,11.704699910719626,0
150005614.0,136.0,11.661903789690601,0
150005615.0,133.0,11.532562594670797,0
150005616.0,128.0,11.313708498984761,0
150005617.0,135.0,11.61895003862225,0
150005618.0,130.0,11.40175425099138,0
150005619.0,150.0,12.24744871391589,0
150005620.0,130.0,11.40175425099138,0
150005621.0,135.0,11.61895003862225,0
150005622.0,131.0,11.445523142259598,0
150005623.0,111.0,10.535653752852738,0
150005624.0,146.0,12.083045973594572,0
150005625.0,104.0,10.198039027185569,0
150005626.0,132.0,11.489125293076057,0
150005627.0,131.0,11.445523142259598,0
150005628.0,150.0,12.24744871391589,0
150005629.0,146.0,12.083045973594572,0
150005630.0,132.0,11.489125293076057,0
150005631.0,110.0,10.488088481701515,0
150005632.0,118.0,10.862780491200215,0
150005633.0,137.0,11.704699910719626,0
150005634.0,137.0,11.704699910719626,0
150005635.0,123.0,11.090536506409418,0
150005636.0,131.0,11.445523142259598,0
150005637.0,159.0,12.609520212918492,0
150005638.0,140.0,11.832159566199232,0
150005639.0,139.0,11.789826122551595,0
150005640.0,142.0,11.916375287812984,0
150005641.0,130.0,11.40175425099138,0
150005642.0,121.0,11.0,0
150005643.0,128.0,11.313708498984761,0
150005644.0,143.0,11.958260743101398,0
150005645.0,123.0,11.090536506409418,0
150005646.0,132.0,11.489125293076057,0
150005647.0,167.0,12.922847983320086,0
150005648.0,136.0,11.661903789690601,0
150005649.0,144.0,12.0,0
150005650.0,132.0,11.489125293076057,0
150005651.0,154.0,12.409673645990857,0
150005652.0,132.0,11.489125293076057,0
150005653.0,152.0,12.328828005937952,0
150005654.0,148.0,12.165525060596439,0
150005655.0,128.0,11.313708498984761,0
150005656.0,124.0,11.135528725660043,0
150005657.0,134.0,11.575836902790225,0
150005658.0,150.0,12.24744871391589,0
150005659.0,121.0,11.0,0
150005660.0,136.0,11.661903789690601,0
150005661.0,134.0,11.575836902790225,0
150005662.0,123.0,11.090536506409418,0
150005663.0,140.0,11.832159566199232,0
150005664.0,123.0,11.090536506409418,0
150005665.0,115.0,10.723805294763608,0
150005666.0,123.0,11.090536506409418,0
150005667.0,132.0,11.489125293076057,0
150005668.0,151.0,12.288205727444508,0
150005669.0,149.0,12.206555615733702,0
150005670.0,137.0,11.704699910719626,0
150005671.0,132.0,11.489125293076057,0
150005672.0,132.0,11.489125293076057,0
150005673.0,137.0,11.704699910719626,0
150005674.0,143.0,11.958260743101398,0
150005675.0,135.0,11.61895003862225,0
150005676.0,149.0,12.206555615733702,0
150005677.0,158.0,12.569805089976535,0
150005678.0,139.0,11.789826122551595,0
150005679.0,138.0,11.74734012447073,0
150005680.0,141.0,11.874342087037917,0
150005681.0,139.0,11.789826122551595,0
150005682.0,141.0,11.874342087037917,0
150005683.0,124.0,11.135528725660043,0
150005684.0,134.0,11.575836902790225,0
150005685.0,142.0,11.916375287812984,0
150005686.0,145.0,12.041594578792296,0
150005687.0,119.0,10.908712114635714,0
150005688.0,126.0,11.224972160321824,0
150005689.0,122.0,11.045361017187261,0
150005690.0,130.0,11.40175425099138,0
150005691.0,167.0,12.922847983320086,0
150005692.0,154.0,12.409673645990857,0
150005693.0,145.0,12.041594578792296,0
150005694.0,132.0,11.489125293076057,0
150005695.0,143.0,11.958260743101398,0
150005696.0,135.0,11.61895003862225,0
150005697.0,132.0,11.489125293076057,0
150005698.0,126.0,11.224972160321824,0
150005699.0,125.0,11.180339887498949,0
150005700.0,140.0,11.832159566199232,0
150005701.0,133.0,11.532562594670797,0
150005702.0,128.0,11.313708498984761,0
150005703.0,152.0,12.328828005937952,0
150005704.0,136.0,11.661903789690601,0
150005705.0,130.0,11.40175425099138,0
150005706.0,130.0,11.40175425099138,0
150005707.0,146.0,12.083045973594572,0
150005708.0,142.0,11.916375287812984,0
150005709.0,133.0,11.532562594670797,0
150005710.0,138.0,11.74734012447073,0
150005711.0,143.0,11.958260743101398,0
150005712.0,141.0,11.874342087037917,0
150005713.0,162.0,12.727922061357855,0
150005714.0,123.0,11.090536506409418,0
150005715.0,138.0,11.74734012447073,0
150005716.0,124.0,11.135528725660043,0
150005717.0,130.0,11.40175425099138,0
150005718.0,146.0,12.083045973594572,0
150005719.0,127.0,11.269427669584644,0
150005720.0,143.0,11.958260743101398,0
150005721.0,155.0,12.449899597988733,0
150005722.0,116.0,10.770329614269007,0
150005723.0,128.0,11.313708498984761,0
150005724.0,134.0,11.575836902790225,0
150005725.0,138.0,11.74734012447073,0
150005726.0,121.0,11.0,0
150005727.0,145.0,12.041594578792296,0
150005728.0,120.0,10.954451150103322,0
150005729.0,114.0,10.677078252031311,0
150005730.0,122.0,11.045361017187261,0
150005731.0,150.0,12.24744871391589,0
150005732.0,140.0,11.832159566199232,0
150005733.0,145.0,12.041594578792296,0
150005734.0,147.0,12.12435565298214,0
150005735.0,149.0,12.206555615733702,0
150005736.0,126.0,11.224972160321824,0
150005737.0,134.0,11.575836902790225,0
150005738.0,126.0,11.224972160321824,0
150005739.0,130.0,11.40175425099138,0
150005740.0,132.0,11.489125293076057,0
150005741.0,132.0,11.489125293076057,0
150005742.0,144.0,12.0,0
150005743.0,161.0,12.68857754044952,0
150005744.0,127.0,11.269427669584644,0
150005745.0,148.0,12.165525060596439,0
150005746.0,131.0,11.445523142259598,0
150005747.0,127.0,11.269427669584644,0
150005748.0,144.0,12.0,0
150005749.0,127.0,11.269427669584644,0
150005750.0,151.0,12.288205727444508,0
150005751.0,122.0,11.045361017187261,0
150005752.0,140.0,11.832159566199232,0
150005753.0,128.0,11.313708498984761,0
150005754.0,136.0,11.661903789690601,0
150005755.0,116.0,10.770329614269007,0
150005756.0,127.0,11.269427669584644,0
150005757.0,121.0,11.0,0
150005758.0,148.0,12.165525060596439,0
150005759.0,145.0,12.041594578792296,0
150005760.0,128.0,11.313708498984761,0
150005761.0,154.0,12.409673645990857,0
150005762.0,130.0,11.40175425099138,0
150005763.0,136.0,11.661903789690601,0
150005764.0,138.0,11.74734012447073,0
150005765.0,168.0,12.96148139681572,0
150005766.0,133.0,11.532562594670797,0
150005767.0,152.0,12.328828005937952,0
150005768.0,134.0,11.575836902790225,0
150005769.0,133.0,11.532562594670797,0
150005770.0,148.0,12.165525060596439,0
150005771.0,135.0,11.61895003862225,0
150005772.0,134.0,11.575836902790225,0
150005773.0,167.0,12.922847983320086,0
150005774.0,160.0,12.649110640673518,0
150005775.0,136.0,11.661903789690601,0
150005776.0,135.0,11.61895003862225,0
150005777.0,131.0,11.445523142259598,0
150005778.0,123.0,11.090536506409418,0
150005779.0,139.0,11.789826122551595,0
150005780.0,118.0,10.862780491200215,0
150005781.0,139.0,11.789826122551595,0
150005782.0,144.0,12.0,0
150005783.0,133.0,11.532562594670797,0
150005784.0,125.0,11.180339887498949,0
150005785.0,143.0,11.958260743101398,0
150005786.0,114.0,10.677078252031311,0
150005787.0,140.0,11.832159566199232,0
150005788.0,137.0,11.704699910719626,0
150005789.0,134.0,11.575836902790225,0
150005790.0,132.0,11.489125293076057,0
150005791.0,137.0,11.704699910719626,0
150005792.0,137.0,11.704699910719626,0
150005793.0,128.0,11.313708498984761,0
150005794.0,153.0,12.36931687685298,0
150005795.0,145.0,12.041594578792296,0
150005796.0,130.0,11.40175425099138,0
150005797.0,124.0,11.135528725660043,0
150005798.0,152.0,12.328828005937952,0
150005799.0,144.0,12.0,0
150005800.0,124.0,11.135528725660043,0
150005801.0,125.0,11.180339887498949,0
150005802.0,135.0,11.61895003862225,0
150005803.0,137.0,11.704699910719626,0
150005804.0,155.0,12.449899597988733,0
150005805.0,129.0,11.357816691600547,0
150005806.0,145.0,12.041594578792296,0
150005807.0,139.0,11.789826122551595,0
150005808.0,146.0,12.083045973594572,0
150005809.0,142.0,11.916375287812984,0
150005810.0,129.0,11.357816691600547,0
150005811.0,153.0,12.36931687685298,0
150005812.0,144.0,12.0,0
150005813.0,158.0,12.569805089976535,0
150005814.0,131.0,11.445523142259598,0
150005815.0,146.0,12.083045973594572,0
150005816.0,134.0,11.575836902790225,0
150005817.0,129.0,11.357816691600547,0
150005818.0,127.0,11.269427669584644,0
150005819.0,138.0,11.74734012447073,0
150005820.0,131.0,11.445523142259598,0
150005821.0,168.0,12.96148139681572,0
150005822.0,164.0,12.806248474865697,0
150005823.0,153.0,12.36931687685298,0
150005824.0,150.0,12.24744871391589,0
150005825.0,138.0,11.74734012447073,0
150005826.0,142.0,11.916375287812984,0
150005827.0,141.0,11.874342087037917,0
150005828.0,143.0,11.958260743101398,0
150005829.0,142.0,11.916375287812984,0
150005830.0,167.0,12.922847983320086,0
150005831.0,139.0,11.789826122551595,0
150005832.0,150.0,12.24744871391589,0
150005833.0,152.0,12.328828005937952,0
150005834.0,151.0,12.288205727444508,0
150005835.0,151.0,12.288205727444508,0
150005836.0,148.0,12.165525060596439,0
150005837.0,154.0,12.409673645990857,0
150005838.0,143.0,11.958260743101398,0
150005839.0,141.0,11.874342087037917,0
150005840.0,148.0,12.165525060596439,0
150005841.0,145.0,12.041594578792296,0
150005842.0,135.0,11.61895003862225,0
150005843.0,145.0,12.041594578792296,0
150005844.0,160.0,12.649110640673518,0
150005845.0,152.0,12.328828005937952,0
150005846.0,167.0,12.922847983320086,0
150005847.0,157.0,12.529964086141668,0
150005848.0,120.0,10.954451150103322,0
150005849.0,161.0,12.68857754044952,0
150005850.0,160.0,12.649110640673518,0
150005851.0,139.0,11.789826122551595,0
150005852.0,170.0,13.038404810405298,0
150005853.0,162.0,12.727922061357855,0
150005854.0,161.0,12.68857754044952,0
150005855.0,140.0,11.832159566199232,0
150005856.0,141.0,11.874342087037917,0
150005857.0,142.0,11.916375287812984,0
150005858.0,154.0,12.409673645990857,0
150005859.0,139.0,11.789826122551595,0
150005860.0,169.0,13.0,0
150005861.0,140.0,11.832159566199232,0
150005862.0,149.0,12.206555615733702,0
150005863.0,180.0,13.416407864998739,0
150005864.0,160.0,12.649110640673518,0
150005865.0,155.0,12.449899597988733,0
150005866.0,176.0,13.2664991614216,0
150005867.0,174.0,13.19090595827292,0
150005868.0,150.0,12.24744871391589,0
150005869.0,162.0,12.727922061357855,0
150005870.0,147.0,12.12435565298214,0
150005871.0,152.0,12.328828005937952,0
150005872.0,146.0,12.083045973594572,0
150005873.0,150.0,12.24744871391589,0
150005874.0,151.0,12.288205727444508,0
150005875.0,159.0,12.609520212918492,0
150005876.0,149.0,12.206555615733702,0
150005877.0,136.0,11.661903789690601,0
150005878.0,142.0,11.916375287812984,0
150005879.0,140.0,11.832159566199232,0
150005880.0,149.0,12.206555615733702,0
150005881.0,181.0,13.45362404707371,0
150005882.0,139.0,11.789826122551595,0
150005883.0,134.0,11.575836902790225,0
150005884.0,132.0,11.489125293076057,0
150005885.0,185.0,13.601470508735444,0
150005886.0,147.0,12.12435565298214,0
150005887.0,166.0,12.884098726725126,0
150005888.0,160.0,12.649110640673518,0
150005889.0,155.0,12.449899597988733,0
150005890.0,160.0,12.649110640673518,0
150005891.0,172.0,13.114877048604,0
150005892.0,155.0,12.449899597988733,0
150005893.0,168.0,12.96148139681572,0
150005894.0,162.0,12.727922061357855,0
150005895.0,176.0,13.2664991614216,0
150005896.0,160.0,12.649110640673518,0
150005897.0,185.0,13.601470508735444,0
150005898.0,166.0,12.884098726725126,0
150005899.0,164.0,12.806248474865697,0
150005900.0,170.0,13.038404810405298,0
150005901.0,186.0,13.638181696985855,0
150005902.0,149.0,12.206555615733702,0
150005903.0,185.0,13.601470508735444,0
150005904.0,186.0,13.638181696985855,0
150005905.0,163.0,12.767145334803704,0
150005906.0,195.0,13.96424004376894,0
150005907.0,157.0,12.529964086141668,0
150005908.0,171.0,13.076696830622021,0
150005909.0,164.0,12.806248474865697,0
150005910.0,175.0,13.228756555322953,0
150005911.0,177.0,13.30413469565007,0
150005912.0,164.0,12.806248474865697,0
150005913.0,197.0,14.035668847618199,0
150005914.0,179.0,13.379088160259652,0
150005915.0,187.0,13.674794331177344,0
150005916.0,170.0,13.038404810405298,0
150005917.0,162.0,12.727922061357855,0
150005918.0,169.0,13.0,0
150005919.0,176.0,13.2664991614216,0
150005920.0,179.0,13.379088160259652,0
150005921.0,166.0,12.884098726725126,0
150005922.0,169.0,13.0,0
150005923.0,161.0,12.68857754044952,0
150005924.0,169.0,13.0,0
150005925.0,167.0,12.922847983320086,0
150005926.0,153.0,12.36931687685298,0
150005927.0,157.0,12.529964086141668,0
150005928.0,169.0,13.0,0
150005929.0,160.0,12.649110640673518,0
150005930.0,190.0,13.784048752090222,0
150005931.0,189.0,13.74772708486752,0
150005932.0,162.0,12.727922061357855,0
150005933.0,184.0,13.564659966250536,0
150005934.0,176.0,13.2664991614216,0
150005935.0,175.0,13.228756555322953,0
150005936.0,169.0,13.0,0
150005937.0,169.0,13.0,0
150005938.0,168.0,12.96148139681572,0
150005939.0,181.0,13.45362404707371,0
150005940.0,180.0,13.416407864998739,0
150005941.0,157.0,12.529964086141668,0
150005942.0,186.0,13.638181696985855,0
150005943.0,184.0,13.564659966250536,0
150005944.0,203.0,14.247806848775006,0
150005945.0,179.0,13.379088160259652,0
150005946.0,164.0,12.806248474865697,0
150005947.0,198.0,14.071247279470288,0
150005948.0,200.0,14.142135623730951,0
150005949.0,195.0,13.96424004376894,0
150005950.0,202.0,14.212670403551895,0
150005951.0,194.0,13.92838827718412,0
150005952.0,187.0,13.674794331177344,0
150005953.0,183.0,13.527749258468683,0
150005954.0,223.0,14.933184523068078,0
150005955.0,184.0,13.564659966250536,0
150005956.0,193.0,13.892443989449804,0
150005957.0,189.0,13.74772708486752,0
150005958.0,171.0,13.076696830622021,0
150005959.0,191.0,13.820274961085254,0
150005960.0,181.0,13.45362404707371,0
150005961.0,189.0,13.74772708486752,0
150005962.0,213.0,14.594519519326424,0
150005963.0,195.0,13.96424004376894,0
150005964.0,194.0,13.92838827718412,0
150005965.0,200.0,14.142135623730951,0
150005966.0,202.0,14.212670403551895,0
150005967.0,200.0,14.142135623730951,0
150005968.0,211.0,14.52583904633395,0
150005969.0,203.0,14.247806848775006,0
150005970.0,228.0,15.0996688705415,0
150005971.0,214.0,14.628738838327793,0
150005972.0,181.0,13.45362404707371,0
150005973.0,200.0,14.142135623730951,0
150005974.0,190.0,13.784048752090222,0
150005975.0,212.0,14.560219778561036,0
150005976.0,209.0,14.45683229480096,0
150005977.0,205.0,14.317821063276353,0
150005978.0,192.0,13.856406460551018,0
150005979.0,211.0,14.52583904633395,0
150005980.0,237.0,15.394804318340652,0
150005981.0,174.0,13.19090595827292,0
150005982.0,201.0,14.177446878757825,0
150005983.0,217.0,14.730919862656235,0
150005984.0,219.0,14.798648586948742,0
150005985.0,212.0,14.560219778561036,0
150005986.0,226.0,15.033296378372908,0
150005987.0,232.0,15.231546211727817,0
150005988.0,224.0,14.966629547095765,0
150005989.0,246.0,15.684387141358123,0
150005990.0,234.0,15.297058540778355,0
150005991.0,214.0,14.628738838327793,0
150005992.0,219.0,14.798648586948742,0
150005993.0,217.0,14.730919862656235,0
150005994.0,191.0,13.820274961085254,0
150005995.0,237.0,15.394804318340652,0
150005996.0,228.0,15.0996688705415,0
150005997.0,230.0,15.165750888103101,0
150005998.0,238.0,15.427248620541512,0
150005999.0,221.0,14.866068747318506,0
150006000.0,241.0,15.524174696260024,0
150006001.0,254.0,15.937377450509228,0
150006002.0,237.0,15.394804318340652,0
150006003.0,220.0,14.832396974191326,0
150006004.0,208.0,14.422205101855956,0
150006005.0,231.0,15.198684153570664,0
150006006.0,199.0,14.106735979665885,0
150006007.0,219.0,14.798648586948742,0
150006008.0,215.0,14.66287829861518,0
150006009.0,246.0,15.684387141358123,0
150006010.0,239.0,15.459624833740307,0
150006011.0,215.0,14.66287829861518,0
150006012.0,217.0,14.730919862656235,0
150006013.0,224.0,14.966629547095765,0
150006014.0,208.0,14.422205101855956,0
150006015.0,239.0,15.459624833740307,0
150006016.0,241.0,15.524174696260024,0
150006017.0,235.0,15.329709716755891,0
150006018.0,251.0,15.84297951775486,0
150006019.0,236.0,15.362291495737216,0
150006020.0,241.0,15.524174696260024,0
150006021.0,263.0,16.217274740226856,0
150006022.0,232.0,15.231546211727817,0
150006023.0,236.0,15.362291495737216,0
150006024.0,246.0,15.684387141358123,0
150006025.0,247.0,15.716233645501712,0
150006026.0,234.0,15.297058540778355,0
150006027.0,224.0,14.966629547095765,0
150006028.0,245.0,15.652475842498529,0
150006029.0,246.0,15.684387141358123,0
150006030.0,235.0,15.329709716755891,0
150006031.0,251.0,15.84297951775486,0
150006032.0,249.0,15.7797338380595,0
150006033.0,252.0,15.874507866387544,0
150006034.0,263.0,16.217274740226856,0
150006035.0,228.0,15.0996688705415,0
150006036.0,236.0,15.362291495737216,0
150006037.0,237.0,15.394804318340652,0
150006038.0,251.0,15.84297951775486,0
150006039.0,226.0,15.033296378372908,0
150006040.0,272.0,16.492422502470642,0
150006041.0,254.0,15.937377450509228,0
150006042.0,262.0,16.186414056238647,0
150006043.0,277.0,16.64331697709324,0
150006044.0,253.0,15.905973720586866,0
150006045.0,256.0,16.0,0
150006046.0,248.0,15.748015748023622,0
150006047.0,233.0,15.264337522473747,0
150006048.0,251.0,15.84297951775486,0
150006049.0,262.0,16.186414056238647,0
150006050.0,246.0,15.684387141358123,0
150006051.0,251.0,15.84297951775486,0
150006052.0,260.0,16.1245154965971,0
150006053.0,283.0,16.822603841260722,0
150006054.0,251.0,15.84297951775486,0
150006055.0,275.0,16.583123951777,0
150006056.0,246.0,15.684387141358123,0
150006057.0,270.0,16.431676725154983,0
150006058.0,281.0,16.76305461424021,0
150006059.0,259.0,16.09347693943108,0
150006060.0,251.0,15.84297951775486,0
150006061.0,241.0,15.524174696260024,0
150006062.0,285.0,16.881943016134134,0
150006063.0,285.0,16.881943016134134,0
150006064.0,262.0,16.186414056238647,0
150006065.0,271.0,16.46207763315433,0
150006066.0,277.0,16.64331697709324,0
150006067.0,270.0,16.431676725154983,0
150006068.0,286.0,16.911534525287763,0
150006069.0,298.0,17.26267650163207,0
150006070.0,284.0,16.852299546352718,0
150006071.0,277.0,16.64331697709324,0
150006072.0,281.0,16.76305461424021,0
150006073.0,290.0,17.029386365926403,0
150006074.0,279.0,16.703293088490067,0
150006075.0,287.0,16.941074346097416,0
150006076.0,270.0,16.431676725154983,0
150006077.0,269.0,16.401219466856727,0
150006078.0,296.0,17.204650534085253,0
150006079.0,296.0,17.204650534085253,0
150006080.0,290.0,17.029386365926403,0
150006081.0,281.0,16.76305461424021,0
150006082.0,289.0,17.0,0
150006083.0,273.0,16.522711641858304,0
150006084.0,297.0,17.233687939614086,0
150006085.0,283.0,16.822603841260722,0
150006086.0,300.0,17.320508075688775,0
150006087.0,301.0,17.349351572897472,0
150006088.0,274.0,16.55294535724685,0
150006089.0,281.0,16.76305461424021,0
150006090.0,286.0,16.911534525287763,0
150006091.0,295.0,17.175564037317667,0
150006092.0,293.0,17.11724276862369,0
150006093.0,301.0,17.349351572897472,0
150006094.0,279.0,16.703293088490067,0
150006095.0,319.0,17.86057109949175,0
150006096.0,265.0,16.278820596099706,0
150006097.0,317.0,17.804493814764857,0
150006098.0,308.0,17.549928774784245,0
150006099.0,285.0,16.881943016134134,0
150006100.0,311.0,17.635192088548397,0
150006101.0,333.0,18.24828759089466,0
150006102.0,308.0,17.549928774784245,0
150006103.0,327.0,18.083141320025124,0
150006104.0,268.0,16.3707055437449,0
150006105.0,328.0,18.110770276274835,0
150006106.0,266.0,16.30950643030009,0
150006107.0,290.0,17.029386365926403,0
150006108.0,306.0,17.4928556845359,0
150006109.0,305.0,17.46424919657298,0
150006110.0,288.0,16.97056274847714,0
150006111.0,306.0,17.4928556845359,0
150006112.0,330.0,18.16590212458495,0
150006113.0,324.0,18.0,0
150006114.0,320.0,17.88854381999832,0
150006115.0,290.0,17.029386365926403,0
150006116.0,332.0,18.2208671582886,0
150006117.0,306.0,17.4928556845359,0
150006118.0,274.0,16.55294535724685,0
150006119.0,316.0,17.776388834631177,0
150006120.0,293.0,17.11724276862369,0
150006121.0,318.0,17.832554500127006,0
150006122.0,321.0,17.916472867168917,0
150006123.0,326.0,18.05547008526779,0
150006124.0,283.0,16.822603841260722,0
150006125.0,313.0,17.69180601295413,0
150006126.0,303.0,17.406895185529212,0
150006127.0,322.0,17.944358444926362,0
150006128.0,360.0,18.973665961010276,0
150006129.0,364.0,19.078784028338912,0
150006130.0,338.0,18.384776310850235,0
150006131.0,314.0,17.72004514666935,0
150006132.0,325.0,18.027756377319946,0
150006133.0,290.0,17.029386365926403,0
150006134.0,329.0,18.138357147217054,0
150006135.0,317.0,17.804493814764857,0
150006136.0,319.0,17.86057109949175,0
150006137.0,337.0,18.35755975068582,0
150006138.0,297.0,17.233687939614086,0
150006139.0,370.0,19.235384061671343,0
150006140.0,323.0,17.97220075561143,0
150006141.0,326.0,18.05547008526779,0
150006142.0,299.0,17.291616465790582,0
150006143.0,318.0,17.832554500127006,0
150006144.0,324.0,18.0,0
150006145.0,337.0,18.35755975068582,0
150006146.0,304.0,17.435595774162696,0
150006147.0,310.0,17.60681686165901,0
150006148.0,329.0,18.138357147217054,0
150006149.0,351.0,18.734993995195193,0
150006150.0,348.0,18.65475810617763,0
150006151.0,322.0,17.944358444926362,0
150006152.0,327.0,18.083141320025124,0
150006153.0,340.0,18.439088914585774,0
150006154.0,322.0,17.944358444926362,0
150006155.0,333.0,18.24828759089466,0
150006156.0,352.0,18.76166303929372,0
150006157.0,310.0,17.60681686165901,0
150006158.0,295.0,17.175564037317667,0
150006159.0,323.0,17.97220075561143,0
150006160.0,313.0,17.69180601295413,0
150006161.0,329.0,18.138357147217054,0
150006162.0,316.0,17.776388834631177,0
150006163.0,320.0,17.88854381999832,0
150006164.0,317.0,17.804493814764857,0
150006165.0,327.0,18.083141320025124,0
150006166.0,324.0,18.0,0
150006167.0,330.0,18.16590212458495,0
150006168.0,313.0,17.69180601295413,0
150006169.0,318.0,17.832554500127006,0
150006170.0,342.0,18.49324200890693,0
150006171.0,351.0,18.734993995195193,0
150006172.0,344.0,18.547236990991408,0
150006173.0,338.0,18.384776310850235,0
150006174.0,365.0,19.1049731745428,0
150006175.0,331.0,18.193405398660254,0
150006176.0,347.0,18.627936010197157,0
150006177.0,340.0,18.439088914585774,0
150006178.0,328.0,18.110770276274835,0
150006179.0,345.0,18.57417562100671,0
150006180.0,335.0,18.303005217723125,0
150006181.0,352.0,18.76166303929372,0
150006182.0,339.0,18.411952639521967,0
150006183.0,342.0,18.49324200890693,0
150006184.0,334.0,18.275666882497067,0
150006185.0,342.0,18.49324200890693,0
150006186.0,370.0,19.235384061671343,0
150006187.0,344.0,18.547236990991408,0
150006188.0,323.0,17.97220075561143,0
150006189.0,315.0,17.74823934929885,0
150006190.0,313.0,17.69180601295413,0
150006191.0,314.0,17.72004514666935,0
150006192.0,335.0,18.303005217723125,0
150006193.0,351.0,18.734993995195193,0
150006194.0,333.0,18.24828759089466,0
150006195.0,324.0,18.0,0
150006196.0,324.0,18.0,0
150006197.0,328.0,18.110770276274835,0
150006198.0,331.0,18.193405398660254,0
150006199.0,336.0,18.33030277982336,0
150006200.0,327.0,18.083141320025124,0
150006201.0,341.0,18.466185312619388,0
150006202.0,297.0,17.233687939614086,0
150006203.0,318.0,17.832554500127006,0
150006204.0,350.0,18.708286933869708,0
150006205.0,330.0,18.16590212458495,0
150006206.0,325.0,18.027756377319946,0
150006207.0,307.0,17.52141546793523,0
150006208.0,364.0,19.078784028338912,0
150006209.0,322.0,17.944358444926362,0
150006210.0,334.0,18.275666882497067,0
150006211.0,336.0,18.33030277982336,0
150006212.0,333.0,18.24828759089466,0
150006213.0,347.0,18.627936010197157,0
150006214.0,326.0,18.05547008526779,0
150006215.0,303.0,17.406895185529212,0
150006216.0,335.0,18.303005217723125,0
150006217.0,308.0,17.549928774784245,0
150006218.0,335.0,18.303005217723125,0
150006219.0,319.0,17.86057109949175,0
150006220.0,349.0,18.681541692269406,0
150006221.0,329.0,18.138357147217054,0
150006222.0,307.0,17.52141546793523,0
150006223.0,346.0,18.601075237738275,0
150006224.0,322.0,17.944358444926362,0
150006225.0,322.0,17.944358444926362,0
150006226.0,355.0,18.841443681416774,0
150006227.0,345.0,18.57417562100671,0
150006228.0,331.0,18.193405398660254,0
150006229.0,320.0,17.88854381999832,0
150006230.0,326.0,18.05547008526779,0
150006231.0,319.0,17.86057109949175,0
150006232.0,312.0,17.663521732655695,0
150006233.0,338.0,18.384776310850235,0
150006234.0,340.0,18.439088914585774,0
150006235.0,340.0,18.439088914585774,0
150006236.0,338.0,18.384776310850235,0
150006237.0,294.0,17.146428199482248,0
150006238.0,329.0,18.138357147217054,0
150006239.0,301.0,17.349351572897472,0
150006240.0,309.0,17.578395831246947,0
150006241.0,323.0,17.97220075561143,0
150006242.0,324.0,18.0,0
150006243.0,348.0,18.65475810617763,0
150006244.0,303.0,17.406895185529212,0
150006245.0,295.0,17.175564037317667,0
150006246.0,299.0,17.291616465790582,0
150006247.0,305.0,17.46424919657298,0
150006248.0,315.0,17.74823934929885,0
150006249.0,317.0,17.804493814764857,0
150006250.0,316.0,17.776388834631177,0
150006251.0,327.0,18.083141320025124,0
150006252.0,290.0,17.029386365926403,0
150006253.0,313.0,17.69180601295413,0
150006254.0,346.0,18.601075237738275,0
150006255.0,292.0,17.08800749063506,0
150006256.0,347.0,18.627936010197157,0
150006257.0,331.0,18.193405398660254,0
150006258.0,307.0,17.52141546793523,0
150006259.0,315.0,17.74823934929885,0
150006260.0,317.0,17.804493814764857,0
150006261.0,312.0,17.663521732655695,0
150006262.0,309.0,17.578395831246947,0
150006263.0,307.0,17.52141546793523,0
150006264.0,291.0,17.05872210923198,0
150006265.0,316.0,17.776388834631177,0
150006266.0,318.0,17.832554500127006,0
150006267.0,308.0,17.549928774784245,0
150006268.0,327.0,18.083141320025124,0
150006269.0,342.0,18.49324200890693,0
150006270.0,305.0,17.46424919657298,0
150006271.0,302.0,17.378147196982766,0
150006272.0,338.0,18.384776310850235,0
150006273.0,307.0,17.52141546793523,0
150006274.0,312.0,17.663521732655695,0
150006275.0,282.0,16.792855623746664,0
150006276.0,309.0,17.578395831246947,0
150006277.0,325.0,18.027756377319946,0
150006278.0,279.0,16.703293088490067,0
150006279.0,306.0,17.4928556845359,0
150006280.0,294.0,17.146428199482248,0
150006281.0,322.0,17.944358444926362,0
150006282.0,296.0,17.204650534085253,0
150006283.0,320.0,17.88854381999832,0
150006284.0,316.0,17.776388834631177,0
150006285.0,297.0,17.233687939614086,0
150006286.0,298.0,17.26267650163207,0
150006287.0,325.0,18.027756377319946,0
150006288.0,308.0,17.549928774784245,0
150006289.0,302.0,17.378147196982766,0
150006290.0,283.0,16.822603841260722,0
150006291.0,288.0,16.97056274847714,0
150006292.0,287.0,16.941074346097416,0
150006293.0,305.0,17.46424919657298,0
150006294.0,303.0,17.406895185529212,0
150006295.0,310.0,17.60681686165901,0
150006296.0,312.0,17.663521732655695,0
150006297.0,333.0,18.24828759089466,0
150006298.0,323.0,17.97220075561143,0
150006299.0,311.0,17.635192088548397,0
150006300.0,314.0,17.72004514666935,0
150006301.0,299.0,17.291616465790582,0
150006302.0,306.0,17.4928556845359,0
150006303.0,291.0,17.05872210923198,0
150006304.0,280.0,16.73320053068151,0
150006305.0,319.0,17.86057109949175,0
150006306.0,315.0,17.74823934929885,0
150006307.0,294.0,17.146428199482248,0
150006308.0,306.0,17.4928556845359,0
150006309.0,297.0,17.233687939614086,0
150006310.0,285.0,16.881943016134134,0
150006311.0,302.0,17.378147196982766,0
150006312.0,275.0,16.583123951777,0
150006313.0,314.0,17.72004514666935,0
150006314.0,292.0,17.08800749063506,0
150006315.0,336.0,18.33030277982336,0
150006316.0,296.0,17.204650534085253,0
150006317.0,322.0,17.944358444926362,0
150006318.0,344.0,18.547236990991408,0
150006319.0,325.0,18.027756377319946,0
150006320.0,288.0,16.97056274847714,0
150006321.0,294.0,17.146428199482248,0
150006322.0,319.0,17.86057109949175,0
150006323.0,297.0,17.233687939614086,0
150006324.0,261.0,16.15549442140351,0
150006325.0,287.0,16.941074346097416,0
150006326.0,307.0,17.52141546793523,0
150006327.0,301.0,17.349351572897472,0
150006328.0,297.0,17.233687939614086,0
150006329.0,302.0,17.378147196982766,0
150006330.0,311.0,17.635192088548397,0
150006331.0,303.0,17.406895185529212,0
150006332.0,266.0,16.30950643030009,0
150006333.0,294.0,17.146428199482248,0
150006334.0,314.0,17.72004514666935,0
150006335.0,299.0,17.291616465790582,0
150006336.0,283.0,16.822603841260722,0
150006337.0,290.0,17.029386365926403,0
150006338.0,269.0,16.401219466856727,0
150006339.0,265.0,16.278820596099706,0
150006340.0,274.0,16.55294535724685,0
150006341.0,276.0,16.61324772583615,0
150006342.0,279.0,16.703293088490067,0
150006343.0,301.0,17.349351572897472,0
150006344.0,323.0,17.97220075561143,0
150006345.0,311.0,17.635192088548397,0
150006346.0,262.0,16.186414056238647,0
150006347.0,294.0,17.146428199482248,0
150006348.0,268.0,16.3707055437449,0
150006349.0,300.0,17.320508075688775,0
150006350.0,294.0,17.146428199482248,0
150006351.0,321.0,17.916472867168917,0
150006352.0,271.0,16.46207763315433,0
150006353.0,262.0,16.186414056238647,0
150006354.0,312.0,17.663521732655695,0
150006355.0,267.0,16.34013463836819,0
150006356.0,302.0,17.378147196982766,0
150006357.0,282.0,16.792855623746664,0
150006358.0,290.0,17.029386365926403,0
150006359.0,285.0,16.881943016134134,0
150006360.0,306.0,17.4928556845359,0
150006361.0,284.0,16.852299546352718,0
150006362.0,266.0,16.30950643030009,0
150006363.0,291.0,17.05872210923198,0
150006364.0,290.0,17.029386365926403,0
150006365.0,302.0,17.378147196982766,0
150006366.0,272.0,16.492422502470642,0
150006367.0,282.0,16.792855623746664,0
150006368.0,280.0,16.73320053068151,0
150006369.0,309.0,17.578395831246947,0
150006370.0,306.0,17.4928556845359,0
150006371.0,273.0,16.522711641858304,0
150006372.0,291.0,17.05872210923198,0
150006373.0,263.0,16.217274740226856,0
150006374.0,260.0,16.1245154965971,0
150006375.0,236.0,15.362291495737216,0
150006376.0,264.0,16.24807680927192,0
150006377.0,284.0,16.852299546352718,0
150006378.0,283.0,16.822603841260722,0
150006379.0,289.0,17.0,0
150006380.0,308.0,17.549928774784245,0
150006381.0,269.0,16.401219466856727,0
150006382.0,268.0,16.3707055437449,0
150006383.0,262.0,16.186414056238647,0
150006384.0,262.0,16.186414056238647,0
150006385.0,272.0,16.492422502470642,0
150006386.0,280.0,16.73320053068151,0
150006387.0,267.0,16.34013463836819,0
150006388.0,276.0,16.61324772583615,0
150006389.0,299.0,17.291616465790582,0
150006390.0,250.0,15.811388300841896,0
150006391.0,307.0,17.52141546793523,0
150006392.0,253.0,15.905973720586866,0
150006393.0,255.0,15.968719422671311,0
150006394.0,298.0,17.26267650163207,0
150006395.0,266.0,16.30950643030009,0
150006396.0,310.0,17.60681686165901,0
150006397.0,248.0,15.748015748023622,0
150006398.0,273.0,16.522711641858304,0
150006399.0,254.0,15.937377450509228,0
150006400.0,288.0,16.97056274847714,0
150006401.0,263.0,16.217274740226856,0
150006402.0,247.0,15.716233645501712,0
150006403.0,279.0,16.703293088490067,0
150006404.0,259.0,16.09347693943108,0
150006405.0,245.0,15.652475842498529,0
150006406.0,252.0,15.874507866387544,0
150006407.0,280.0,16.73320053068151,0
150006408.0,293.0,17.11724276862369,0
150006409.0,282.0,16.792855623746664,0
150006410.0,254.0,15.937377450509228,0
150006411.0,259.0,16.09347693943108,0
150006412.0,271.0,16.46207763315433,0
150006413.0,279.0,16.703293088490067,0
150006414.0,260.0,16.1245154965971,0
150006415.0,291.0,17.05872210923198,0
150006416.0,305.0,17.46424919657298,0
150006417.0,260.0,16.1245154965971,0
150006418.0,276.0,16.61324772583615,0
150006419.0,270.0,16.431676725154983,0
150006420.0,268.0,16.3707055437449,0
150006421.0,286.0,16.911534525287763,0
150006422.0,263.0,16.217274740226856,0
150006423.0,286.0,16.911534525287763,0
150006424.0,247.0,15.716233645501712,0
150006425.0,279.0,16.703293088490067,0
150006426.0,260.0,16.1245154965971,0
150006427.0,308.0,17.549928774784245,0
150006428.0,264.0,16.24807680927192,0
150006429.0,297.0,17.233687939614086,0
150006430.0,275.0,16.583123951777,0
150006431.0,260.0,16.1245154965971,0
150006432.0,267.0,16.34013463836819,0
150006433.0,267.0,16.34013463836819,0
150006434.0,255.0,15.968719422671311,0
150006435.0,278.0,16.673332000533065,0
150006436.0,315.0,17.74823934929885,0
150006437.0,269.0,16.401219466856727,0
150006438.0,283.0,16.822603841260722,0
150006439.0,246.0,15.684387141358123,0
150006440.0,294.0,17.146428199482248,0
150006441.0,254.0,15.937377450509228,0
150006442.0,241.0,15.524174696260024,0
150006443.0,250.0,15.811388300841896,0
150006444.0,253.0,15.905973720586866,0
150006445.0,255.0,15.968719422671311,0
150006446.0,257.0,16.0312195418814,0
150006447.0,273.0,16.522711641858304,0
150006448.0,262.0,16.186414056238647,0
150006449.0,267.0,16.34013463836819,0
150006450.0,278.0,16.673332000533065,0
150006451.0,245.0,15.652475842498529,0
150006452.0,252.0,15.874507866387544,0
150006453.0,275.0,16.583123951777,0
150006454.0,280.0,16.73320053068151,0
150006455.0,263.0,16.217274740226856,0
150006456.0,242.0,15.556349186104045,0
150006457.0,286.0,16.911534525287763,0
150006458.0,257.0,16.0312195418814,0
150006459.0,247.0,15.716233645501712,0
150006460.0,265.0,16.278820596099706,0
150006461.0,258.0,16.06237840420901,0
150006462.0,252.0,15.874507866387544,0
150006463.0,247.0,15.716233645501712,0
150006464.0,257.0,16.0312195418814,0
150006465.0,237.0,15.394804318340652,0
150006466.0,297.0,17.233687939614086,0
150006467.0,251.0,15.84297951775486,0
150006468.0,266.0,16.30950643030009,0
150006469.0,251.0,15.84297951775486,0
150006470.0,250.0,15.811388300841896,0
150006471.0,263.0,16.217274740226856,0
150006472.0,254.0,15.937377450509228,0
150006473.0,216.0,14.696938456699069,0
150006474.0,236.0,15.362291495737216,0
150006475.0,260.0,16.1245154965971,0
150006476.0,247.0,15.716233645501712,0
150006477.0,261.0,16.15549442140351,0
150006478.0,251.0,15.84297951775486,0
150006479.0,251.0,15.84297951775486,0
150006480.0,251.0,15.84297951775486,0
150006481.0,254.0,15.937377450509228,0
150006482.0,250.0,15.811388300841896,0
150006483.0,266.0,16.30950643030009,0
150006484.0,243.0,15.588457268119896,0
150006485.0,256.0,16.0,0
150006486.0,268.0,16.3707055437449,0
150006487.0,294.0,17.146428199482248,0
150006488.0,261.0,16.15549442140351,0
150006489.0,263.0,16.217274740226856,0
150006490.0,260.0,16.1245154965971,0
150006491.0,249.0,15.7797338380595,0
150006492.0,234.0,15.297058540778355,0
150006493.0,252.0,15.874507866387544,0
150006494.0,253.0,15.905973720586866,0
150006495.0,242.0,15.556349186104045,0
150006496.0,221.0,14.866068747318506,0
150006497.0,251.0,15.84297951775486,0
150006498.0,260.0,16.1245154965971,0
150006499.0,241.0,15.524174696260024,0
150006500.0,255.0,15.968719422671311,0
150006501.0,271.0,16.46207763315433,0
150006502.0,243.0,15.588457268119896,0
150006503.0,218.0,14.7648230602334,0
150006504.0,273.0,16.522711641858304,0
150006505.0,260.0,16.1245154965971,0
150006506.0,216.0,14.696938456699069,0
150006507.0,258.0,16.06237840420901,0
150006508.0,237.0,15.394804318340652,0
150006509.0,252.0,15.874507866387544,0
150006510.0,264.0,16.24807680927192,0
150006511.0,238.0,15.427248620541512,0
150006512.0,275.0,16.583123951777,0
150006513.0,231.0,15.198684153570664,0
150006514.0,250.0,15.811388300841896,0
150006515.0,262.0,16.186414056238647,0
150006516.0,251.0,15.84297951775486,0
150006517.0,243.0,15.588457268119896,0
150006518.0,245.0,15.652475842498529,0
150006519.0,233.0,15.264337522473747,0
150006520.0,245.0,15.652475842498529,0
150006521.0,236.0,15.362291495737216,0
150006522.0,240.0,15.491933384829668,0
150006523.0,259.0,16.09347693943108,0
150006524.0,237.0,15.394804318340652,0
150006525.0,217.0,14.730919862656235,0
150006526.0,241.0,15.524174696260024,0
150006527.0,244.0,15.620499351813308,0
150006528.0,263.0,16.217274740226856,0
150006529.0,250.0,15.811388300841896,0
150006530.0,229.0,15.132745950421556,0
150006531.0,244.0,15.620499351813308,0
150006532.0,251.0,15.84297951775486,0
150006533.0,259.0,16.09347693943108,0
150006534.0,249.0,15.7797338380595,0
150006535.0,237.0,15.394804318340652,0
150006536.0,236.0,15.362291495737216,0
150006537.0,229.0,15.132745950421556,0
150006538.0,244.0,15.620499351813308,0
150006539.0,229.0,15.132745950421556,0
150006540.0,244.0,15.620499351813308,0
150006541.0,232.0,15.231546211727817,0
150006542.0,230.0,15.165750888103101,0
150006543.0,227.0,15.066519173319364,0
150006544.0,264.0,16.24807680927192,0
150006545.0,231.0,15.198684153570664,0
150006546.0,259.0,16.09347693943108,0
150006547.0,263.0,16.217274740226856,0
150006548.0,246.0,15.684387141358123,0
150006549.0,212.0,14.560219778561036,0
150006550.0,236.0,15.362291495737216,0
150006551.0,245.0,15.652475842498529,0
150006552.0,258.0,16.06237840420901,0
150006553.0,263.0,16.217274740226856,0
150006554.0,232.0,15.231546211727817,0
150006555.0,257.0,16.0312195418814,0
150006556.0,225.0,15.0,0
150006557.0,230.0,15.165750888103101,0
150006558.0,238.0,15.427248620541512,0
150006559.0,230.0,15.165750888103101,0
150006560.0,234.0,15.297058540778355,0
150006561.0,217.0,14.730919862656235,0
150006562.0,212.0,14.560219778561036,0
150006563.0,231.0,15.198684153570664,0
150006564.0,218.0,14.7648230602334,0
150006565.0,244.0,15.620499351813308,0
150006566.0,272.0,16.492422502470642,0
150006567.0,229.0,15.132745950421556,0
150006568.0,272.0,16.492422502470642,0
150006569.0,244.0,15.620499351813308,0
150006570.0,233.0,15.264337522473747,0
150006571.0,263.0,16.217274740226856,0
150006572.0,230.0,15.165750888103101,0
150006573.0,222.0,14.89966442575134,0
150006574.0,220.0,14.832396974191326,0
150006575.0,263.0,16.217274740226856,0
150006576.0,224.0,14.966629547095765,0
150006577.0,229.0,15.132745950421556,0
150006578.0,248.0,15.748015748023622,0
150006579.0,226.0,15.033296378372908,0
150006580.0,214.0,14.628738838327793,0
150006581.0,224.0,14.966629547095765,0
150006582.0,252.0,15.874507866387544,0
150006583.0,243.0,15.588457268119896,0
150006584.0,231.0,15.198684153570664,0
150006585.0,235.0,15.329709716755891,0
150006586.0,266.0,16.30950643030009,0
150006587.0,231.0,15.198684153570664,0
150006588.0,234.0,15.297058540778355,0
150006589.0,247.0,15.716233645501712,0
150006590.0,224.0,14.966629547095765,0
150006591.0,227.0,15.066519173319364,0
150006592.0,265.0,16.278820596099706,0
150006593.0,232.0,15.231546211727817,0
150006594.0,237.0,15.394804318340652,0
150006595.0,225.0,15.0,0
150006596.0,237.0,15.394804318340652,0
150006597.0,228.0,15.0996688705415,0
150006598.0,254.0,15.937377450509228,0
150006599.0,200.0,14.142135623730951,0
150006600.0,240.0,15.491933384829668,0
150006601.0,247.0,15.716233645501712,0
150006602.0,243.0,15.588457268119896,0
150006603.0,227.0,15.066519173319364,0
150006604.0,256.0,16.0,0
150006605.0,228.0,15.0996688705415,0
150006606.0,253.0,15.905973720586866,0
150006607.0,264.0,16.24807680927192,0
150006608.0,224.0,14.966629547095765,0
150006609.0,258.0,16.06237840420901,0
150006610.0,203.0,14.247806848775006,0
150006611.0,204.0,14.2828568570857,0
150006612.0,261.0,16.15549442140351,0
150006613.0,215.0,14.66287829861518,0
150006614.0,211.0,14.52583904633395,0
150006615.0,230.0,15.165750888103101,0
150006616.0,228.0,15.0996688705415,0
150006617.0,248.0,15.748015748023622,0
150006618.0,245.0,15.652475842498529,0
150006619.0,276.0,16.61324772583615,0
150006620.0,223.0,14.933184523068078,0
150006621.0,240.0,15.491933384829668,0
150006622.0,217.0,14.730919862656235,0
150006623.0,224.0,14.966629547095765,0
150006624.0,226.0,15.033296378372908,0
150006625.0,240.0,15.491933384829668,0
150006626.0,236.0,15.362291495737216,0
150006627.0,221.0,14.866068747318506,0
150006628.0,230.0,15.165750888103101,0
150006629.0,212.0,14.560219778561036,0
150006630.0,247.0,15.716233645501712,0
150006631.0,221.0,14.866068747318506,0
150006632.0,235.0,15.329709716755891,0
150006633.0,244.0,15.620499351813308,0
150006634.0,245.0,15.652475842498529,0
150006635.0,250.0,15.811388300841896,0
150006636.0,223.0,14.933184523068078,0
150006637.0,219.0,14.798648586948742,0
150006638.0,248.0,15.748015748023622,0
150006639.0,221.0,14.866068747318506,0
150006640.0,257.0,16.0312195418814,0
150006641.0,246.0,15.684387141358123,0
150006642.0,220.0,14.832396974191326,0
150006643.0,244.0,15.620499351813308,0
150006644.0,201.0,14.177446878757825,0
150006645.0,236.0,15.362291495737216,0
150006646.0,226.0,15.033296378372908,0
150006647.0,201.0,14.177446878757825,0
150006648.0,217.0,14.730919862656235,0
150006649.0,252.0,15.874507866387544,0
150006650.0,238.0,15.427248620541512,0
150006651.0,242.0,15.556349186104045,0
150006652.0,205.0,14.317821063276353,0
150006653.0,216.0,14.696938456699069,0
150006654.0,217.0,14.730919862656235,0
150006655.0,210.0,14.491376746189438,0
150006656.0,218.0,14.7648230602334,0
150006657.0,217.0,14.730919862656235,0
150006658.0,205.0,14.317821063276353,0
150006659.0,245.0,15.652475842498529,0
150006660.0,200.0,14.142135623730951,0
150006661.0,204.0,14.2828568570857,0
150006662.0,215.0,14.66287829861518,0
150006663.0,231.0,15.198684153570664,0
150006664.0,244.0,15.620499351813308,0
150006665.0,207.0,14.38749456993816,0
150006666.0,227.0,15.066519173319364,0
150006667.0,233.0,15.264337522473747,0
150006668.0,226.0,15.033296378372908,0
150006669.0,220.0,14.832396974191326,0
150006670.0,239.0,15.459624833740307,0
150006671.0,213.0,14.594519519326424,0
150006672.0,207.0,14.38749456993816,0
150006673.0,195.0,13.96424004376894,0
150006674.0,224.0,14.966629547095765,0
150006675.0,217.0,14.730919862656235,0
150006676.0,206.0,14.352700094407323,0
150006677.0,216.0,14.696938456699069,0
150006678.0,225.0,15.0,0
150006679.0,236.0,15.362291495737216,0
150006680.0,223.0,14.933184523068078,0
150006681.0,203.0,14.247806848775006,0
150006682.0,247.0,15.716233645501712,0
150006683.0,217.0,14.730919862656235,0
150006684.0,228.0,15.0996688705415,0
150006685.0,205.0,14.317821063276353,0
150006686.0,210.0,14.491376746189438,0
150006687.0,225.0,15.0,0
150006688.0,215.0,14.66287829861518,0
150006689.0,227.0,15.066519173319364,0
150006690.0,224.0,14.966629547095765,0
150006691.0,227.0,15.066519173319364,0
150006692.0,217.0,14.730919862656235,0
150006693.0,236.0,15.362291495737216,0
150006694.0,231.0,15.198684153570664,0
150006695.0,221.0,14.866068747318506,0
150006696.0,218.0,14.7648230602334,0
150006697.0,202.0,14.212670403551895,0
150006698.0,208.0,14.422205101855956,0
150006699.0,223.0,14.933184523068078,0
150006700.0,232.0,15.231546211727817,0
150006701.0,175.0,13.228756555322953,0
150006702.0,223.0,14.933184523068078,0
150006703.0,227.0,15.066519173319364,0
150006704.0,179.0,13.379088160259652,0
150006705.0,208.0,14.422205101855956,0
150006706.0,207.0,14.38749456993816,0
150006707.0,235.0,15.329709716755891,0
150006708.0,213.0,14.594519519326424,0
150006709.0,215.0,14.66287829861518,0
150006710.0,221.0,14.866068747318506,0
150006711.0,217.0,14.730919862656235,0
150006712.0,222.0,14.89966442575134,0
150006713.0,203.0,14.247806848775006,0
150006714.0,202.0,14.212670403551895,0
150006715.0,199.0,14.106735979665885,0
150006716.0,207.0,14.38749456993816,0
150006717.0,224.0,14.966629547095765,0
150006718.0,225.0,15.0,0
150006719.0,215.0,14.66287829861518,0
150006720.0,222.0,14.89966442575134,0
150006721.0,214.0,14.628738838327793,0
150006722.0,212.0,14.560219778561036,0
150006723.0,214.0,14.628738838327793,0
150006724.0,207.0,14.38749456993816,0
150006725.0,190.0,13.784048752090222,0
150006726.0,222.0,14.89966442575134,0
150006727.0,214.0,14.628738838327793,0
150006728.0,193.0,13.892443989449804,0
150006729.0,228.0,15.0996688705415,0
150006730.0,219.0,14.798648586948742,0
150006731.0,209.0,14.45683229480096,0
150006732.0,203.0,14.247806848775006,0
150006733.0,225.0,15.0,0
150006734.0,204.0,14.2828568570857,0
150006735.0,238.0,15.427248620541512,0
150006736.0,239.0,15.459624833740307,0
150006737.0,192.0,13.856406460551018,0
150006738.0,200.0,14.142135623730951,0
150006739.0,238.0,15.427248620541512,0
150006740.0,204.0,14.2828568570857,0
150006741.0,204.0,14.2828568570857,0
150006742.0,210.0,14.491376746189438,0
150006743.0,222.0,14.89966442575134,0
150006744.0,226.0,15.033296378372908,0
150006745.0,193.0,13.892443989449804,0
150006746.0,239.0,15.459624833740307,0
150006747.0,190.0,13.784048752090222,0
150006748.0,211.0,14.52583904633395,0
150006749.0,232.0,15.231546211727817,0
150006750.0,249.0,15.7797338380595,0
150006751.0,221.0,14.866068747318506,0
150006752.0,201.0,14.177446878757825,0
150006753.0,219.0,14.798648586948742,0
150006754.0,205.0,14.317821063276353,0
150006755.0,207.0,14.38749456993816,0
150006756.0,206.0,14.352700094407323,0
150006757.0,200.0,14.142135623730951,0
150006758.0,220.0,14.832396974191326,0
150006759.0,236.0,15.362291495737216,0
150006760.0,226.0,15.033296378372908,0
150006761.0,235.0,15.329709716755891,0
150006762.0,200.0,14.142135623730951,0
150006763.0,217.0,14.730919862656235,0
150006764.0,192.0,13.856406460551018,0
150006765.0,224.0,14.966629547095765,0
150006766.0,216.0,14.696938456699069,0
150006767.0,200.0,14.142135623730951,0
150006768.0,222.0,14.89966442575134,0
150006769.0,217.0,14.730919862656235,0
150006770.0,178.0,13.341664064126334,0
150006771.0,216.0,14.696938456699069,0
150006772.0,201.0,14.177446878757825,0
150006773.0,203.0,14.247806848775006,0
150006774.0,202.0,14.212670403551895,0
150006775.0,204.0,14.2828568570857,0
150006776.0,211.0,14.52583904633395,0
150006777.0,217.0,14.730919862656235,0
150006778.0,201.0,14.177446878757825,0
150006779.0,203.0,14.247806848775006,0
150006780.0,236.0,15.362291495737216,0
150006781.0,216.0,14.696938456699069,0
150006782.0,218.0,14.7648230602334,0
150006783.0,204.0,14.2828568570857,0
150006784.0,199.0,14.106735979665885,0
150006785.0,196.0,14.0,0
150006786.0,197.0,14.035668847618199,0
150006787.0,218.0,14.7648230602334,0
150006788.0,229.0,15.132745950421556,0
150006789.0,213.0,14.594519519326424,0
150006790.0,205.0,14.317821063276353,0
150006791.0,207.0,14.38749456993816,0
150006792.0,213.0,14.594519519326424,0
150006793.0,176.0,13.2664991614216,0
150006794.0,220.0,14.832396974191326,0
150006795.0,182.0,13.490737563232042,0
150006796.0,206.0,14.352700094407323,0
150006797.0,208.0,14.422205101855956,0
150006798.0,203.0,14.247806848775006,0
150006799.0,194.0,13.92838827718412,0
150006800.0,198.0,14.071247279470288,0
150006801.0,234.0,15.297058540778355,0
150006802.0,214.0,14.628738838327793,0
150006803.0,210.0,14.491376746189438,0
150006804.0,190.0,13.784048752090222,0
150006805.0,248.0,15.748015748023622,0
150006806.0,200.0,14.142135623730951,0
150006807.0,187.0,13.674794331177344,0
150006808.0,223.0,14.933184523068078,0
150006809.0,183.0,13.527749258468683,0
150006810.0,191.0,13.820274961085254,0
150006811.0,212.0,14.560219778561036,0
150006812.0,207.0,14.38749456993816,0
150006813.0,198.0,14.071247279470288,0
150006814.0,187.0,13.674794331177344,0
150006815.0,211.0,14.52583904633395,0
150006816.0,199.0,14.106735979665885,0
150006817.0,201.0,14.177446878757825,0
150006818.0,190.0,13.784048752090222,0
150006819.0,210.0,14.491376746189438,0
150006820.0,191.0,13.820274961085254,0
150006821.0,207.0,14.38749456993816,0
150006822.0,228.0,15.0996688705415,0
150006823.0,225.0,15.0,0
150006824.0,189.0,13.74772708486752,0
150006825.0,198.0,14.071247279470288,0
150006826.0,209.0,14.45683229480096,0
150006827.0,180.0,13.416407864998739,0
150006828.0,180.0,13.416407864998739,0
150006829.0,180.0,13.416407864998739,0
150006830.0,223.0,14.933184523068078,0
150006831.0,207.0,14.38749456993816,0
150006832.0,195.0,13.96424004376894,0
150006833.0,225.0,15.0,0
150006834.0,200.0,14.142135623730951,0
150006835.0,227.0,15.066519173319364,0
150006836.0,215.0,14.66287829861518,0
150006837.0,181.0,13.45362404707371,0
150006838.0,202.0,14.212670403551895,0
150006839.0,209.0,14.45683229480096,0
150006840.0,196.0,14.0,0
150006841.0,204.0,14.2828568570857,0
150006842.0,202.0,14.212670403551895,0
150006843.0,221.0,14.866068747318506,0
150006844.0,189.0,13.74772708486752,0
150006845.0,198.0,14.071247279470288,0
150006846.0,193.0,13.892443989449804,0
150006847.0,182.0,13.490737563232042,0
150006848.0,183.0,13.527749258468683,0
150006849.0,198.0,14.071247279470288,0
150006850.0,205.0,14.317821063276353,0
150006851.0,208.0,14.422205101855956,0
150006852.0,206.0,14.352700094407323,0
150006853.0,183.0,13.527749258468683,0
150006854.0,203.0,14.247806848775006,0
150006855.0,187.0,13.674794331177344,0
150006856.0,205.0,14.317821063276353,0
150006857.0,164.0,12.806248474865697,0
150006858.0,187.0,13.674794331177344,0
150006859.0,200.0,14.142135623730951,0
150006860.0,192.0,13.856406460551018,0
150006861.0,191.0,13.820274961085254,0
150006862.0,157.0,12.529964086141668,0
150006863.0,204.0,14.2828568570857,0
150006864.0,189.0,13.74772708486752,0
150006865.0,196.0,14.0,0
150006866.0,164.0,12.806248474865697,0
150006867.0,176.0,13.2664991614216,0
150006868.0,204.0,14.2828568570857,0
150006869.0,231.0,15.198684153570664,0
150006870.0,201.0,14.177446878757825,0
150006871.0,191.0,13.820274961085254,0
150006872.0,186.0,13.638181696985855,0
150006873.0,179.0,13.379088160259652,0
150006874.0,202.0,14.212670403551895,0
150006875.0,200.0,14.142135623730951,0
150006876.0,185.0,13.601470508735444,0
150006877.0,209.0,14.45683229480096,0
150006878.0,204.0,14.2828568570857,0
150006879.0,181.0,13.45362404707371,0
150006880.0,229.0,15.132745950421556,0
150006881.0,195.0,13.96424004376894,0
150006882.0,218.0,14.7648230602334,0
150006883.0,179.0,13.379088160259652,0
150006884.0,186.0,13.638181696985855,0
150006885.0,179.0,13.379088160259652,0
150006886.0,193.0,13.892443989449804,0
150006887.0,230.0,15.165750888103101,0
150006888.0,187.0,13.674794331177344,0
150006889.0,211.0,14.52583904633395,0
150006890.0,195.0,13.96424004376894,0
150006891.0,216.0,14.696938456699069,0
150006892.0,206.0,14.352700094407323,0
150006893.0,201.0,14.177446878757825,0
150006894.0,226.0,15.033296378372908,0
150006895.0,210.0,14.491376746189438,0
150006896.0,198.0,14.071247279470288,0
150006897.0,199.0,14.106735979665885,0
150006898.0,186.0,13.638181696985855,0
150006899.0,184.0,13.564659966250536,0
150006900.0,193.0,13.892443989449804,0
150006901.0,189.0,13.74772708486752,0
150006902.0,194.0,13.92838827718412,0
150006903.0,177.0,13.30413469565007,0
150006904.0,179.0,13.379088160259652,0
150006905.0,187.0,13.674794331177344,0
150006906.0,202.0,14.212670403551895,0
150006907.0,198.0,14.071247279470288,0
150006908.0,184.0,13.564659966250536,0
150006909.0,200.0,14.142135623730951,0
150006910.0,184.0,13.564659966250536,0
150006911.0,227.0,15.066519173319364,0
150006912.0,189.0,13.74772708486752,0
150006913.0,187.0,13.674794331177344,0
150006914.0,200.0,14.142135623730951,0
150006915.0,187.0,13.674794331177344,0
150006916.0,187.0,13.674794331177344,0
150006917.0,173.0,13.152946437965905,0
150006918.0,205.0,14.317821063276353,0
150006919.0,217.0,14.730919862656235,0
150006920.0,188.0,13.711309200802088,0
150006921.0,210.0,14.491376746189438,0
150006922.0,209.0,14.45683229480096,0
150006923.0,183.0,13.527749258468683,0
150006924.0,195.0,13.96424004376894,0
150006925.0,194.0,13.92838827718412,0
150006926.0,208.0,14.422205101855956,0
150006927.0,192.0,13.856406460551018,0
150006928.0,194.0,13.92838827718412,0
150006929.0,165.0,12.84523257866513,0
150006930.0,184.0,13.564659966250536,0
150006931.0,186.0,13.638181696985855,0
150006932.0,195.0,13.96424004376894,0
150006933.0,183.0,13.527749258468683,0
150006934.0,187.0,13.674794331177344,0
150006935.0,184.0,13.564659966250536,0
150006936.0,198.0,14.071247279470288,0
150006937.0,179.0,13.379088160259652,0
150006938.0,199.0,14.106735979665885,0
150006939.0,175.0,13.228756555322953,0
150006940.0,188.0,13.711309200802088,0
150006941.0,189.0,13.74772708486752,0
150006942.0,214.0,14.628738838327793,0
150006943.0,199.0,14.106735979665885,0
150006944.0,184.0,13.564659966250536,0
150006945.0,209.0,14.45683229480096,0
150006946.0,206.0,14.352700094407323,0
150006947.0,197.0,14.035668847618199,0
150006948.0,221.0,14.866068747318506,0
150006949.0,182.0,13.490737563232042,0
150006950.0,194.0,13.92838827718412,0
150006951.0,183.0,13.527749258468683,0
150006952.0,189.0,13.74772708486752,0
150006953.0,181.0,13.45362404707371,0
150006954.0,184.0,13.564659966250536,0
150006955.0,208.0,14.422205101855956,0
150006956.0,214.0,14.628738838327793,0
150006957.0,197.0,14.035668847618199,0
150006958.0,211.0,14.52583904633395,0
150006959.0,176.0,13.2664991614216,0
150006960.0,196.0,14.0,0
150006961.0,202.0,14.212670403551895,0
150006962.0,197.0,14.035668847618199,0
150006963.0,183.0,13.527749258468683,0
150006964.0,199.0,14.106735979665885,0
150006965.0,187.0,13.674794331177344,0
150006966.0,178.0,13.341664064126334,0
150006967.0,172.0,13.114877048604,0
150006968.0,169.0,13.0,0
150006969.0,218.0,14.7648230602334,0
150006970.0,176.0,13.2664991614216,0
150006971.0,187.0,13.674794331177344,0
150006972.0,195.0,13.96424004376894,0
150006973.0,177.0,13.30413469565007,0
150006974.0,186.0,13.638181696985855,0
150006975.0,181.0,13.45362404707371,0
150006976.0,176.0,13.2664991614216,0
150006977.0,186.0,13.638181696985855,0
150006978.0,174.0,13.19090595827292,0
150006979.0,193.0,13.892443989449804,0
150006980.0,199.0,14.106735979665885,0
150006981.0,183.0,13.527749258468683,0
150006982.0,221.0,14.866068747318506,0
150006983.0,224.0,14.966629547095765,0
150006984.0,199.0,14.106735979665885,0
150006985.0,210.0,14.491376746189438,0
150006986.0,160.0,12.649110640673518,0
150006987.0,177.0,13.30413469565007,0
150006988.0,177.0,13.30413469565007,0
150006989.0,193.0,13.892443989449804,0
150006990.0,179.0,13.379088160259652,0
150006991.0,199.0,14.106735979665885,0
150006992.0,190.0,13.784048752090222,0
150006993.0,186.0,13.638181696985855,0
150006994.0,171.0,13.076696830622021,0
150006995.0,181.0,13.45362404707371,0
150006996.0,169.0,13.0,0
150006997.0,173.0,13.152946437965905,0
150006998.0,181.0,13.45362404707371,0
150006999.0,209.0,14.45683229480096,0
150007000.0,188.0,13.711309200802088,0
150007001.0,198.0,14.071247279470288,0
150007002.0,201.0,14.177446878757825,0
150007003.0,191.0,13.820274961085254,0
150007004.0,206.0,14.352700094407323,0
150007005.0,190.0,13.784048752090222,0
150007006.0,166.0,12.884098726725126,0
150007007.0,195.0,13.96424004376894,0
150007008.0,177.0,13.30413469565007,0
150007009.0,176.0,13.2664991614216,0
150007010.0,208.0,14.422205101855956,0
150007011.0,204.0,14.2828568570857,0
150007012.0,168.0,12.96148139681572,0
150007013.0,188.0,13.711309200802088,0
150007014.0,175.0,13.228756555322953,0
150007015.0,185.0,13.601470508735444,0
150007016.0,189.0,13.74772708486752,0
150007017.0,180.0,13.416407864998739,0
150007018.0,178.0,13.341664064126334,0
150007019.0,202.0,14.212670403551895,0
150007020.0,188.0,13.711309200802088,0
150007021.0,192.0,13.856406460551018,0
150007022.0,180.0,13.416407864998739,0
150007023.0,201.0,14.177446878757825,0
150007024.0,181.0,13.45362404707371,0
150007025.0,183.0,13.527749258468683,0
150007026.0,181.0,13.45362404707371,0
150007027.0,187.0,13.674794331177344,0
150007028.0,209.0,14.45683229480096,0
150007029.0,191.0,13.820274961085254,0
150007030.0,178.0,13.341664064126334,0
150007031.0,158.0,12.569805089976535,0
150007032.0,194.0,13.92838827718412,0
150007033.0,190.0,13.784048752090222,0
150007034.0,176.0,13.2664991614216,0
150007035.0,202.0,14.212670403551895,0
150007036.0,167.0,12.922847983320086,0
150007037.0,180.0,13.416407864998739,0
150007038.0,182.0,13.490737563232042,0
150007039.0,190.0,13.784048752090222,0
150007040.0,195.0,13.96424004376894,0
150007041.0,180.0,13.416407864998739,0
150007042.0,176.0,13.2664991614216,0
150007043.0,201.0,14.177446878757825,0
150007044.0,174.0,13.19090595827292,0
150007045.0,187.0,13.674794331177344,0
150007046.0,191.0,13.820274961085254,0
150007047.0,185.0,13.601470508735444,0
150007048.0,179.0,13.379088160259652,0
150007049.0,190.0,13.784048752090222,0
150007050.0,180.0,13.416407864998739,0
150007051.0,165.0,12.84523257866513,0
150007052.0,192.0,13.856406460551018,0
150007053.0,173.0,13.152946437965905,0
150007054.0,181.0,13.45362404707371,0
150007055.0,186.0,13.638181696985855,0
150007056.0,170.0,13.038404810405298,0
150007057.0,175.0,13.228756555322953,0
150007058.0,179.0,13.379088160259652,0
150007059.0,183.0,13.527749258468683,0
150007060.0,171.0,13.076696830622021,0
150007061.0,193.0,13.892443989449804,0
150007062.0,178.0,13.341664064126334,0
150007063.0,168.0,12.96148139681572,0
150007064.0,202.0,14.212670403551895,0
150007065.0,169.0,13.0,0
150007066.0,173.0,13.152946437965905,0
150007067.0,183.0,13.527749258468683,0
150007068.0,187.0,13.674794331177344,0
150007069.0,174.0,13.19090595827292,0
150007070.0,191.0,13.820274961085254,0
150007071.0,190.0,13.784048752090222,0
150007072.0,196.0,14.0,0
150007073.0,194.0,13.92838827718412,0
150007074.0,191.0,13.820274961085254,0
150007075.0,180.0,13.416407864998739,0
150007076.0,177.0,13.30413469565007,0
150007077.0,194.0,13.92838827718412,0
150007078.0,160.0,12.649110640673518,0
150007079.0,189.0,13.74772708486752,0
150007080.0,187.0,13.674794331177344,0
150007081.0,166.0,12.884098726725126,0
150007082.0,185.0,13.601470508735444,0
150007083.0,161.0,12.68857754044952,0
150007084.0,181.0,13.45362404707371,0
150007085.0,169.0,13.0,0
150007086.0,175.0,13.228756555322953,0
150007087.0,168.0,12.96148139681572,0
150007088.0,188.0,13.711309200802088,0
150007089.0,181.0,13.45362404707371,0
150007090.0,198.0,14.071247279470288,0
150007091.0,200.0,14.142135623730951,0
150007092.0,179.0,13.379088160259652,0
150007093.0,169.0,13.0,0
150007094.0,160.0,12.649110640673518,0
150007095.0,174.0,13.19090595827292,0
150007096.0,185.0,13.601470508735444,0
150007097.0,175.0,13.228756555322953,0
150007098.0,175.0,13.228756555322953,0
150007099.0,172.0,13.114877048604,0
150007100.0,198.0,14.071247279470288,0
150007101.0,173.0,13.152946437965905,0
150007102.0,171.0,13.076696830622021,0
150007103.0,165.0,12.84523257866513,0
150007104.0,191.0,13.820274961085254,0
150007105.0,165.0,12.84523257866513,0
150007106.0,174.0,13.19090595827292,0
150007107.0,199.0,14.106735979665885,0
150007108.0,150.0,12.24744871391589,0
150007109.0,159.0,12.609520212918492,0
150007110.0,196.0,14.0,0
150007111.0,183.0,13.527749258468683,0
150007112.0,180.0,13.416407864998739,0
150007113.0,197.0,14.035668847618199,0
150007114.0,170.0,13.038404810405298,0
150007115.0,181.0,13.45362404707371,0
150007116.0,192.0,13.856406460551018,0
150007117.0,192.0,13.856406460551018,0
150007118.0,170.0,13.038404810405298,0
150007119.0,178.0,13.341664064126334,0
150007120.0,177.0,13.30413469565007,0
150007121.0,195.0,13.96424004376894,0
150007122.0,179.0,13.379088160259652,0
150007123.0,165.0,12.84523257866513,0
150007124.0,172.0,13.114877048604,0
150007125.0,213.0,14.594519519326424,0
150007126.0,179.0,13.379088160259652,0
150007127.0,168.0,12.96148139681572,0
150007128.0,182.0,13.490737563232042,0
150007129.0,193.0,13.892443989449804,0
150007130.0,196.0,14.0,0
150007131.0,177.0,13.30413469565007,0
150007132.0,187.0,13.674794331177344,0
150007133.0,172.0,13.114877048604,0
150007134.0,165.0,12.84523257866513,0
150007135.0,184.0,13.564659966250536,0
150007136.0,161.0,12.68857754044952,0
150007137.0,177.0,13.30413469565007,0
150007138.0,183.0,13.527749258468683,0
150007139.0,189.0,13.74772708486752,0
150007140.0,191.0,13.820274961085254,0
150007141.0,169.0,13.0,0
150007142.0,201.0,14.177446878757825,0
150007143.0,155.0,12.449899597988733,0
150007144.0,180.0,13.416407864998739,0
150007145.0,177.0,13.30413469565007,0
150007146.0,175.0,13.228756555322953,0
150007147.0,185.0,13.601470508735444,0
150007148.0,182.0,13.490737563232042,0
150007149.0,171.0,13.076696830622021,0
150007150.0,154.0,12.409673645990857,0
150007151.0,182.0,13.490737563232042,0
150007152.0,190.0,13.784048752090222,0
150007153.0,202.0,14.212670403551895,0
150007154.0,167.0,12.922847983320086,0
150007155.0,173.0,13.152946437965905,0
150007156.0,178.0,13.341664064126334,0
150007157.0,207.0,14.38749456993816,0
150007158.0,179.0,13.379088160259652,0
150007159.0,158.0,12.569805089976535,0
150007160.0,176.0,13.2664991614216,0
150007161.0,196.0,14.0,0
150007162.0,156.0,12.489995996796797,0
150007163.0,173.0,13.152946437965905,0
150007164.0,157.0,12.529964086141668,0
150007165.0,164.0,12.806248474865697,0
150007166.0,173.0,13.152946437965905,0
150007167.0,187.0,13.674794331177344,0
150007168.0,163.0,12.767145334803704,0
150007169.0,179.0,13.379088160259652,0
150007170.0,160.0,12.649110640673518,0
150007171.0,190.0,13.784048752090222,0
150007172.0,182.0,13.490737563232042,0
150007173.0,166.0,12.884098726725126,0
150007174.0,169.0,13.0,0
150007175.0,190.0,13.784048752090222,0
150007176.0,188.0,13.711309200802088,0
150007177.0,195.0,13.96424004376894,0
150007178.0,156.0,12.489995996796797,0
150007179.0,192.0,13.856406460551018,0
150007180.0,172.0,13.114877048604,0
150007181.0,186.0,13.638181696985855,0
150007182.0,181.0,13.45362404707371,0
150007183.0,185.0,13.601470508735444,0
150007184.0,157.0,12.529964086141668,0
150007185.0,175.0,13.228756555322953,0
150007186.0,165.0,12.84523257866513,0
150007187.0,168.0,12.96148139681572,0
150007188.0,183.0,13.527749258468683,0
150007189.0,168.0,12.96148139681572,0
150007190.0,171.0,13.076696830622021,0
150007191.0,195.0,13.96424004376894,0
150007192.0,162.0,12.727922061357855,0
150007193.0,159.0,12.609520212918492,0
150007194.0,177.0,13.30413469565007,0
150007195.0,179.0,13.379088160259652,0
150007196.0,183.0,13.527749258468683,0
150007197.0,178.0,13.341664064126334,0
150007198.0,198.0,14.071247279470288,0
150007199.0,175.0,13.228756555322953,0
