candidate_id,group_id,source_hash,pipeline_hash,feature_version,quantity,unit,observed_start_s,observed_peak_s,observed_end_s,status,burst_score,operational_morphology,quality_flags,peak_snr,net_peak_observed,background_at_peak,peak_background_ratio,rise_observed_s,decay_observed_s,duration_observed_s,fwhm_observed_s,fluence_observed,max_rise_rate,max_decay_rate,skewness,kurtosis,wavelet_energy,wavelet_max,dominant_scale_s,n_peaks,cadence_s,sigma_evidence,wavelet_evidence,bb_evidence,edge_candidate,fit_success,fit_r2,fit_rmse_over_noise,fit_reduced_statistic,fit_rise_constant_s,fit_decay_constant_s,fit_duration_s,fit_net_peak,fit_residual_autocorrelation,fit_censored,ctx_peak_fraction,ctx_roughness,ctx_flat_top_fraction,ctx_longest_above2_s,ctx_positive_area_over_peak_s,label,split,label_origin
efcac24cef_216cec93_0_0,train_20261009,efcac24cef59f3bfae1a35e675cb085f005e6780f52bfce461018991eb2d2051,216cec93185069d84716a438ab8318d56f818f9d2727dd3c1730cbe3a0983711,fred-features-2,count_rate,count / s,81.0,91.5,97.0,review_unscored,,unresolved,correlated_residuals;parameter_near_bound,11.851626803947473,353.7444951206194,619.849245831605,1.570694402710819,10.5,5.5,16.0,12.0,4023.7268128746923,133.07970778693345,190.12980586990284,-1.0973222663477185,-0.5923357184217677,119.73209467460373,12.35123135491034,16.0,1.0,1.0,1.0,1.0,1.0,0.0,1.0,0.8264122277238752,1.219359302070939,1.5313531886112064,,,,,0.516302698277007,0.0,0.08656496778812844,0.09013402439681686,0.7692307692307693,13.0,14.4401275835585,0,train,SIMULATION_TRUTH_ONLY
efcac24cef_216cec93_0_1,train_20261009,efcac24cef59f3bfae1a35e675cb085f005e6780f52bfce461018991eb2d2051,216cec93185069d84716a438ab8318d56f818f9d2727dd3c1730cbe3a0983711,fred-features-2,count_rate,count / s,116.0,140.5,141.0,review_unscored,,unresolved,no_improvement_over_linear_background,2.9392902191936074,87.73122473408466,623.5006715408583,1.140707506404563,24.5,0.5,25.0,22.0,715.2458484965988,53.23208921521871,20.274477930908972,0.9594374283067726,1.350306170217321,1.0168338309157492,1.8099996958145181,4.0,1.0,1.0,0.0,0.0,1.0,0.0,1.0,0.08624781679841054,0.9144771188425866,0.8567651754181733,,,,,0.295601792963575,0.0,0.4525625151416948,0.10853913056575017,0.16666666666666666,1.0,5.450458352225427,0,train,SIMULATION_TRUTH_ONLY
efcac24cef_216cec93_0_2,train_20261009,efcac24cef59f3bfae1a35e675cb085f005e6780f52bfce461018991eb2d2051,216cec93185069d84716a438ab8318d56f818f9d2727dd3c1730cbe3a0983711,fred-features-2,count_rate,count / s,286.0,317.5,331.0,review_unscored,,complex_or_multi_peaked,multi_peak_single_component_fit;parameter_near_bound,5.5547316983956945,165.7962904742334,648.7320499314758,1.255569754094539,31.5,13.5,45.0,29.0,3795.9959099421567,41.846416958315785,42.92810702482217,-0.043027470657196934,-0.9528114854299474,25.583801171295292,7.612467151832202,16.0,3.0,1.0,1.0,1.0,1.0,0.0,1.0,0.6689226410799325,0.976127068772339,0.972674555523205,,,,,0.2801479658050965,0.0,0.05055473513587267,0.1629665817497375,0.18604651162790697,25.0,26.699974732460294,1,train,SIMULATION_TRUTH_ONLY
efcac24cef_216cec93_0_3,train_20261009,efcac24cef59f3bfae1a35e675cb085f005e6780f52bfce461018991eb2d2051,216cec93185069d84716a438ab8318d56f818f9d2727dd3c1730cbe3a0983711,fred-features-2,count_rate,count / s,545.0,547.5,549.0,review_unscored,,unresolved,correlated_residuals,5.0583606705361355,150.9807278896776,653.8278594423273,1.2309181624938013,2.5,1.5,4.0,3.0,461.9521824540883,27.75807492668241,88.1752396651674,-1.0131596238081169,0.22311811054810882,12.192340118194494,3.895710334337875,4.0,1.0,1.0,1.0,0.0,1.0,0.0,1.0,0.22464465682101087,1.023598203501422,1.0740787415633828,,,,,0.3864069172315891,0.0,0.2036199390794694,0.185963946028953,0.11764705882352941,4.0,10.317597556785257,0,train,SIMULATION_TRUTH_ONLY
efcac24cef_216cec93_0_4,train_20261009,efcac24cef59f3bfae1a35e675cb085f005e6780f52bfce461018991eb2d2051,216cec93185069d84716a438ab8318d56f818f9d2727dd3c1730cbe3a0983711,fred-features-2,count_rate,count / s,790.0,790.5,792.0,review_unscored,,unresolved,correlated_residuals;no_improvement_over_linear_background;parameter_near_bound;timescale_unresolved,3.6081270259012195,107.69450424167655,644.3536164027844,1.1671357178732071,0.5,1.5,2.0,2.0,166.09724478688543,-49.29176369646768,49.29176369646768,,,5.487634687934035,2.3905310855639677,4.0,1.0,1.0,1.0,0.0,0.0,0.0,1.0,0.013750626516367825,0.9959838647671533,1.0171611141779495,,,,,0.3217573476178316,0.0,0.19274864249838658,0.28196901925610324,0.07692307692307693,1.0,12.877767788531665,0,train,SIMULATION_TRUTH_ONLY
575c260e6c_216cec93_0_0,train_20261010,575c260e6ccdfad39263cf16336ec00e103417e042e36635e51cb83647bb72e8,216cec93185069d84716a438ab8318d56f818f9d2727dd3c1730cbe3a0983711,fred-features-2,count_rate,count / s,271.0,283.5,318.0,review_unscored,,complex_or_multi_peaked,multi_peak_single_component_fit;parameter_near_bound,6.454239797856593,229.75024741178265,881.8984473520308,1.2605178046311634,12.5,34.5,47.0,30.0,5233.3138943387985,62.958867605218586,68.7469089871758,-0.20575566131208003,-0.8057548660845706,81.46617529775402,14.025558882632659,16.0,6.0,1.0,1.0,1.0,1.0,0.0,1.0,0.681789142083383,0.982082789187659,0.9844140140090786,,,,,0.12574833857800813,0.0,0.05195778061498121,0.16577099517077942,0.125,29.0,24.071045179166507,1,train,SIMULATION_TRUTH_ONLY
575c260e6c_216cec93_0_1,train_20261010,575c260e6ccdfad39263cf16336ec00e103417e042e36635e51cb83647bb72e8,216cec93185069d84716a438ab8318d56f818f9d2727dd3c1730cbe3a0983711,fred-features-2,count_rate,count / s,622.0,622.5,623.0,review_unscored,,unresolved,insufficient_event_bins;single_bin_candidate,3.7843720976241357,134.71151567937306,856.3346678360372,1.1573117622573776,0.5,0.5,1.0,1.0,134.71151567937306,,,,,2.4668843509103358,1.5706318317512655,4.0,1.0,1.0,1.0,0.0,0.0,0.0,0.0,,,,,,,,,,0.3731959126615462,0.3034434641531053,0.05555555555555555,1.0,9.295714448385471,0,train,SIMULATION_TRUTH_ONLY
d10c01a671_216cec93_0_0,train_20261011,d10c01a6710e681ab35775988b6202fcad817bac6a2157eb5e7c9d562fae27ed,216cec93185069d84716a438ab8318d56f818f9d2727dd3c1730cbe3a0983711,fred-features-2,count_rate,count / s,240.0,245.5,252.0,review_unscored,,unresolved,parameter_near_bound,9.392679750817177,282.2418817504823,629.3970388069924,1.4484321729340597,5.5,6.5,12.0,7.0,1971.138112922666,84.46106095245688,66.35375275861247,0.012173299494912459,-1.790518340294308,77.65197757210434,12.620018368008164,4.0,1.0,1.0,1.0,1.0,1.0,0.0,1.0,0.6346386540313006,1.0957801136876744,1.229878088076513,,,,,0.2337795004509822,0.0,0.12791428012420758,0.12127653555950647,0.2857142857142857,8.0,10.723148952028778,1,train,SIMULATION_TRUTH_ONLY
d10c01a671_216cec93_0_1,train_20261011,d10c01a6710e681ab35775988b6202fcad817bac6a2157eb5e7c9d562fae27ed,216cec93185069d84716a438ab8318d56f818f9d2727dd3c1730cbe3a0983711,fred-features-2,count_rate,count / s,255.0,255.5,256.0,review_unscored,,unresolved,insufficient_event_bins;single_bin_candidate,1.7265977755278716,51.882765953857415,630.5998286943574,1.0822752617318014,0.5,0.5,1.0,1.0,51.882765953857415,,,,,17.688052887748814,4.205716691332027,16.0,1.0,1.0,0.0,1.0,0.0,0.0,0.0,,,,,,,,,,0.13408620406292202,0.11489850882582632,0.3333333333333333,8.0,10.503110005689322,0,train,SIMULATION_TRUTH_ONLY
d10c01a671_216cec93_0_2,train_20261011,d10c01a6710e681ab35775988b6202fcad817bac6a2157eb5e7c9d562fae27ed,216cec93185069d84716a438ab8318d56f818f9d2727dd3c1730cbe3a0983711,fred-features-2,count_rate,count / s,509.0,509.5,511.0,review_unscored,,unresolved,parameter_near_bound;timescale_unresolved,13.575523478728485,407.9327086661108,641.7176419833725,1.635688785811316,0.5,1.5,2.0,2.0,767.9256621707326,-47.93975516148896,47.93975516148896,,,72.53432814140885,8.827185407756332,4.0,1.0,1.0,1.0,1.0,1.0,0.0,1.0,0.6206183426138361,0.9924044240054859,1.0098631534959561,,,,,0.26036903923374427,0.0,0.3634573467822551,0.090829326145943,1.0,2.0,5.156863875108365,0,train,SIMULATION_TRUTH_ONLY
d10c01a671_216cec93_0_3,train_20261011,d10c01a6710e681ab35775988b6202fcad817bac6a2157eb5e7c9d562fae27ed,216cec93185069d84716a438ab8318d56f818f9d2727dd3c1730cbe3a0983711,fred-features-2,count_rate,count / s,645.0,648.5,652.0,review_unscored,,unresolved,parameter_near_bound,4.360835074961278,131.0393125511912,629.0436192422765,1.208315144677942,3.5,3.5,7.0,7.0,640.8706487717234,21.154117904061877,28.06230743437061,0.6931052468150849,-0.3219485744746451,17.40570130737507,5.394566414166263,4.0,1.0,1.0,1.0,1.0,1.0,0.0,1.0,0.22733760253585067,0.9886962594201629,1.0017163402575466,,,,,0.2142349519519504,0.0,0.16781307364797424,0.20831838266508967,0.08695652173913043,7.0,12.556969530223062,0,train,SIMULATION_TRUTH_ONLY
a370b65881_216cec93_0_0,train_20261012,a370b6588150484535201a81ad302f933de940d26af3434169db681ca867f2b3,216cec93185069d84716a438ab8318d56f818f9d2727dd3c1730cbe3a0983711,fred-features-2,count_rate,count / s,77.0,77.5,78.0,review_unscored,,unresolved,insufficient_event_bins;single_bin_candidate,4.886520122141827,227.38693800726674,1570.9780706839192,1.1447422737787005,0.5,0.5,1.0,1.0,227.38693800726674,,,,,0.019999510629479876,0.14141962604065914,16.0,1.0,1.0,1.0,0.0,0.0,0.0,0.0,,,,,,,,,,0.36651106310977677,0.18670592223405774,0.058823529411764705,1.0,8.072456381554,0,train,SIMULATION_TRUTH_ONLY
a370b65881_216cec93_0_1,train_20261012,a370b6588150484535201a81ad302f933de940d26af3434169db681ca867f2b3,216cec93185069d84716a438ab8318d56f818f9d2727dd3c1730cbe3a0983711,fred-features-2,count_rate,count / s,242.0,261.5,297.0,review_unscored,,complex_or_multi_peaked,correlated_residuals;multi_peak_single_component_fit;parameter_near_bound,12.596540689140483,586.1612651115297,1527.2569767393247,1.3838000245138686,19.5,35.5,55.0,33.0,17757.906400208525,68.90380452788997,66.36794016432464,0.0036853002668388226,-1.1616525134320042,63.23205144942107,12.685171075137173,16.0,2.0,1.0,1.0,1.0,1.0,0.0,1.0,0.803806139618149,1.5002627267228124,2.2958040141776417,,,,,0.7834006152882954,0.0,0.03533074761090113,0.0728382738994743,0.16666666666666666,55.0,31.219835688562735,1,train,SIMULATION_TRUTH_ONLY
a370b65881_216cec93_0_2,train_20261012,a370b6588150484535201a81ad302f933de940d26af3434169db681ca867f2b3,216cec93185069d84716a438ab8318d56f818f9d2727dd3c1730cbe3a0983711,fred-features-2,count_rate,count / s,480.0,501.5,512.0,review_unscored,,complex_or_multi_peaked,correlated_residuals;multi_peak_single_component_fit;no_improvement_over_linear_background;parameter_near_bound;right_censored;timescale_unresolved,2.2503263395934443,104.71558554699482,1496.9580339907977,1.0699522519464555,21.5,10.5,32.0,23.0,1099.4256896819686,71.98729351239695,61.71943848725732,-0.06406768782586908,-0.8366404731648993,2.7822846127525045,2.3157782529476045,16.0,2.0,1.0,0.0,0.0,1.0,0.0,1.0,0.1692134148620622,1.023111330426488,1.0698131115053637,,,,,0.49173436240266233,1.0,0.2049449597008941,0.3722907044423129,0.08695652173913043,1.0,13.663638230637805,0,train,SIMULATION_TRUTH_ONLY
a370b65881_216cec93_0_3,train_20261012,a370b6588150484535201a81ad302f933de940d26af3434169db681ca867f2b3,216cec93185069d84716a438ab8318d56f818f9d2727dd3c1730cbe3a0983711,fred-features-2,count_rate,count / s,642.0,659.5,663.0,review_unscored,,unresolved,correlated_residuals;parameter_near_bound,5.848678729377518,272.1595561707145,1544.853049847857,1.1761718088316024,17.5,3.5,21.0,18.0,3513.174314130656,57.83164642709721,67.74842956079624,0.18903592050673498,-0.6437567765183405,19.8727480183191,5.245097913781143,16.0,1.0,1.0,1.0,1.0,1.0,0.0,1.0,0.4673607742658408,1.0922503994886568,1.2206269290531102,,,,,0.5438058174977974,0.0,0.08204839794888523,0.13239370475007461,0.17857142857142858,19.0,16.927737510352515,0,train,SIMULATION_TRUTH_ONLY
9303df83e2_216cec93_0_0,train_20261014,9303df83e26fcb6f25319c7e170dc1ef219510bbb49c9c4f619e47770fd19bbf,216cec93185069d84716a438ab8318d56f818f9d2727dd3c1730cbe3a0983711,fred-features-2,count_rate,count / s,211.0,224.5,227.0,review_unscored,,complex_or_multi_peaked,correlated_residuals;multi_peak_single_component_fit;parameter_near_bound,10.465055701058052,319.1655297901282,583.2177778984665,1.547249315581893,13.5,2.5,16.0,16.0,4327.797917542515,30.507190331180936,35.58637843856485,0.668783300558346,-0.5366092806430012,216.01444337698402,16.40461226789074,16.0,2.0,1.0,1.0,1.0,1.0,0.0,1.0,0.7258701897626898,1.3365738144381012,1.8287620155042132,,,,,0.3530520214075186,0.0,0.0741679986170453,0.1174512040729267,0.625,16.0,15.509162517621416,0,train,SIMULATION_TRUTH_ONLY
9303df83e2_216cec93_0_1,train_20261014,9303df83e26fcb6f25319c7e170dc1ef219510bbb49c9c4f619e47770fd19bbf,216cec93185069d84716a438ab8318d56f818f9d2727dd3c1730cbe3a0983711,fred-features-2,count_rate,count / s,664.0,664.5,666.0,review_unscored,,unresolved,correlated_residuals;parameter_near_bound;timescale_unresolved,12.266813383585786,374.11592486917755,610.3135942434475,1.6129896636710779,0.5,1.5,2.0,1.0,421.83961800529494,-326.39223173306016,326.39223173306016,,,35.04792464282459,6.070536276016467,4.0,1.0,1.0,1.0,1.0,1.0,0.0,1.0,0.3563210660135525,1.1689303320991662,1.401078276664448,,,,,0.3052367255302621,0.0,0.6502109898353149,0.10888584997922732,0.5,1.0,3.7504000830544144,0,train,SIMULATION_TRUTH_ONLY
114ae1e18e_216cec93_0_0,train_20261015,114ae1e18e62bc82f91207b01ab8c71006db5d4b2de4bd37751e2b2c4ff15c7c,216cec93185069d84716a438ab8318d56f818f9d2727dd3c1730cbe3a0983711,fred-features-2,count_rate,count / s,277.0,292.5,320.0,review_unscored,,complex_or_multi_peaked,correlated_residuals;multi_peak_single_component_fit;parameter_near_bound,10.830567825147932,300.25505396496806,571.6060585722598,1.5252831901658566,15.5,27.5,43.0,27.0,7251.54567255564,51.23144708276703,55.94290994106922,-0.10339261533866123,-1.3965718460721095,354.9863039236516,28.90899286398742,16.0,3.0,1.0,1.0,1.0,1.0,0.0,1.0,0.8552950589890232,1.0962598185334598,1.2270331861539345,,,,,0.3214576046049885,0.0,0.04423145573731467,0.09424835341982259,0.34210526315789475,33.0,26.113813264748867,1,train,SIMULATION_TRUTH_ONLY
19419506fa_216cec93_0_0,train_20261016,19419506fa3e9f979576507c740e4b0f75cd84ee4c9ea06635892f388859d77e,216cec93185069d84716a438ab8318d56f818f9d2727dd3c1730cbe3a0983711,fred-features-2,count_rate,count / s,206.0,235.5,263.0,review_unscored,,complex_or_multi_peaked,correlated_residuals;multi_peak_single_component_fit;parameter_near_bound,10.530423678993692,454.70405754427884,1507.6353985767078,1.3016008100987446,29.5,27.5,57.0,33.0,13355.823433556005,80.2796745075666,78.80666931415749,0.01514158919275549,-1.2916053090892008,222.4659430233021,25.321780338207294,16.0,7.0,1.0,1.0,1.0,1.0,0.0,1.0,0.8195092938782143,1.24834142982196,1.5892760937712438,,,,,0.42251218187243755,0.0,0.03691755992728269,0.11155188204066019,0.3469387755102041,43.0,30.558659317139835,1,train,SIMULATION_TRUTH_ONLY
19419506fa_216cec93_0_1,train_20261016,19419506fa3e9f979576507c740e4b0f75cd84ee4c9ea06635892f388859d77e,216cec93185069d84716a438ab8318d56f818f9d2727dd3c1730cbe3a0983711,fred-features-2,count_rate,count / s,716.0,716.5,718.0,review_unscored,,unresolved,parameter_near_bound;timescale_unresolved,11.428127269332425,493.4669295276117,1464.654842270101,1.3369168730311753,0.5,1.5,2.0,1.0,598.7721025780663,-388.16175647715704,388.16175647715704,,,37.01342849562633,6.177020498256176,4.0,1.0,1.0,1.0,1.0,1.0,0.0,1.0,0.4377105131075105,0.9311226995669333,0.8889942908277176,,,,,-0.05462740332030112,0.0,0.5402152556119367,0.11282254938649337,0.25,2.0,4.168243386498474,0,train,SIMULATION_TRUTH_ONLY
90f4dace07_216cec93_0_0,train_20261017,90f4dace077a9544116af5cdacaeefe0291aa35427e21d29d2a4d21a8f3a3952,216cec93185069d84716a438ab8318d56f818f9d2727dd3c1730cbe3a0983711,fred-features-2,count_rate,count / s,161.0,162.5,164.0,review_unscored,,unresolved,no_improvement_over_linear_background;parameter_near_bound;right_censored,5.089396612281205,152.8756096234439,620.8716735274916,1.2462273866592735,1.5,1.5,3.0,3.0,390.29093377867184,36.797115572902726,31.53877951875711,,,21.51494070863001,4.925780884422712,4.0,1.0,1.0,1.0,1.0,1.0,0.0,1.0,0.17777613607316833,1.0820457898378562,1.2003893309852693,,,,,0.07148317594241516,1.0,0.21255833586615352,0.27430349499695894,0.0625,3.0,9.745316919725857,0,train,SIMULATION_TRUTH_ONLY
90f4dace07_216cec93_0_1,train_20261017,90f4dace077a9544116af5cdacaeefe0291aa35427e21d29d2a4d21a8f3a3952,216cec93185069d84716a438ab8318d56f818f9d2727dd3c1730cbe3a0983711,fred-features-2,count_rate,count / s,293.0,307.5,320.0,review_unscored,,complex_or_multi_peaked,multi_peak_single_component_fit;parameter_near_bound,5.397563005039112,162.13233075314304,650.9111990169445,1.2490851762851947,14.5,12.5,27.0,27.0,2028.9763521605923,74.21367929532528,48.37968426059621,-0.005056377321189015,0.6130839378366484,31.00410187744994,6.934612606622703,16.0,2.0,1.0,1.0,1.0,1.0,0.0,1.0,0.4740265530054424,1.0052188671823703,1.033223191005611,,,,,0.06496697175864538,0.0,0.08696819254950383,0.20411671450907534,0.02631578947368421,10.0,18.493793857229562,1,train,SIMULATION_TRUTH_ONLY
90f4dace07_216cec93_0_2,train_20261017,90f4dace077a9544116af5cdacaeefe0291aa35427e21d29d2a4d21a8f3a3952,216cec93185069d84716a438ab8318d56f818f9d2727dd3c1730cbe3a0983711,fred-features-2,count_rate,count / s,506.0,507.5,516.0,review_unscored,,unresolved,parameter_near_bound,6.532193287240232,196.21442521403594,618.5488648464682,1.3172173394299882,1.5,8.5,10.0,9.0,1403.9363602151807,71.12120114081358,75.40442659913924,-1.1299800049401947,3.4221055267099523,68.3401521992991,10.782774749115138,4.0,1.0,1.0,1.0,1.0,1.0,0.0,1.0,0.4724959602002029,1.031789606384848,1.0905553965229162,,,,,0.11738990900753793,0.0,0.13623435518235189,0.16868271205074978,0.23076923076923078,10.0,11.306755729234231,0,train,SIMULATION_TRUTH_ONLY
328721a33c_216cec93_0_0,train_20261018,328721a33c0933b0ce3345838d6994dd5c351518adf56f55cd6d6d09dd6c49f8,216cec93185069d84716a438ab8318d56f818f9d2727dd3c1730cbe3a0983711,fred-features-2,count_rate,count / s,210.0,220.5,237.0,review_unscored,,unresolved,parameter_near_bound,4.782931483070819,154.68239392501448,808.7473100649323,1.191261710549115,10.5,16.5,27.0,19.0,2490.9171673091237,33.42590492772126,48.11206115707682,0.07039577179002932,-0.5338358997677197,41.752291279602794,8.210681549760963,16.0,1.0,1.0,1.0,1.0,1.0,0.0,1.0,0.5245454328308139,0.9670013070605136,0.956152147853515,,,,,0.035687531395956554,0.0,0.07064306988128195,0.21224237187004755,0.16216216216216217,19.0,20.6457789258671,1,train,SIMULATION_TRUTH_ONLY
328721a33c_216cec93_0_1,train_20261018,328721a33c0933b0ce3345838d6994dd5c351518adf56f55cd6d6d09dd6c49f8,216cec93185069d84716a438ab8318d56f818f9d2727dd3c1730cbe3a0983711,fred-features-2,count_rate,count / s,434.0,436.5,437.0,review_unscored,,unresolved,timescale_unresolved,3.907177211260588,126.36006320939828,784.1560101837904,1.161141484052111,2.5,0.5,3.0,3.0,364.1650484979432,12.476461635091141,10.037782139930641,,,13.699419359703063,4.242599718633693,4.0,1.0,1.0,1.0,1.0,1.0,0.0,1.0,0.14530232979031332,1.021104047944085,1.0689831099784977,,,,,0.03371420579551718,0.0,0.2086854489329982,0.28914068263894793,0.13043478260869565,3.0,12.446449095523672,0,train,SIMULATION_TRUTH_ONLY
328721a33c_216cec93_0_2,train_20261018,328721a33c0933b0ce3345838d6994dd5c351518adf56f55cd6d6d09dd6c49f8,216cec93185069d84716a438ab8318d56f818f9d2727dd3c1730cbe3a0983711,fred-features-2,count_rate,count / s,580.0,580.5,583.0,review_unscored,,unresolved,timescale_unresolved,4.155618734545472,134.39478620472119,760.9224560906468,1.1766208700097964,0.5,2.5,3.0,3.0,320.4114669661053,-13.699022969279213,34.53693433938952,,,8.361637733492818,3.0378555874779214,4.0,1.0,1.0,1.0,0.0,1.0,0.0,1.0,0.14888602037083465,0.9636897394755016,0.9521498814948645,,,,,0.03512763415424893,0.0,0.26343809656433,0.2597462781786455,0.05555555555555555,3.0,9.285136939052004,0,train,SIMULATION_TRUTH_ONLY
328721a33c_216cec93_0_3,train_20261018,328721a33c0933b0ce3345838d6994dd5c351518adf56f55cd6d6d09dd6c49f8,216cec93185069d84716a438ab8318d56f818f9d2727dd3c1730cbe3a0983711,fred-features-2,count_rate,count / s,770.0,784.5,793.0,review_unscored,,unresolved,correlated_residuals;parameter_near_bound,14.880582845144332,481.2454842043044,729.5575248872583,1.6596402172380764,14.5,8.5,23.0,18.0,7521.759438524594,147.6434679159347,140.73850665527448,-1.2126294181998527,0.002131343481628356,432.35079437085693,25.669787740903473,16.0,1.0,1.0,1.0,1.0,1.0,0.0,1.0,0.8113640082359337,1.523106663166793,2.373306762391911,,,,,0.511566521126674,0.0,0.06469000809927268,0.09138631004752426,0.5,21.0,17.212407214250355,0,train,SIMULATION_TRUTH_ONLY
328721a33c_216cec93_0_4,train_20261018,328721a33c0933b0ce3345838d6994dd5c351518adf56f55cd6d6d09dd6c49f8,216cec93185069d84716a438ab8318d56f818f9d2727dd3c1730cbe3a0983711,fred-features-2,count_rate,count / s,846.0,846.5,847.0,review_unscored,,unresolved,insufficient_event_bins;single_bin_candidate,3.7284369003334077,120.57951224750855,721.6782231833275,1.1670820988828394,0.5,0.5,1.0,1.0,120.57951224750855,,,,,6.7494287170725356,2.5979662655763134,4.0,1.0,1.0,1.0,0.0,0.0,0.0,0.0,,,,,,,,,,0.27167996569543473,0.29021111721856596,0.05,1.0,9.993854740307977,0,train,SIMULATION_TRUTH_ONLY
8b0191c4f6_216cec93_0_0,train_20261020,8b0191c4f628fa937fc6a634155b94427df5565d621d04570746eacc293d4ef1,216cec93185069d84716a438ab8318d56f818f9d2727dd3c1730cbe3a0983711,fred-features-2,count_rate,count / s,69.0,70.5,73.0,review_unscored,,unresolved,correlated_residuals;parameter_near_bound;timescale_unresolved,3.3150200933316207,97.1786480863426,615.5995317962653,1.1578601721849655,1.5,2.5,4.0,4.0,307.73851444581146,22.820305719920384,9.888414892956803,-0.12361395523004237,1.3468625769132316,4.719059508205219,2.4207026447357287,4.0,1.0,1.0,0.0,0.0,1.0,0.0,1.0,0.12466325988146798,1.0192758352683828,1.0698435625395017,,,,,0.5053514915316829,0.0,0.15382731120696125,0.25830079463653965,0.08333333333333333,2.0,13.039676772004697,0,train,SIMULATION_TRUTH_ONLY
8b0191c4f6_216cec93_0_1,train_20261020,8b0191c4f628fa937fc6a634155b94427df5565d621d04570746eacc293d4ef1,216cec93185069d84716a438ab8318d56f818f9d2727dd3c1730cbe3a0983711,fred-features-2,count_rate,count / s,285.0,288.5,291.0,review_unscored,,unresolved,correlated_residuals;parameter_near_bound,7.7995533253419085,228.64116249513256,609.2473037890699,1.3752846521817212,3.5,2.5,6.0,6.0,1117.2538799124459,74.79248517813983,93.94795676024557,-0.8459900059890715,-1.7884580559272572,32.62279127958939,6.989097683273465,4.0,1.0,1.0,1.0,1.0,1.0,0.0,1.0,0.5170856348634956,1.036249372655555,1.1005245225859726,,,,,0.535764579122938,0.0,0.18615234085156873,0.11650729855454649,0.4444444444444444,6.0,8.506942961514312,0,train,SIMULATION_TRUTH_ONLY
8b0191c4f6_216cec93_0_2,train_20261020,8b0191c4f628fa937fc6a634155b94427df5565d621d04570746eacc293d4ef1,216cec93185069d84716a438ab8318d56f818f9d2727dd3c1730cbe3a0983711,fred-features-2,count_rate,count / s,731.0,731.5,733.0,review_unscored,,unresolved,correlated_residuals;timescale_unresolved,6.086923466905715,178.43602055649978,659.2940114088466,1.2706471126215746,0.5,1.5,2.0,2.0,312.4810998117878,-44.3909413012118,44.3909413012118,,,14.080070094881924,3.763571115137383,4.0,1.0,1.0,1.0,0.0,1.0,0.0,1.0,0.21873292315780324,1.022431391076253,1.0718980801550286,,,,,0.6177802799187083,0.0,0.44962625308786136,0.10675131261297054,0.14285714285714285,2.0,6.694853510938634,0,train,SIMULATION_TRUTH_ONLY
55990fd971_216cec93_0_0,train_20261021,55990fd971023133adb6585d778271aa85aa14f205e24124450f5a273ba9714e,216cec93185069d84716a438ab8318d56f818f9d2727dd3c1730cbe3a0983711,fred-features-2,count_rate,count / s,237.0,250.5,303.0,review_unscored,,complex_or_multi_peaked,multi_peak_single_component_fit,11.609656745779294,339.81898453293707,610.0882444380729,1.5569997252543857,13.5,52.5,66.0,30.0,11261.476652807047,71.66312276283327,48.553327281406496,0.21652972797462905,-1.4101612693072887,132.14750245579546,17.814805893970842,16.0,3.0,1.0,1.0,1.0,1.0,0.0,1.0,0.896008262421794,1.086316764184401,1.2028656587146318,7.7772745300227575,33.08774325208135,118.79263919530113,327.29882687616015,0.18421835370013714,0.0,0.03413362785635757,0.09943947860725127,0.3076923076923077,51.0,32.289251125612445,1,train,SIMULATION_TRUTH_ONLY
55990fd971_216cec93_0_1,train_20261021,55990fd971023133adb6585d778271aa85aa14f205e24124450f5a273ba9714e,216cec93185069d84716a438ab8318d56f818f9d2727dd3c1730cbe3a0983711,fred-features-2,count_rate,count / s,306.0,306.5,307.0,review_unscored,,unresolved,insufficient_event_bins;single_bin_candidate,1.447324179555442,42.3637187348628,623.1294462150248,1.067985422599086,0.5,0.5,1.0,1.0,42.3637187348628,,,,,27.16348690733764,5.211860215636797,64.0,1.0,1.0,0.0,1.0,0.0,0.0,0.0,,,,,,,,,,0.06363964994605578,0.10618655798285014,0.15789473684210525,27.0,20.140087874043573,0,train,SIMULATION_TRUTH_ONLY
55990fd971_216cec93_0_2,train_20261021,55990fd971023133adb6585d778271aa85aa14f205e24124450f5a273ba9714e,216cec93185069d84716a438ab8318d56f818f9d2727dd3c1730cbe3a0983711,fred-features-2,count_rate,count / s,309.0,309.5,310.0,review_unscored,,unresolved,insufficient_event_bins;single_bin_candidate,1.8628795534914373,54.527179574432694,623.8313428935851,1.087406925278094,0.5,0.5,1.0,1.0,54.527179574432694,,,,,20.22700493712436,4.497444267261614,64.0,1.0,1.0,0.0,1.0,0.0,0.0,0.0,,,,,,,,,,0.076670024793571,0.1059922301576182,0.08571428571428572,24.0,17.436099450253025,0,train,SIMULATION_TRUTH_ONLY
55990fd971_216cec93_0_3,train_20261021,55990fd971023133adb6585d778271aa85aa14f205e24124450f5a273ba9714e,216cec93185069d84716a438ab8318d56f818f9d2727dd3c1730cbe3a0983711,fred-features-2,count_rate,count / s,449.0,452.5,456.0,review_unscored,,unresolved,parameter_near_bound,7.430000585103351,217.47888927266206,612.2735631473269,1.355198888801821,3.5,3.5,7.0,5.0,947.2911076759872,107.18591351987789,66.10184831955723,-0.5063004694760267,-0.6923190588292996,49.80852021956519,9.106515931677363,4.0,1.0,1.0,1.0,1.0,1.0,0.0,1.0,0.4679137635594711,0.9665274972811564,0.9572985565401939,,,,,0.0291968877728067,0.0,0.22795513138755805,0.14363682477972287,0.25,6.0,7.483660969378939,0,train,SIMULATION_TRUTH_ONLY
55990fd971_216cec93_0_4,train_20261021,55990fd971023133adb6585d778271aa85aa14f205e24124450f5a273ba9714e,216cec93185069d84716a438ab8318d56f818f9d2727dd3c1730cbe3a0983711,fred-features-2,count_rate,count / s,590.0,591.5,592.0,review_unscored,,unresolved,parameter_near_bound;timescale_unresolved,9.06177096357297,265.241417066954,598.3917388149007,1.4432571505620344,1.5,0.5,2.0,2.0,511.6925185946426,18.790315539265407,-18.790315539265407,,,26.82813209393418,5.288739295631939,4.0,1.0,1.0,1.0,1.0,1.0,0.0,1.0,0.42321792424551186,1.0080803501784537,1.042283069144527,,,,,0.11885613291733683,0.0,0.3719504966324139,0.13020064236903195,0.5,2.0,5.140651082341637,0,train,SIMULATION_TRUTH_ONLY
55990fd971_216cec93_0_5,train_20261021,55990fd971023133adb6585d778271aa85aa14f205e24124450f5a273ba9714e,216cec93185069d84716a438ab8318d56f818f9d2727dd3c1730cbe3a0983711,fred-features-2,count_rate,count / s,651.0,652.5,653.0,review_unscored,,unresolved,parameter_near_bound;timescale_unresolved,9.91332256204031,290.16665006953804,587.9302719755117,1.4935392237833673,1.5,0.5,2.0,2.0,566.4358671435874,13.897432995488657,-13.897432995488657,,,26.462597102745754,5.515075712117305,4.0,1.0,1.0,1.0,1.0,1.0,0.0,1.0,0.45018679701563225,1.0624959620086072,1.1578437633688161,,,,,0.16508031281061403,0.0,0.3395173080073205,0.12714179224184877,0.3333333333333333,2.0,5.866271679225979,0,train,SIMULATION_TRUTH_ONLY
4778420aac_216cec93_0_0,train_20261022,4778420aacb053cbb02bfd83f42575ee79d24ed392f2133531807a766253a073,216cec93185069d84716a438ab8318d56f818f9d2727dd3c1730cbe3a0983711,fred-features-2,count_rate,count / s,293.0,296.5,332.0,review_unscored,,complex_or_multi_peaked,multi_peak_single_component_fit,5.569317023299461,191.28806892341174,891.9374940481874,1.2144635360659894,3.5,35.5,39.0,15.0,2631.806982807424,71.19134804635439,40.1446430071,0.8688905742685469,0.3989316698963705,27.031029616496397,7.4543416227887835,16.0,4.0,1.0,1.0,1.0,1.0,0.0,1.0,0.49739095408324085,0.9581756242912363,0.9377180596138044,2.4083718846114346,19.115969319174887,64.72661105481218,144.59484345277727,-0.018796558062595968,0.0,0.09526313542622365,0.23505325141474448,0.05128205128205128,11.0,17.607866601396907,1,train,SIMULATION_TRUTH_ONLY
cb6c793872_216cec93_0_0,train_20261023,cb6c7938721d707a1807ae9fdd4bd1c1cc66a9c3afcce0bc439ac2b38d487aa5,216cec93185069d84716a438ab8318d56f818f9d2727dd3c1730cbe3a0983711,fred-features-2,count_rate,count / s,280.0,293.5,305.0,review_unscored,,unresolved,correlated_residuals;parameter_near_bound,12.500361638950567,384.7924881397546,622.2359487600086,1.6184028565153923,13.5,11.5,25.0,15.0,5507.565549975539,40.92022977240299,46.910210127218306,0.10468799859768516,-1.4521748962582286,338.39488533089263,23.14312328022214,16.0,1.0,1.0,1.0,1.0,1.0,0.0,1.0,0.8241589014773786,1.1086046472220978,1.2569361789297595,,,,,0.3778522835694944,0.0,0.0733751033981909,0.085272754687563,0.28,25.0,16.112433727002642,1,train,SIMULATION_TRUTH_ONLY
ace8c0a8e1_216cec93_0_0,train_20261024,ace8c0a8e128d13f88a293b8a1b869e08e179599ea3203d5e72a885ca5120e38,216cec93185069d84716a438ab8318d56f818f9d2727dd3c1730cbe3a0983711,fred-features-2,count_rate,count / s,319.0,328.5,363.0,review_unscored,,complex_or_multi_peaked,multi_peak_single_component_fit;parameter_near_bound,4.349274858618514,140.3630552527884,777.7617677334789,1.1804705001916314,9.5,34.5,44.0,37.0,2353.754339018055,38.591915660938184,42.13807578816733,0.10934091499433175,-0.16109262025712745,10.470271153234064,4.322726877487738,16.0,3.0,1.0,1.0,1.0,1.0,0.0,1.0,0.38862212097845483,1.019298538915366,1.0607052752725519,,,,,0.18574045194271768,0.0,0.08799494762240875,0.24582287390409768,0.022727272727272728,5.0,20.66743055246466,1,train,SIMULATION_TRUTH_ONLY
1f13afb5f2_216cec93_0_0,train_20261026,1f13afb5f2612d358a07920a1a42d5dbdfde3f4dd996aab97f072749230c20e6,216cec93185069d84716a438ab8318d56f818f9d2727dd3c1730cbe3a0983711,fred-features-2,count_rate,count / s,616.0,618.5,624.0,review_unscored,,unresolved,parameter_near_bound,10.09866167498205,351.58445969535694,739.0929692375067,1.4756972049917791,2.5,5.5,8.0,6.0,1926.3969305331584,145.5117283840218,168.66540514423366,-0.893645881707306,-0.7601934729906499,148.34295085713183,16.188150506540207,4.0,1.0,1.0,1.0,1.0,1.0,0.0,1.0,0.6538502861970308,1.019941963358465,1.0662886488350083,,,,,0.1205866357361175,0.0,0.1684487657474313,0.10704754083060684,0.4444444444444444,8.0,8.429744100225252,0,train,SIMULATION_TRUTH_ONLY
1f13afb5f2_216cec93_0_1,train_20261026,1f13afb5f2612d358a07920a1a42d5dbdfde3f4dd996aab97f072749230c20e6,216cec93185069d84716a438ab8318d56f818f9d2727dd3c1730cbe3a0983711,fred-features-2,count_rate,count / s,668.0,669.5,671.0,review_unscored,,unresolved,timescale_unresolved,4.310092675953518,150.0556859396645,739.0595907365736,1.2030359768284904,1.5,1.5,3.0,3.0,374.83315625122896,32.993844389334754,42.34005717842979,,,13.511646123733962,3.88228945167009,4.0,1.0,1.0,1.0,0.0,1.0,0.0,1.0,0.17604390264876346,0.9426593528806414,0.9119910412463322,,,,,0.053102829627935194,0.0,0.20886515214603338,0.24139161848008814,0.043478260869565216,3.0,10.28232825348507,0,train,SIMULATION_TRUTH_ONLY
76ca94589c_216cec93_0_0,train_20261027,76ca94589c913f5c437cf761dafaddd7dacbe20ac27b2812bed027c8e9e586df,216cec93185069d84716a438ab8318d56f818f9d2727dd3c1730cbe3a0983711,fred-features-2,count_rate,count / s,73.0,73.5,75.0,review_unscored,,unresolved,timescale_unresolved,8.282877894543761,356.8521176375391,1242.2894483953487,1.287253601081842,0.5,1.5,2.0,2.0,677.0723788460207,-36.63185642905751,36.63185642905751,,,30.565225034388458,5.786889591756629,4.0,1.0,1.0,1.0,1.0,1.0,0.0,1.0,0.46741492682472285,0.9310959393881857,0.8943744473434329,,,,,0.11083461688170754,0.0,0.3901599137367263,0.1257923099154577,0.2857142857142857,2.0,5.541342649366353,0,train,SIMULATION_TRUTH_ONLY
76ca94589c_216cec93_0_1,train_20261027,76ca94589c913f5c437cf761dafaddd7dacbe20ac27b2812bed027c8e9e586df,216cec93185069d84716a438ab8318d56f818f9d2727dd3c1730cbe3a0983711,fred-features-2,count_rate,count / s,129.0,129.5,130.0,review_unscored,,unresolved,insufficient_event_bins;single_bin_candidate,1.5208809995491954,65.52427939585391,1256.9866010359249,1.0521280651216594,0.5,0.5,1.0,1.0,65.52427939585391,,,,,22.401060344306625,4.732975844466843,16.0,1.0,1.0,0.0,1.0,0.0,0.0,0.0,,,,,,,,,,0.1350735960786681,0.10926568750756037,0.5,11.0,9.66420841555931,0,train,SIMULATION_TRUTH_ONLY
76ca94589c_216cec93_0_2,train_20261027,76ca94589c913f5c437cf761dafaddd7dacbe20ac27b2812bed027c8e9e586df,216cec93185069d84716a438ab8318d56f818f9d2727dd3c1730cbe3a0983711,fred-features-2,count_rate,count / s,134.0,139.5,145.0,review_unscored,,unresolved,correlated_residuals;parameter_near_bound,10.302790745589963,443.8762398709407,1260.4158349632678,1.3521665053374043,5.5,5.5,11.0,7.0,3261.3790403647427,140.38306447142543,170.12914731376645,-0.5532174055808158,-1.6077187401226278,160.071984073317,17.087109092531232,4.0,1.0,1.0,1.0,1.0,1.0,0.0,1.0,0.659546941025636,1.1669661434485126,1.3953520976879792,,,,,0.31717215697431095,0.0,0.1368336883140356,0.11031249157732813,0.5,11.0,9.308291421778696,0,train,SIMULATION_TRUTH_ONLY
76ca94589c_216cec93_0_3,train_20261027,76ca94589c913f5c437cf761dafaddd7dacbe20ac27b2812bed027c8e9e586df,216cec93185069d84716a438ab8318d56f818f9d2727dd3c1730cbe3a0983711,fred-features-2,count_rate,count / s,255.0,274.5,303.0,review_unscored,,complex_or_multi_peaked,correlated_residuals;multi_peak_single_component_fit;parameter_near_bound,8.087437403050995,348.43193395871685,1313.0699408614946,1.2653567210061283,19.5,28.5,48.0,39.0,9748.36424730203,99.87406577719696,57.437463689998594,-0.33907206587529154,0.13132079743260716,87.14136823005317,13.101014205533094,16.0,3.0,1.0,1.0,1.0,1.0,0.0,1.0,0.6903402031894386,1.291599715733587,1.702697384064964,,,,,0.43362419724894274,0.0,0.03868082713090601,0.14900018907357487,0.08,43.0,30.51476479431834,1,train,SIMULATION_TRUTH_ONLY
76ca94589c_216cec93_0_4,train_20261027,76ca94589c913f5c437cf761dafaddd7dacbe20ac27b2812bed027c8e9e586df,216cec93185069d84716a438ab8318d56f818f9d2727dd3c1730cbe3a0983711,fred-features-2,count_rate,count / s,306.0,306.5,307.0,review_unscored,,unresolved,insufficient_event_bins;single_bin_candidate,2.0213067089806667,87.08417396444634,1323.2748904473497,1.0658095869521158,0.5,0.5,1.0,1.0,87.08417396444634,,,,,17.722703675345354,4.209834162451694,64.0,1.0,1.0,0.0,1.0,0.0,0.0,0.0,,,,,,,,,,0.0400458550359333,0.14474820303791636,0.08695652173913043,42.0,28.78334047664682,0,train,SIMULATION_TRUTH_ONLY
9801cbab14_216cec93_0_0,train_20261028,9801cbab14cd78904023f6b9e1678eff6f77eeac75bf1cb8bbbc244bd5a3efbc,216cec93185069d84716a438ab8318d56f818f9d2727dd3c1730cbe3a0983711,fred-features-2,count_rate,count / s,118.0,122.5,138.0,review_unscored,,complex_or_multi_peaked,correlated_residuals;multi_peak_single_component_fit;parameter_near_bound,12.687277252828796,473.2886435532689,1112.3727253073284,1.425476670531011,4.5,15.5,20.0,6.0,3230.853783357624,177.68271736721272,180.8899677978127,0.8469916110700018,-1.052486989386664,56.19830622744492,14.16431981676656,4.0,4.0,1.0,1.0,1.0,1.0,0.0,1.0,0.7264685353692245,1.122151733271885,1.288508803473122,,,,,0.40037263601390094,0.0,0.14788162985741435,0.09194461294396868,0.36363636363636365,8.0,8.938771873026877,0,train,SIMULATION_TRUTH_ONLY
9801cbab14_216cec93_0_1,train_20261028,9801cbab14cd78904023f6b9e1678eff6f77eeac75bf1cb8bbbc244bd5a3efbc,216cec93185069d84716a438ab8318d56f818f9d2727dd3c1730cbe3a0983711,fred-features-2,count_rate,count / s,299.0,306.5,332.0,review_unscored,,complex_or_multi_peaked,correlated_residuals;multi_peak_single_component_fit;parameter_near_bound,6.834808682553507,254.96702451194597,1121.34768553194,1.227375530178221,7.5,25.5,33.0,17.0,4551.164716509574,54.95076228517701,53.389798436923684,0.3206281218692779,-1.0725548544788472,23.924271593368925,6.747427226181052,16.0,2.0,1.0,1.0,1.0,1.0,0.0,1.0,0.7103432033581555,0.9218887927794952,0.8685166424421817,,,,,0.4040636899134803,0.0,0.06229021555528912,0.11732622748232086,0.15789473684210525,24.0,20.966689863819692,1,train,SIMULATION_TRUTH_ONLY
9801cbab14_216cec93_0_2,train_20261028,9801cbab14cd78904023f6b9e1678eff6f77eeac75bf1cb8bbbc244bd5a3efbc,216cec93185069d84716a438ab8318d56f818f9d2727dd3c1730cbe3a0983711,fred-features-2,count_rate,count / s,568.0,569.5,571.0,review_unscored,,unresolved,correlated_residuals;ill_conditioned_fit;timescale_unresolved,8.99361846293843,335.4996819361463,1082.7770737538185,1.3098511134642161,1.5,1.5,3.0,3.0,950.3936621318442,29.84055226494138,26.264831411653404,,,43.343773031116605,7.010652866999902,4.0,1.0,1.0,1.0,1.0,1.0,0.0,1.0,0.44678750961306224,1.1139612079685999,1.2722456731835803,,,,,0.43834304171373334,0.0,0.3136532405515109,0.10166828092878542,0.75,3.0,6.069143118281427,0,train,SIMULATION_TRUTH_ONLY
9801cbab14_216cec93_0_3,train_20261028,9801cbab14cd78904023f6b9e1678eff6f77eeac75bf1cb8bbbc244bd5a3efbc,216cec93185069d84716a438ab8318d56f818f9d2727dd3c1730cbe3a0983711,fred-features-2,count_rate,count / s,715.0,716.5,717.0,review_unscored,,unresolved,correlated_residuals;parameter_near_bound;timescale_unresolved,7.447096871027194,277.80794147242204,1069.480639196597,1.2597596733318275,1.5,0.5,2.0,2.0,528.7446502278822,26.871232716961913,-26.871232716961913,,,11.682258864110723,3.5673349710576385,4.0,1.0,1.0,1.0,0.0,1.0,0.0,1.0,0.3471933548812052,0.976965151745695,0.9786858038606532,,,,,0.43273614128846893,0.0,0.3732962490744914,0.11885101556599492,0.2857142857142857,2.0,6.873091467958793,0,train,SIMULATION_TRUTH_ONLY
dae9ae01f9_216cec93_0_0,train_20261029,dae9ae01f93173c8431b2356dffc659fe6231354afe5d41e8732ae6631f197bf,216cec93185069d84716a438ab8318d56f818f9d2727dd3c1730cbe3a0983711,fred-features-2,count_rate,count / s,203.0,238.5,270.0,review_unscored,,complex_or_multi_peaked,correlated_residuals;multi_peak_single_component_fit;parameter_near_bound,11.154885966351062,402.5069354162206,867.8594359161209,1.4637927742196297,35.5,31.5,67.0,32.0,12085.864060181362,78.17625162769775,71.56596995496,0.2289085394977287,-1.2166104305870211,213.2786893611182,25.953879556606076,16.0,6.0,1.0,1.0,1.0,1.0,0.0,1.0,0.8400237964754373,1.1916056581983572,1.4472302762782314,,,,,0.36972454295638524,0.0,0.03696714848376204,0.10562511551176199,0.22448979591836735,45.0,30.949012945607357,1,train,SIMULATION_TRUTH_ONLY
dae9ae01f9_216cec93_0_1,train_20261029,dae9ae01f93173c8431b2356dffc659fe6231354afe5d41e8732ae6631f197bf,216cec93185069d84716a438ab8318d56f818f9d2727dd3c1730cbe3a0983711,fred-features-2,count_rate,count / s,274.0,274.5,275.0,review_unscored,,unresolved,insufficient_event_bins;single_bin_candidate,1.8688715842364687,67.43536207600926,868.5273925337711,1.0776433335962827,0.5,0.5,1.0,1.0,67.43536207600926,,,,,27.942832914470408,5.286098080292344,64.0,1.0,1.0,0.0,1.0,0.0,0.0,0.0,,,,,,,,,,0.05239263390510942,0.11398002332609772,0.2727272727272727,32.0,21.979441297016386,0,train,SIMULATION_TRUTH_ONLY
dae9ae01f9_216cec93_0_2,train_20261029,dae9ae01f93173c8431b2356dffc659fe6231354afe5d41e8732ae6631f197bf,216cec93185069d84716a438ab8318d56f818f9d2727dd3c1730cbe3a0983711,fred-features-2,count_rate,count / s,278.0,278.5,279.0,review_unscored,,unresolved,insufficient_event_bins;single_bin_candidate,1.90544089184853,68.75490940097745,868.5499392776188,1.0791605713059649,0.5,0.5,1.0,1.0,68.75490940097745,,,,,20.098687653822566,4.483155992581851,64.0,1.0,1.0,0.0,1.0,0.0,0.0,0.0,,,,,,,,,,0.06293195435128346,0.11164215498560368,0.2413793103448276,28.0,18.80979152234452,0,train,SIMULATION_TRUTH_ONLY
dae9ae01f9_216cec93_0_3,train_20261029,dae9ae01f93173c8431b2356dffc659fe6231354afe5d41e8732ae6631f197bf,216cec93185069d84716a438ab8318d56f818f9d2727dd3c1730cbe3a0983711,fred-features-2,count_rate,count / s,666.0,666.5,667.0,review_unscored,,unresolved,insufficient_event_bins;single_bin_candidate,12.435877615945488,448.72955254806436,883.1700333752573,1.5080896493205629,0.5,0.5,1.0,1.0,448.72955254806436,,,,,23.41381615013879,4.838782507009257,4.0,1.0,1.0,1.0,1.0,1.0,0.0,0.0,,,,,,,,,,0.5860496315373561,0.11392789983009437,1.0,1.0,3.9555900682155807,0,train,SIMULATION_TRUTH_ONLY
5bd314a91e_216cec93_0_0,train_20261030,5bd314a91e9fed866250eb7369bdc4ea36969c822bc84ae15bac05e4f929f0e4,216cec93185069d84716a438ab8318d56f818f9d2727dd3c1730cbe3a0983711,fred-features-2,count_rate,count / s,211.0,217.5,232.0,review_unscored,,complex_or_multi_peaked,correlated_residuals;multi_peak_single_component_fit;parameter_near_bound,13.365992062633499,395.44201659061423,574.7811072799193,1.6879871512513605,6.5,14.5,21.0,18.0,6161.012720671903,273.4414512799658,141.16038508366904,-2.008312723269718,2.8237185801165037,405.53774286441615,24.075076980968817,16.0,2.0,1.0,1.0,1.0,1.0,0.0,1.0,0.8033420671416118,1.4781457074030089,2.236203810537274,,,,,0.3610655238935509,0.0,0.06431889617978877,0.09815376867095735,0.7777777777777778,19.0,17.457369316166716,0,train,SIMULATION_TRUTH_ONLY
5bd314a91e_216cec93_0_1,train_20261030,5bd314a91e9fed866250eb7369bdc4ea36969c822bc84ae15bac05e4f929f0e4,216cec93185069d84716a438ab8318d56f818f9d2727dd3c1730cbe3a0983711,fred-features-2,count_rate,count / s,235.0,235.5,237.0,review_unscored,,unresolved,no_improvement_over_linear_background;parameter_near_bound;right_censored,2.377930676436068,70.35270540309511,577.0187115297338,1.1219244783528477,0.5,1.5,2.0,2.0,110.67365466000035,-30.031756146189878,30.031756146189878,,,14.14884707308245,4.596275058165267,16.0,1.0,1.0,0.0,1.0,0.0,0.0,1.0,0.0768498645954101,1.05930501701461,1.1545585386986914,,,,,0.008643458458713284,1.0,0.06374247204157694,0.09541252866781996,0.7368421052631579,19.0,17.88907075051186,0,train,SIMULATION_TRUTH_ONLY
5bd314a91e_216cec93_0_2,train_20261030,5bd314a91e9fed866250eb7369bdc4ea36969c822bc84ae15bac05e4f929f0e4,216cec93185069d84716a438ab8318d56f818f9d2727dd3c1730cbe3a0983711,fred-features-2,count_rate,count / s,256.0,256.5,257.0,review_unscored,,unresolved,insufficient_event_bins;single_bin_candidate,1.6877609741240356,49.93356273167262,579.5522787755073,1.0861588584159716,0.5,0.5,1.0,1.0,49.93356273167262,,,,,46.01384104199363,6.783350281534459,64.0,1.0,1.0,0.0,1.0,0.0,0.0,0.0,,,,,,,,,,0.06245412006284609,0.09487988019297194,0.7368421052631579,19.0,18.522412994310184,0,train,SIMULATION_TRUTH_ONLY
5bd314a91e_216cec93_0_3,train_20261030,5bd314a91e9fed866250eb7369bdc4ea36969c822bc84ae15bac05e4f929f0e4,216cec93185069d84716a438ab8318d56f818f9d2727dd3c1730cbe3a0983711,fred-features-2,count_rate,count / s,335.0,339.5,346.0,review_unscored,,unresolved,parameter_near_bound,12.006922271614256,355.2330073132181,587.6264378027926,1.6045218262157808,4.5,6.5,11.0,5.0,1929.1110528476906,63.78666929703388,86.87697730472178,0.5351599813842198,-0.6737731490283743,120.55704247819759,15.128018513122996,4.0,1.0,1.0,1.0,1.0,1.0,0.0,1.0,0.6218754123293697,1.1326103318591254,1.314402374765911,,,,,0.01753715309542851,0.0,0.18723345510414727,0.12021939039715049,0.2222222222222222,9.0,7.7093084472471975,1,train,SIMULATION_TRUTH_ONLY
5bd314a91e_216cec93_0_4,train_20261030,5bd314a91e9fed866250eb7369bdc4ea36969c822bc84ae15bac05e4f929f0e4,216cec93185069d84716a438ab8318d56f818f9d2727dd3c1730cbe3a0983711,fred-features-2,count_rate,count / s,623.0,628.5,630.0,review_unscored,,unresolved,ill_conditioned_fit;parameter_near_bound;timescale_unresolved,11.905724938759633,352.23901500871125,579.008742182252,1.6083483535691392,5.5,1.5,7.0,3.0,1089.9399619953006,190.5759742585953,74.96486389847064,0.24232890854671568,-2.579235993621176,75.11607730214199,12.188465246921407,4.0,1.0,1.0,1.0,1.0,1.0,0.0,1.0,0.5961660292726229,1.0705427266237646,1.174429594119298,,,,,-0.0768794681338933,0.0,0.2635441185010639,0.12968933636164026,0.5,3.0,5.8690084238998255,0,train,SIMULATION_TRUTH_ONLY
aeefcd6ef2_216cec93_0_0,train_20261032,aeefcd6ef26e2c014a301d01cd7c85c78a627e37c3b0a058d667c5c8497d9058,216cec93185069d84716a438ab8318d56f818f9d2727dd3c1730cbe3a0983711,fred-features-2,count_rate,count / s,117.0,125.5,132.0,review_unscored,,complex_or_multi_peaked,multi_peak_single_component_fit;parameter_near_bound,9.620624186389335,278.2808387398685,633.4183629892262,1.439331814484516,8.5,6.5,15.0,14.0,3289.608350180805,179.54678361842855,64.61054905028607,-2.316669926728574,6.728658958198743,464.51618844670026,23.862875804736902,16.0,2.0,1.0,1.0,1.0,1.0,0.0,1.0,0.7236861032076659,1.1689781535673547,1.3992015484822815,,,,,0.2435024216827985,0.0,0.0827323362651077,0.12973038592537967,0.6,14.0,15.105227916726642,0,train,SIMULATION_TRUTH_ONLY
aeefcd6ef2_216cec93_0_1,train_20261032,aeefcd6ef26e2c014a301d01cd7c85c78a627e37c3b0a058d667c5c8497d9058,216cec93185069d84716a438ab8318d56f818f9d2727dd3c1730cbe3a0983711,fred-features-2,count_rate,count / s,138.0,138.5,139.0,review_unscored,,unresolved,insufficient_event_bins;single_bin_candidate,1.3407596976099725,38.78207130545286,632.942292896127,1.0612726811602355,0.5,0.5,1.0,1.0,38.78207130545286,,,,,42.24863503305521,6.499895001694659,16.0,1.0,1.0,0.0,1.0,0.0,0.0,0.0,,,,,,,,,,0.08348480166462595,0.11963135290737792,0.6,14.0,14.753463359129041,0,train,SIMULATION_TRUTH_ONLY
aeefcd6ef2_216cec93_0_2,train_20261032,aeefcd6ef26e2c014a301d01cd7c85c78a627e37c3b0a058d667c5c8497d9058,216cec93185069d84716a438ab8318d56f818f9d2727dd3c1730cbe3a0983711,fred-features-2,count_rate,count / s,751.0,756.5,757.0,review_unscored,,fast_rise_slow_decay,,10.249121833382087,296.46041305466326,678.4621596853534,1.4369593923884436,5.5,0.5,6.0,3.0,995.1921502848097,109.69133415241686,25.56119138622398,0.014640013033647222,-3.0463894125477897,76.93942412500337,10.1332403151059,4.0,1.0,1.0,1.0,1.0,1.0,0.0,1.0,0.48947795366761704,1.0929972555423015,1.2245090756385781,349.33925273556144,1.0267697631429922,5.86977085173826,330.54513283351247,0.011379120857932945,0.0,0.263648144199408,0.1239400076662942,0.75,3.0,6.546800829471613,0,train,SIMULATION_TRUTH_ONLY
aeefcd6ef2_216cec93_0_3,train_20261032,aeefcd6ef26e2c014a301d01cd7c85c78a627e37c3b0a058d667c5c8497d9058,216cec93185069d84716a438ab8318d56f818f9d2727dd3c1730cbe3a0983711,fred-features-2,count_rate,count / s,760.0,760.5,761.0,review_unscored,,unresolved,insufficient_event_bins;single_bin_candidate,1.3775975495200143,39.84762257617024,678.7825677093631,1.0587045461562765,0.5,0.5,1.0,1.0,39.84762257617024,,,,,42.9874648205981,6.55648265616543,16.0,1.0,1.0,0.0,1.0,0.0,0.0,0.0,,,,,,,,,,0.26648423003462524,0.12386628869171946,0.75,3.0,6.413772498162644,0,train,SIMULATION_TRUTH_ONLY
650980a771_216cec93_0_0,train_20261033,650980a7714122d1b691d4eaeb492e1b255a15357fc1ee17ca61e98d7252c1ac,216cec93185069d84716a438ab8318d56f818f9d2727dd3c1730cbe3a0983711,fred-features-2,count_rate,count / s,271.0,271.5,272.0,review_unscored,,unresolved,insufficient_event_bins;single_bin_candidate,1.6120540668432188,55.9792293252209,878.5643742448711,1.0637167075814282,0.5,0.5,1.0,1.0,55.9792293252209,,,,,20.66714053736718,4.546112684191537,64.0,1.0,1.0,0.0,1.0,0.0,0.0,0.0,,,,,,,,,,0.07517234175126107,0.2018659241982124,0.09375,11.0,20.08444226320349,0,train,SIMULATION_TRUTH_ONLY
650980a771_216cec93_0_1,train_20261033,650980a7714122d1b691d4eaeb492e1b255a15357fc1ee17ca61e98d7252c1ac,216cec93185069d84716a438ab8318d56f818f9d2727dd3c1730cbe3a0983711,fred-features-2,count_rate,count / s,277.0,277.5,278.0,review_unscored,,unresolved,insufficient_event_bins;single_bin_candidate,1.3994483610429338,48.596410221547444,879.2018589714955,1.0552733251478748,0.5,0.5,1.0,1.0,48.596410221547444,,,,,25.48189819892127,5.047959805596839,64.0,1.0,1.0,0.0,1.0,0.0,0.0,0.0,,,,,,,,,,0.07648888273717647,0.20048559208767694,0.09375,11.0,19.764745075649774,0,train,SIMULATION_TRUTH_ONLY
650980a771_216cec93_0_2,train_20261033,650980a7714122d1b691d4eaeb492e1b255a15357fc1ee17ca61e98d7252c1ac,216cec93185069d84716a438ab8318d56f818f9d2727dd3c1730cbe3a0983711,fred-features-2,count_rate,count / s,282.0,290.5,311.0,review_unscored,,complex_or_multi_peaked,correlated_residuals;multi_peak_single_component_fit;parameter_near_bound,4.923163708733342,170.9588505281764,880.6898707113704,1.1941192424412532,8.5,20.5,29.0,27.0,2548.429563155516,42.25280481211212,43.592373530042266,-0.41353216574538365,0.2454089416941354,76.16997416928497,10.633893508157438,16.0,2.0,1.0,1.0,1.0,1.0,0.0,1.0,0.4190441804162006,1.0699365515719566,1.170900393896303,,,,,0.3352629424082103,0.0,0.07652151752433244,0.19595262951936948,0.0967741935483871,11.0,19.29310768130449,1,train,SIMULATION_TRUTH_ONLY
650980a771_216cec93_0_3,train_20261033,650980a7714122d1b691d4eaeb492e1b255a15357fc1ee17ca61e98d7252c1ac,216cec93185069d84716a438ab8318d56f818f9d2727dd3c1730cbe3a0983711,fred-features-2,count_rate,count / s,313.0,314.5,316.0,review_unscored,,unresolved,no_improvement_over_linear_background,2.121819331134368,73.681034257649,883.7138707948249,1.083376573224294,1.5,1.5,3.0,3.0,192.2810636161388,14.608533663793082,14.153505493015132,,,20.682808901427578,4.640103803247918,64.0,1.0,1.0,0.0,1.0,0.0,0.0,1.0,0.07947981685217387,0.9808400329981489,0.9908509778267746,,,,,0.19770403666749556,0.0,0.07697289253765022,0.19044464208281647,0.1,11.0,18.73825612152398,0,train,SIMULATION_TRUTH_ONLY
650980a771_216cec93_0_4,train_20261033,650980a7714122d1b691d4eaeb492e1b255a15357fc1ee17ca61e98d7252c1ac,216cec93185069d84716a438ab8318d56f818f9d2727dd3c1730cbe3a0983711,fred-features-2,count_rate,count / s,726.0,730.5,731.0,review_unscored,,unresolved,parameter_near_bound,5.672207404253866,196.96969574025104,883.5468412882991,1.2229306772836737,4.5,0.5,5.0,1.0,363.83816139817554,186.6512367717595,40.269385880706295,1.5746902414108603,2.73512468096735,4.1669555562169185,2.4096768091298113,4.0,1.0,1.0,1.0,0.0,1.0,0.0,1.0,0.07353243387441677,1.0617055655633252,1.1553991756468434,,,,,0.1752086152932294,0.0,0.3436739433972709,0.19960329504015226,0.07142857142857142,1.0,7.7804291594702635,0,train,SIMULATION_TRUTH_ONLY
692ad8ca37_216cec93_0_0,train_20261034,692ad8ca37ab8f619b2e04055844592cf71dea63f8fe489d042c01b6ed34fd1f,216cec93185069d84716a438ab8318d56f818f9d2727dd3c1730cbe3a0983711,fred-features-2,count_rate,count / s,207.0,220.5,234.0,review_unscored,,unresolved,correlated_residuals;parameter_near_bound,8.395616771896018,287.4044173160813,899.3173494348044,1.319580643581164,13.5,13.5,27.0,17.0,4644.8907620382915,40.3096171878891,63.73334138401583,0.17119725249404513,-1.029929166541717,76.85039440507988,11.37326003785095,16.0,1.0,1.0,1.0,1.0,1.0,0.0,1.0,0.6356193046909006,1.2559573873319896,1.61344331858361,,,,,0.5630188344463563,0.0,0.06616219921359039,0.09956638491182106,0.23333333333333334,25.0,18.58338425776459,1,train,SIMULATION_TRUTH_ONLY
692ad8ca37_216cec93_0_1,train_20261034,692ad8ca37ab8f619b2e04055844592cf71dea63f8fe489d042c01b6ed34fd1f,216cec93185069d84716a438ab8318d56f818f9d2727dd3c1730cbe3a0983711,fred-features-2,count_rate,count / s,258.0,258.5,259.0,review_unscored,,unresolved,insufficient_event_bins;single_bin_candidate,1.730134050412505,59.22711602345112,890.7511196493308,1.0664912058115263,0.5,0.5,1.0,1.0,59.22711602345112,,,,,95.95799357522017,9.795815105197738,64.0,1.0,1.0,0.0,1.0,0.0,0.0,0.0,,,,,,,,,,0.07297994669847994,0.11196799987939204,0.28,21.0,17.18914859543994,0,train,SIMULATION_TRUTH_ONLY
692ad8ca37_216cec93_0_2,train_20261034,692ad8ca37ab8f619b2e04055844592cf71dea63f8fe489d042c01b6ed34fd1f,216cec93185069d84716a438ab8318d56f818f9d2727dd3c1730cbe3a0983711,fred-features-2,count_rate,count / s,264.0,264.5,266.0,review_unscored,,unresolved,correlated_residuals;no_improvement_over_linear_background;timescale_unresolved,1.9298556928136525,66.06412202542344,889.4152620913131,1.074278151996273,0.5,1.5,2.0,2.0,129.7581496457384,-2.370094405108489,2.370094405108489,,,56.67919769171586,7.705754825122567,64.0,1.0,1.0,0.0,1.0,0.0,0.0,1.0,0.057429898103824484,0.9547944718196603,0.938603858666419,,,,,0.3743003877752075,0.0,0.09877843075687161,0.11183657086254711,0.2631578947368421,15.0,13.710229065432893,0,train,SIMULATION_TRUTH_ONLY
692ad8ca37_216cec93_0_3,train_20261034,692ad8ca37ab8f619b2e04055844592cf71dea63f8fe489d042c01b6ed34fd1f,216cec93185069d84716a438ab8318d56f818f9d2727dd3c1730cbe3a0983711,fred-features-2,count_rate,count / s,755.0,757.5,758.0,review_unscored,,unresolved,parameter_near_bound;timescale_unresolved,10.144755660772029,347.2821197911526,833.2326343207824,1.4167889080271596,2.5,0.5,3.0,1.0,435.43050926130877,313.7082450830129,21.00064005387685,,,10.186779901707526,4.215578062412115,4.0,1.0,1.0,1.0,1.0,1.0,0.0,1.0,0.35146012792360415,0.9825965369084271,0.9898771653127276,,,,,0.23961453356726295,0.0,0.5838939712905863,0.12154635809810885,0.5,1.0,4.934099695568254,0,train,SIMULATION_TRUTH_ONLY
aa94fc2a4f_216cec93_0_0,train_20261035,aa94fc2a4f08f33fa41ed59e5dba79a11f18eaaa4277f021d3e3fe1174b5c928,216cec93185069d84716a438ab8318d56f818f9d2727dd3c1730cbe3a0983711,fred-features-2,count_rate,count / s,198.0,215.5,243.0,review_unscored,,complex_or_multi_peaked,correlated_residuals;multi_peak_single_component_fit;parameter_near_bound,9.43058936035456,387.6730806622538,1144.4519203590255,1.3387412557625287,17.5,27.5,45.0,35.0,9509.084858709208,86.4869844782495,89.16386591766093,0.029058959471243526,-0.7004497084146815,83.1879584177423,12.99705923304563,16.0,3.0,1.0,1.0,1.0,1.0,0.0,1.0,0.6766609710791635,1.3508297135816107,1.862756350826121,,,,,0.5596700246159094,0.0,0.04451160075475719,0.11329507870595733,0.09090909090909091,42.0,26.079754344742685,1,train,SIMULATION_TRUTH_ONLY
aa94fc2a4f_216cec93_0_1,train_20261035,aa94fc2a4f08f33fa41ed59e5dba79a11f18eaaa4277f021d3e3fe1174b5c928,216cec93185069d84716a438ab8318d56f818f9d2727dd3c1730cbe3a0983711,fred-features-2,count_rate,count / s,428.0,430.5,437.0,review_unscored,,unresolved,correlated_residuals;parameter_near_bound,5.5336151771722015,227.4760951793894,1112.3278494453784,1.2045045399994363,2.5,6.5,9.0,7.0,1521.4170699164486,102.36392220729817,70.40548310332213,-0.5368775663039157,-1.4479522002153253,35.205154480534524,8.016805699019288,4.0,1.0,1.0,1.0,1.0,1.0,0.0,1.0,0.40542472863512435,1.0452008596335112,1.1192204457281065,,,,,0.30053631192764757,0.0,0.1393692557149134,0.18590076516790843,0.2777777777777778,9.0,11.933546231325247,0,train,SIMULATION_TRUTH_ONLY
aa94fc2a4f_216cec93_0_2,train_20261035,aa94fc2a4f08f33fa41ed59e5dba79a11f18eaaa4277f021d3e3fe1174b5c928,216cec93185069d84716a438ab8318d56f818f9d2727dd3c1730cbe3a0983711,fred-features-2,count_rate,count / s,592.0,594.5,596.0,review_unscored,,unresolved,parameter_near_bound;timescale_unresolved,7.37265331278154,303.0753554424018,1092.0140852409534,1.277537954444542,2.5,1.5,4.0,1.0,522.6577944686096,117.56923263765566,242.5942838905837,1.9253697491566004,3.732266564211173,14.17812248618516,4.384506451658961,4.0,1.0,1.0,1.0,1.0,1.0,0.0,1.0,0.24413656636186487,0.9777295833058623,0.9799741113898336,,,,,0.09841319195570936,0.0,0.4615762043701613,0.14649167918865152,0.14285714285714285,2.0,5.772289304926813,0,train,SIMULATION_TRUTH_ONLY
750b63189e_216cec93_0_0,train_20261036,750b63189e7723d67ba016970574001870db6876e0c905e0f546705e47cb57b0,216cec93185069d84716a438ab8318d56f818f9d2727dd3c1730cbe3a0983711,fred-features-2,count_rate,count / s,240.0,245.5,286.0,review_unscored,,complex_or_multi_peaked,multi_peak_single_component_fit,9.679203468149868,502.62979786316237,1975.5155167704602,1.254429688654055,5.5,40.5,46.0,26.0,11725.587028352782,205.1169673495849,103.03739581176933,0.00872680832280285,-0.9330724535841242,104.67743177664755,14.722128985213697,16.0,4.0,1.0,1.0,1.0,1.0,0.0,1.0,0.8117844881451088,1.0511471362534988,1.128025580339579,7.141413422410631,17.1301519118724,65.86737296475876,456.75859138843225,0.032283982503392414,0.0,0.04672843338523756,0.13767266261247896,0.16666666666666666,24.0,24.885018411468497,1,train,SIMULATION_TRUTH_ONLY
750b63189e_216cec93_0_1,train_20261036,750b63189e7723d67ba016970574001870db6876e0c905e0f546705e47cb57b0,216cec93185069d84716a438ab8318d56f818f9d2727dd3c1730cbe3a0983711,fred-features-2,count_rate,count / s,290.0,290.5,291.0,review_unscored,,unresolved,insufficient_event_bins;single_bin_candidate,2.528480859509265,131.30107528971507,1972.8171019330377,1.066555118140988,0.5,0.5,1.0,1.0,131.30107528971507,,,,,31.12230701646127,5.578737044928832,64.0,1.0,1.0,0.0,1.0,0.0,0.0,0.0,,,,,,,,,,0.05364031226179474,0.12603637646147542,0.15789473684210525,20.0,21.964557904397562,0,train,SIMULATION_TRUTH_ONLY
750b63189e_216cec93_0_2,train_20261036,750b63189e7723d67ba016970574001870db6876e0c905e0f546705e47cb57b0,216cec93185069d84716a438ab8318d56f818f9d2727dd3c1730cbe3a0983711,fred-features-2,count_rate,count / s,296.0,296.5,297.0,review_unscored,,unresolved,insufficient_event_bins;single_bin_candidate,1.418707486770816,73.67183256856083,1972.5138950287092,1.0373492084158367,0.5,0.5,1.0,1.0,73.67183256856083,,,,,20.669063617660058,4.546324187479382,64.0,1.0,1.0,0.0,1.0,0.0,0.0,0.0,,,,,,,,,,0.059377953470250704,0.15115635459061572,0.21212121212121213,14.0,20.617717710974603,0,train,SIMULATION_TRUTH_ONLY
750b63189e_216cec93_0_3,train_20261036,750b63189e7723d67ba016970574001870db6876e0c905e0f546705e47cb57b0,216cec93185069d84716a438ab8318d56f818f9d2727dd3c1730cbe3a0983711,fred-features-2,count_rate,count / s,607.0,608.5,610.0,review_unscored,,unresolved,timescale_unresolved,7.42136462342669,385.38284816682244,1936.3308332518563,1.1990273777335942,1.5,1.5,3.0,3.0,1050.6825723620639,59.53789420130579,45.92807793709767,,,56.06464383183974,8.704501394578543,4.0,1.0,1.0,1.0,1.0,1.0,0.0,1.0,0.43944600693847224,0.9368736322475616,0.9010761443645892,,,,,-0.13043567098872472,0.0,0.3079657537513489,0.16343223894831757,0.75,3.0,6.474041499690298,0,train,SIMULATION_TRUTH_ONLY
750b63189e_216cec93_0_4,train_20261036,750b63189e7723d67ba016970574001870db6876e0c905e0f546705e47cb57b0,216cec93185069d84716a438ab8318d56f818f9d2727dd3c1730cbe3a0983711,fred-features-2,count_rate,count / s,686.0,694.5,696.0,review_unscored,,complex_or_multi_peaked,multi_peak_single_component_fit;parameter_near_bound,7.453379437166795,387.04534027288946,1938.4202898309159,1.1996704957657303,8.5,1.5,10.0,9.0,2854.99667168495,147.0900033802659,184.82866037348185,-0.4406404841109476,-0.3792429814235212,80.29769847047106,12.116678218367207,4.0,2.0,1.0,1.0,1.0,1.0,0.0,1.0,0.5205478447507542,1.078824977665365,1.1928151566245915,,,,,0.1670530987896468,0.0,0.12463438376346246,0.15290717822040753,0.23529411764705882,10.0,11.498644279237276,0,train,SIMULATION_TRUTH_ONLY
750b63189e_216cec93_0_5,train_20261036,750b63189e7723d67ba016970574001870db6876e0c905e0f546705e47cb57b0,216cec93185069d84716a438ab8318d56f818f9d2727dd3c1730cbe3a0983711,fred-features-2,count_rate,count / s,791.0,791.5,792.0,review_unscored,,unresolved,insufficient_event_bins;single_bin_candidate,12.45201195782432,646.6185233057456,1941.64794178022,1.3330256270417833,0.5,0.5,1.0,1.0,646.6185233057456,,,,,28.54400537997906,5.34265901775315,4.0,1.0,1.0,1.0,1.0,1.0,0.0,0.0,,,,,,,,,,0.7148986682567774,0.09539761966464298,1.0,1.0,3.542739743916537,0,train,SIMULATION_TRUTH_ONLY
911783bf89_216cec93_0_0,train_20261038,911783bf89ee4261b69b73a925f10151e5224426fcea002aeea7e8da7a987b85,216cec93185069d84716a438ab8318d56f818f9d2727dd3c1730cbe3a0983711,fred-features-2,count_rate,count / s,197.0,205.5,214.0,review_unscored,,unresolved,correlated_residuals;parameter_near_bound,9.012842640709774,264.32617050163935,612.2980143607956,1.4316952926551312,8.5,8.5,17.0,16.0,3124.5873915928055,41.24781084369738,94.33748294254599,-0.45828450908478086,0.7015988836146518,89.1971283878055,10.793092360862602,16.0,1.0,1.0,1.0,1.0,1.0,0.0,1.0,0.7271197716105501,1.0215854903266308,1.0683676466062326,,,,,0.4224612280545839,0.0,0.08156818968197815,0.12488134458226884,0.21739130434782608,17.0,15.816570354415743,0,train,SIMULATION_TRUTH_ONLY
911783bf89_216cec93_0_1,train_20261038,911783bf89ee4261b69b73a925f10151e5224426fcea002aeea7e8da7a987b85,216cec93185069d84716a438ab8318d56f818f9d2727dd3c1730cbe3a0983711,fred-features-2,count_rate,count / s,218.0,218.5,219.0,review_unscored,,unresolved,insufficient_event_bins;single_bin_candidate,1.3396880208442625,39.29000187101872,612.6760267255814,1.0641285119004937,0.5,0.5,1.0,1.0,39.29000187101872,,,,,19.545398932228263,4.421017861559514,16.0,1.0,1.0,0.0,1.0,0.0,0.0,0.0,,,,,,,,,,0.08365436719859555,0.11781350289017657,0.23809523809523808,17.0,15.116911617896019,0,train,SIMULATION_TRUTH_ONLY
911783bf89_216cec93_0_2,train_20261038,911783bf89ee4261b69b73a925f10151e5224426fcea002aeea7e8da7a987b85,216cec93185069d84716a438ab8318d56f818f9d2727dd3c1730cbe3a0983711,fred-features-2,count_rate,count / s,762.0,763.5,765.0,review_unscored,,unresolved,correlated_residuals;timescale_unresolved,4.021613283168395,117.94476845484041,623.731402015655,1.1890954472930002,1.5,1.5,3.0,2.0,275.8345384364409,67.68669093387928,10.313075994201085,,,6.838038609105624,2.809836284906066,4.0,1.0,1.0,1.0,0.0,1.0,0.0,1.0,0.11529841796563123,1.012323760621193,1.0506781689525333,,,,,0.3837995278885968,0.0,0.24565478554840386,0.21403134671903948,0.08,2.0,11.684912993687774,0,train,SIMULATION_TRUTH_ONLY
e748d0a40b_216cec93_0_0,train_20261039,e748d0a40b5e421623d3182416875c0838279f8873f566290ca61d25fb023466,216cec93185069d84716a438ab8318d56f818f9d2727dd3c1730cbe3a0983711,fred-features-2,count_rate,count / s,28.0,28.5,29.0,review_unscored,,unresolved,insufficient_event_bins;single_bin_candidate,3.7804573214702364,111.75811918130137,619.1652243053262,1.180498055759977,0.5,0.5,1.0,1.0,111.75811918130137,,,,,1.3274336276479957,1.152143058672835,4.0,1.0,1.0,1.0,0.0,0.0,0.0,0.0,,,,,,,,,,0.22215254314892946,0.2403064542193872,0.058823529411764705,2.0,9.587757484683916,0,train,SIMULATION_TRUTH_ONLY
e748d0a40b_216cec93_0_1,train_20261039,e748d0a40b5e421623d3182416875c0838279f8873f566290ca61d25fb023466,216cec93185069d84716a438ab8318d56f818f9d2727dd3c1730cbe3a0983711,fred-features-2,count_rate,count / s,214.0,236.5,245.0,review_unscored,,unresolved,correlated_residuals;parameter_near_bound,3.0825709722485226,91.12715864952338,649.4534776716753,1.1403136048731604,22.5,8.5,31.0,28.0,1460.8252373768141,53.007045277942325,34.87525184351534,-0.1058184029134877,0.21034124060064086,5.788651304130523,3.193396752859976,16.0,1.0,1.0,0.0,0.0,1.0,0.0,1.0,0.3623804736850337,0.9156438086382964,0.8569523361626377,,,,,0.3973958374531288,0.0,0.07731502965865314,0.25555196058790236,0.07317073170731707,4.0,24.295382835246556,1,train,SIMULATION_TRUTH_ONLY
e748d0a40b_216cec93_0_2,train_20261039,e748d0a40b5e421623d3182416875c0838279f8873f566290ca61d25fb023466,216cec93185069d84716a438ab8318d56f818f9d2727dd3c1730cbe3a0983711,fred-features-2,count_rate,count / s,396.0,397.5,398.0,review_unscored,,unresolved,correlated_residuals;no_improvement_over_linear_background;parameter_near_bound;timescale_unresolved,3.5844865620089625,105.96481915711126,604.7402335148687,1.1752236965303648,1.5,0.5,2.0,2.0,165.8921272161116,46.03751109811094,-46.03751109811094,,,2.2647038620620465,1.6080037100817675,4.0,1.0,1.0,1.0,0.0,0.0,0.0,1.0,0.06727011299494245,1.1169780932899727,1.2845524887266764,,,,,0.6013946916009187,0.0,0.2715475792966547,0.23958931608533823,0.05263157894736842,2.0,9.648277446822675,0,train,SIMULATION_TRUTH_ONLY
e748d0a40b_216cec93_0_3,train_20261039,e748d0a40b5e421623d3182416875c0838279f8873f566290ca61d25fb023466,216cec93185069d84716a438ab8318d56f818f9d2727dd3c1730cbe3a0983711,fred-features-2,count_rate,count / s,463.0,481.5,490.0,review_unscored,,unresolved,correlated_residuals;parameter_near_bound,10.674606022397175,315.56338046439,585.0431040550092,1.5393848389583256,18.5,8.5,27.0,17.0,5388.72340002386,75.39214569413451,55.229469017294264,-0.45518511193346806,-1.528843012061671,130.412055940389,14.996993480895371,16.0,1.0,1.0,1.0,1.0,1.0,0.0,1.0,0.80569763529175,1.2139804301265362,1.507395710408982,,,,,0.654896102815428,0.0,0.06194132321040986,0.0806843957921505,0.6666666666666666,21.0,18.620222706428912,0,train,SIMULATION_TRUTH_ONLY
e748d0a40b_216cec93_0_4,train_20261039,e748d0a40b5e421623d3182416875c0838279f8873f566290ca61d25fb023466,216cec93185069d84716a438ab8318d56f818f9d2727dd3c1730cbe3a0983711,fred-features-2,count_rate,count / s,492.0,492.5,493.0,review_unscored,,unresolved,insufficient_event_bins;single_bin_candidate,1.324667222415722,39.159896470071885,583.5878694436063,1.0671019713062353,0.5,0.5,1.0,1.0,39.159896470071885,,,,,26.202577389742267,5.118845318012869,16.0,1.0,1.0,0.0,1.0,0.0,0.0,0.0,,,,,,,,,,0.06194132321040986,0.07951712091995522,0.6666666666666666,21.0,18.414394488183284,0,train,SIMULATION_TRUTH_ONLY
e748d0a40b_216cec93_0_5,train_20261039,e748d0a40b5e421623d3182416875c0838279f8873f566290ca61d25fb023466,216cec93185069d84716a438ab8318d56f818f9d2727dd3c1730cbe3a0983711,fred-features-2,count_rate,count / s,616.0,618.5,619.0,review_unscored,,unresolved,correlated_residuals;no_improvement_over_linear_background;parameter_near_bound;right_censored,7.668874818160751,226.7077639117947,588.3750080380889,1.385311681860421,2.5,0.5,3.0,3.0,603.132613338264,28.504991232692305,-19.980695931735454,,,24.587878469145306,5.665187721303117,4.0,1.0,1.0,1.0,1.0,1.0,0.0,1.0,0.22537656965106367,1.200502644644185,1.4776007058531788,,,,,0.48982478868351,1.0,0.2868979245222688,0.12305767457079579,0.25,3.0,6.380802330750919,0,train,SIMULATION_TRUTH_ONLY
06c5ba9dd6_216cec93_0_0,train_20261040,06c5ba9dd6f846354e01d79747de9a2c88e87325765fb6ef9d559fe4ad455a52,216cec93185069d84716a438ab8318d56f818f9d2727dd3c1730cbe3a0983711,fred-features-2,count_rate,count / s,141.0,144.5,145.0,review_unscored,,fast_rise_slow_decay,,5.922635398928721,177.03851679478214,629.1835074256597,1.2813781904728325,3.5,0.5,4.0,3.0,529.4614908484848,130.9863149201866,-1.770239109147667,-1.53570490852698,2.0781710614850706,27.898642484623352,5.98571318024007,4.0,1.0,1.0,1.0,1.0,1.0,0.0,1.0,0.29036817505960744,0.9693034631498109,0.9631559675856288,255.4469551350657,1.1267720560419203,6.43674713575571,189.98315225390468,-0.04527674139207523,0.0,0.25803746159082847,0.17825131653776546,0.16666666666666666,3.0,8.12146652527985,0,train,SIMULATION_TRUTH_ONLY
06c5ba9dd6_216cec93_0_1,train_20261040,06c5ba9dd6f846354e01d79747de9a2c88e87325765fb6ef9d559fe4ad455a52,216cec93185069d84716a438ab8318d56f818f9d2727dd3c1730cbe3a0983711,fred-features-2,count_rate,count / s,253.0,255.5,259.0,review_unscored,,fast_rise_slow_decay,,4.227403798519262,126.36491155910937,627.315133146003,1.2014376903764235,2.5,3.5,6.0,4.0,535.1925795141572,40.912941512328416,50.913641029885866,-0.15784666331072528,-2.4204441541973996,22.745727104507594,5.853359521399462,4.0,1.0,1.0,1.0,1.0,1.0,0.0,1.0,0.22194604028886733,1.0065129665772776,1.0382690571590425,327.56795850320697,1.5131371212020204,8.642985007211163,142.83842225272878,-0.01670758060669216,0.0,0.1633066903887914,0.28339688808968805,0.13043478260869565,4.0,12.057166410601488,1,train,SIMULATION_TRUTH_ONLY
06c5ba9dd6_216cec93_0_2,train_20261040,06c5ba9dd6f846354e01d79747de9a2c88e87325765fb6ef9d559fe4ad455a52,216cec93185069d84716a438ab8318d56f818f9d2727dd3c1730cbe3a0983711,fred-features-2,count_rate,count / s,403.0,409.5,410.0,review_unscored,,unresolved,parameter_near_bound;timescale_unresolved,14.110760592473945,421.7967100574367,625.256733482395,1.674597629214197,6.5,0.5,7.0,3.0,1253.7781213893672,181.77333674814747,27.478242611550854,0.38204482669445144,-2.46753465052903,101.58172811529049,14.312375832928582,4.0,1.0,1.0,1.0,1.0,1.0,0.0,1.0,0.5982121496527726,1.210469653585834,1.5059378039814366,,,,,-0.12365734095521246,0.0,0.29853322016310224,0.10225166511941626,1.0,3.0,5.523408922570523,0,train,SIMULATION_TRUTH_ONLY
06c5ba9dd6_216cec93_0_3,train_20261040,06c5ba9dd6f846354e01d79747de9a2c88e87325765fb6ef9d559fe4ad455a52,216cec93185069d84716a438ab8318d56f818f9d2727dd3c1730cbe3a0983711,fred-features-2,count_rate,count / s,462.0,464.5,484.0,review_unscored,,complex_or_multi_peaked,multi_peak_single_component_fit;parameter_near_bound,6.621016780983875,197.9144268767194,624.5772091855875,1.3168774395959602,2.5,19.5,22.0,21.0,3254.0668417842207,22.893395090586864,99.44357250428914,-1.231817748931762,3.2644874780738053,127.41840223257846,13.639742670302503,16.0,3.0,1.0,1.0,1.0,1.0,0.0,1.0,0.6320868198911764,1.1042472423550609,1.2483944001594414,,,,,0.0865191383848772,0.0,0.05949439206990672,0.21269380678976946,0.3103448275862069,21.0,21.305759539029314,0,train,SIMULATION_TRUTH_ONLY
b2e0d98c00_216cec93_0_0,train_20261041,b2e0d98c007b24626873e849f9bc71a44e43553b14a4bfc820361646c062c6e1,216cec93185069d84716a438ab8318d56f818f9d2727dd3c1730cbe3a0983711,fred-features-2,count_rate,count / s,300.0,304.5,343.0,review_unscored,,complex_or_multi_peaked,multi_peak_single_component_fit,11.64386486985134,411.6407740241268,879.2131921887064,1.4681922174067834,4.5,38.5,43.0,20.0,7561.739334345904,63.10275395380336,55.950350652282964,0.41466890115685207,-1.0675681031045074,76.5710463763098,13.874413381190848,16.0,5.0,1.0,1.0,1.0,1.0,0.0,1.0,0.8588209240824866,0.9752115657479745,0.9710173794385447,3.181747554245734,14.637718900076274,52.11974770780048,395.3239490512375,0.15333890090167163,0.0,0.06087576913796383,0.08599839427578633,0.2857142857142857,26.0,19.591691401172493,1,train,SIMULATION_TRUTH_ONLY
b2e0d98c00_216cec93_0_1,train_20261041,b2e0d98c007b24626873e849f9bc71a44e43553b14a4bfc820361646c062c6e1,216cec93185069d84716a438ab8318d56f818f9d2727dd3c1730cbe3a0983711,fred-features-2,count_rate,count / s,612.0,615.5,621.0,review_unscored,,unresolved,parameter_near_bound,11.318204890615364,400.12785048715955,870.8285958568138,1.4594794571410132,3.5,5.5,9.0,5.0,1970.3442202728497,120.28124888604765,84.99416109342894,0.12715901778484862,-1.3005832017480414,71.65767996766856,11.718936606518866,4.0,1.0,1.0,1.0,1.0,1.0,0.0,1.0,0.6437853760494578,1.0474078068943784,1.124489691791874,,,,,0.18177625108042278,0.0,0.1972052892191205,0.09358708319010206,0.25,8.0,7.784155267173324,0,train,SIMULATION_TRUTH_ONLY
b2e0d98c00_216cec93_0_2,train_20261041,b2e0d98c007b24626873e849f9bc71a44e43553b14a4bfc820361646c062c6e1,216cec93185069d84716a438ab8318d56f818f9d2727dd3c1730cbe3a0983711,fred-features-2,count_rate,count / s,623.0,623.5,624.0,review_unscored,,unresolved,insufficient_event_bins;single_bin_candidate,1.3153081402411588,46.49954864479787,870.2372780141214,1.0534331840517217,0.5,0.5,1.0,1.0,46.49954864479787,,,,,19.314365725130553,4.394811227473889,16.0,1.0,1.0,0.0,1.0,0.0,0.0,0.0,,,,,,,,,,0.1977762102437761,0.09298372109630258,0.25,8.0,7.955931821003562,0,train,SIMULATION_TRUTH_ONLY
b2e0d98c00_216cec93_0_3,train_20261041,b2e0d98c007b24626873e849f9bc71a44e43553b14a4bfc820361646c062c6e1,216cec93185069d84716a438ab8318d56f818f9d2727dd3c1730cbe3a0983711,fred-features-2,count_rate,count / s,678.0,680.5,681.0,review_unscored,,unresolved,ill_conditioned_fit;timescale_unresolved,9.444841499055558,333.89960366794105,866.0479251977976,1.3855440258594018,2.5,0.5,3.0,3.0,908.128138244657,36.42570145180616,-28.57248565368002,,,47.16509130992264,7.232840842066737,4.0,1.0,1.0,1.0,1.0,1.0,0.0,1.0,0.43409799167602603,1.1225924420376299,1.293730115146606,,,,,0.1611831003585862,0.0,0.2847597547802514,0.13621106392008997,0.6,3.0,6.38068090989733,0,train,SIMULATION_TRUTH_ONLY
16c5a34723_216cec93_0_0,train_20261042,16c5a34723a2f4160e142379c8b91a387db26f20217811d689f63fe9e96b1478,216cec93185069d84716a438ab8318d56f818f9d2727dd3c1730cbe3a0983711,fred-features-2,count_rate,count / s,224.0,255.5,302.0,review_unscored,,complex_or_multi_peaked,correlated_residuals;multi_peak_single_component_fit;parameter_near_bound,6.06049453624874,204.58008227498635,792.0706792872425,1.258285134931495,31.5,46.5,78.0,36.0,6047.333940194771,46.79363623365282,67.40927782793767,0.11605662416695181,-1.066025523114436,78.23161993549081,13.31615013693689,64.0,6.0,1.0,1.0,1.0,1.0,0.0,1.0,0.632485865206242,1.1203727721193306,1.2782248032409018,,,,,0.30552004896673324,0.0,0.041678010796202224,0.1734485177707859,0.17647058823529413,18.0,30.915135249430744,1,train,SIMULATION_TRUTH_ONLY
84f4466cee_216cec93_0_0,train_20261044,84f4466ceec2cbc61f32a2e8c950889ff54b0212426568f2d9071030375c096e,216cec93185069d84716a438ab8318d56f818f9d2727dd3c1730cbe3a0983711,fred-features-2,count_rate,count / s,303.0,303.5,306.0,review_unscored,,unresolved,no_improvement_over_linear_background;parameter_near_bound;timescale_unresolved,3.606803589651437,148.80419992041993,1497.057861025202,1.0993977612986294,0.5,2.5,3.0,1.0,207.8221008287412,63.11180500934006,150.85115197092932,,,3.6064231720904956,2.0260634096404395,4.0,1.0,1.0,1.0,0.0,0.0,0.0,1.0,0.05868533285333,1.0114871782362753,1.0489423297095235,,,,,-0.005855281223022213,0.0,0.32574762490980363,0.3277266064728282,0.047619047619047616,1.0,10.5135799288472,0,train,SIMULATION_TRUTH_ONLY
84f4466cee_216cec93_0_1,train_20261044,84f4466ceec2cbc61f32a2e8c950889ff54b0212426568f2d9071030375c096e,216cec93185069d84716a438ab8318d56f818f9d2727dd3c1730cbe3a0983711,fred-features-2,count_rate,count / s,675.0,680.5,687.0,review_unscored,,unresolved,parameter_near_bound,9.295092828106819,383.4832746204893,1478.6859729997386,1.2593405777986353,5.5,6.5,12.0,9.0,3103.2940299274755,96.6702482969988,56.09068233795142,-0.6023983809779653,-0.23606958483401286,209.6896200142245,15.495074156825606,16.0,1.0,1.0,1.0,1.0,1.0,0.0,1.0,0.672410437239197,1.0342857761123747,1.0957118012962506,,,,,0.05514196220031404,0.0,0.12291891669961555,0.12242506714063954,0.25,12.0,10.960445859717222,0,train,SIMULATION_TRUTH_ONLY
84f4466cee_216cec93_0_2,train_20261044,84f4466ceec2cbc61f32a2e8c950889ff54b0212426568f2d9071030375c096e,216cec93185069d84716a438ab8318d56f818f9d2727dd3c1730cbe3a0983711,fred-features-2,count_rate,count / s,693.0,693.5,694.0,review_unscored,,unresolved,insufficient_event_bins;single_bin_candidate,1.5428502747172284,63.65264839621727,1478.4735632803042,1.0430529499999923,0.5,0.5,1.0,1.0,63.65264839621727,,,,,45.34744179141694,6.73405091987111,16.0,1.0,1.0,0.0,1.0,0.0,0.0,0.0,,,,,,,,,,0.12108662238074869,0.12564854723783292,0.23076923076923078,12.0,11.044161728312302,0,train,SIMULATION_TRUTH_ONLY
ebab8e320b_216cec93_0_0,train_20261045,ebab8e320b189c04e5e03926b7ecc371effc6756a2606bfe63b0fdf4ff48e574,216cec93185069d84716a438ab8318d56f818f9d2727dd3c1730cbe3a0983711,fred-features-2,count_rate,count / s,197.0,212.5,245.0,review_unscored,,complex_or_multi_peaked,multi_peak_single_component_fit;parameter_near_bound,7.782770958293111,312.0583366554695,1191.1362046059505,1.2619837558868459,15.5,32.5,48.0,22.0,6155.2767491546265,84.06242222411117,58.21106717394218,0.3825100090722538,-0.5505629062581807,81.7520884714845,14.81114670488143,16.0,4.0,1.0,1.0,1.0,1.0,0.0,1.0,0.6555591361614908,1.1293009616682548,1.30156182791013,,,,,0.1937572436533349,0.0,0.06052637920629154,0.15392137002535802,0.10526315789473684,24.0,21.84837773385498,1,train,SIMULATION_TRUTH_ONLY
ebab8e320b_216cec93_0_1,train_20261045,ebab8e320b189c04e5e03926b7ecc371effc6756a2606bfe63b0fdf4ff48e574,216cec93185069d84716a438ab8318d56f818f9d2727dd3c1730cbe3a0983711,fred-features-2,count_rate,count / s,578.0,579.5,580.0,review_unscored,,unresolved,no_improvement_over_linear_background;parameter_near_bound,3.648573675034983,146.29337523843265,1113.5013596793465,1.1313814069167913,1.5,0.5,2.0,1.0,203.3917285964169,89.1950218804484,-89.1950218804484,,,1.5361033997216784,1.296224905362999,16.0,1.0,1.0,1.0,0.0,0.0,0.0,1.0,0.022712851575303783,1.1114212964005934,1.2666090061661959,,,,,0.030195875406185787,0.0,0.20794959455790385,0.32673167592294566,0.08,1.0,11.905301384243236,0,train,SIMULATION_TRUTH_ONLY
0656871054_216cec93_0_0,train_20261046,0656871054290c83b20d3b4f5c03485a8e5243a51920661fdb9fc937967390df,216cec93185069d84716a438ab8318d56f818f9d2727dd3c1730cbe3a0983711,fred-features-2,count_rate,count / s,150.0,150.5,151.0,review_unscored,,unresolved,insufficient_event_bins;single_bin_candidate,11.56609242822036,565.7985648622732,1943.6181288264336,1.2911058280794618,0.5,0.5,1.0,1.0,565.7985648622732,,,,,29.338670921965978,5.416518339483951,4.0,1.0,1.0,1.0,1.0,1.0,0.0,0.0,,,,,,,,,,0.7775915873607967,0.114870048161403,1.0,1.0,3.2072380636019875,0,train,SIMULATION_TRUTH_ONLY
0656871054_216cec93_0_1,train_20261046,0656871054290c83b20d3b4f5c03485a8e5243a51920661fdb9fc937967390df,216cec93185069d84716a438ab8318d56f818f9d2727dd3c1730cbe3a0983711,fred-features-2,count_rate,count / s,238.0,264.5,273.0,review_unscored,,complex_or_multi_peaked,multi_peak_single_component_fit;parameter_near_bound,6.644888907960693,325.059533383989,1951.1633349910992,1.1665978073462886,26.5,8.5,35.0,33.0,7115.8323745335765,72.16249302564734,94.71220507623093,0.21961091095680121,-1.043709593585191,159.58774202018364,17.432965996276074,16.0,3.0,1.0,1.0,1.0,1.0,0.0,1.0,0.6149851032930356,1.184256706006209,1.4333552220581365,,,,,0.25367414867823773,0.0,0.05004477246292201,0.15972470458366841,0.24324324324324326,34.0,24.719158407424825,1,train,SIMULATION_TRUTH_ONLY
0656871054_216cec93_0_2,train_20261046,0656871054290c83b20d3b4f5c03485a8e5243a51920661fdb9fc937967390df,216cec93185069d84716a438ab8318d56f818f9d2727dd3c1730cbe3a0983711,fred-features-2,count_rate,count / s,278.0,278.5,279.0,review_unscored,,unresolved,insufficient_event_bins;single_bin_candidate,1.8680838580096972,91.38429183959897,1951.099794432381,1.0468373232883175,0.5,0.5,1.0,1.0,91.38429183959897,,,,,53.12075897893646,7.288398931105271,64.0,1.0,1.0,0.0,1.0,0.0,0.0,0.0,,,,,,,,,,0.049962680100521524,0.16015990017434764,0.23684210526315788,34.0,24.90993985655325,0,train,SIMULATION_TRUTH_ONLY
0656871054_216cec93_0_3,train_20261046,0656871054290c83b20d3b4f5c03485a8e5243a51920661fdb9fc937967390df,216cec93185069d84716a438ab8318d56f818f9d2727dd3c1730cbe3a0983711,fred-features-2,count_rate,count / s,293.0,293.5,294.0,review_unscored,,unresolved,insufficient_event_bins;single_bin_candidate,1.924405036983263,94.13945244655065,1950.6329200803846,1.0482609780022945,0.5,0.5,1.0,1.0,94.13945244655065,,,,,20.71604141691795,4.551487824538032,64.0,1.0,1.0,0.0,1.0,0.0,0.0,0.0,,,,,,,,,,0.058610424888471305,0.1845458839919804,0.28125,25.0,21.669876634105755,0,train,SIMULATION_TRUTH_ONLY
0656871054_216cec93_0_4,train_20261046,0656871054290c83b20d3b4f5c03485a8e5243a51920661fdb9fc937967390df,216cec93185069d84716a438ab8318d56f818f9d2727dd3c1730cbe3a0983711,fred-features-2,count_rate,count / s,404.0,404.5,405.0,review_unscored,,unresolved,insufficient_event_bins;single_bin_candidate,1.569806615019858,76.79294760972289,1934.5355162487076,1.0396958065461799,0.5,0.5,1.0,1.0,76.79294760972289,,,,,22.606258782188338,4.754603956397245,16.0,1.0,1.0,0.0,1.0,0.0,0.0,0.0,,,,,,,,,,0.21736004526597197,0.1253830424098558,0.3333333333333333,5.0,7.04866348736559,0,train,SIMULATION_TRUTH_ONLY
0656871054_216cec93_0_5,train_20261046,0656871054290c83b20d3b4f5c03485a8e5243a51920661fdb9fc937967390df,216cec93185069d84716a438ab8318d56f818f9d2727dd3c1730cbe3a0983711,fred-features-2,count_rate,count / s,410.0,413.5,415.0,review_unscored,,unresolved,parameter_near_bound,11.043971290822558,540.2570613633782,1933.9886115259594,1.2793486260175564,3.5,1.5,5.0,5.0,2201.8359210191343,191.54047034024052,161.2541757821648,0.03243930788785961,-2.3484980272063725,233.53138371393408,17.6828371949356,4.0,1.0,1.0,1.0,1.0,1.0,0.0,1.0,0.5859540695861032,1.1315617094596466,1.3126035581523041,,,,,0.08371138998009113,0.0,0.20789354228300957,0.12551146264714078,0.2857142857142857,5.0,7.336424005677378,0,train,SIMULATION_TRUTH_ONLY
b279051635_216cec93_0_0,train_20261047,b2790516355532f5caa8aff31bd6924a7f96441834bb01aacbaedaaa5b6fa267,216cec93185069d84716a438ab8318d56f818f9d2727dd3c1730cbe3a0983711,fred-features-2,count_rate,count / s,183.0,211.5,231.0,review_unscored,,complex_or_multi_peaked,multi_peak_single_component_fit;parameter_near_bound,3.655110750483563,113.63794348091858,622.0539646126476,1.1826818088872415,28.5,19.5,48.0,41.0,2740.259887239563,58.8073592073477,56.600532702028886,-0.33415887785332754,-0.5465476979924491,23.450282719463132,7.334052469047053,16.0,3.0,1.0,1.0,1.0,1.0,0.0,1.0,0.4179371671924451,1.0462438052114247,1.1171492707240074,,,,,0.013615148234739782,0.0,0.05293233032620469,0.32353086279233023,0.16666666666666666,11.0,27.340547134202957,1,train,SIMULATION_TRUTH_ONLY
b279051635_216cec93_0_1,train_20261047,b2790516355532f5caa8aff31bd6924a7f96441834bb01aacbaedaaa5b6fa267,216cec93185069d84716a438ab8318d56f818f9d2727dd3c1730cbe3a0983711,fred-features-2,count_rate,count / s,367.0,370.5,371.0,review_unscored,,unresolved,parameter_near_bound,9.505201229987035,295.5181371741261,620.8262365863542,1.4760078098487721,3.5,0.5,4.0,3.0,890.2886944259207,252.05302063993656,-1.3397525303446969,-1.9055670357558796,3.6496712275453866,108.47773698845538,12.408865546134338,4.0,1.0,1.0,1.0,1.0,1.0,0.0,1.0,0.5282102750544615,0.9900831461047279,1.0050187936804502,,,,,-0.0056765351371726915,0.0,0.2958992065601717,0.11969783680879198,1.0,3.0,6.386085979176583,0,train,SIMULATION_TRUTH_ONLY
b279051635_216cec93_0_2,train_20261047,b2790516355532f5caa8aff31bd6924a7f96441834bb01aacbaedaaa5b6fa267,216cec93185069d84716a438ab8318d56f818f9d2727dd3c1730cbe3a0983711,fred-features-2,count_rate,count / s,373.0,373.5,374.0,review_unscored,,unresolved,insufficient_event_bins;single_bin_candidate,1.6786116884283822,52.1882900951216,621.0141245854255,1.0840372030667762,0.5,0.5,1.0,1.0,52.1882900951216,,,,,17.645399464113353,4.200642744165868,16.0,1.0,1.0,0.0,1.0,0.0,0.0,0.0,,,,,,,,,,0.29996611402537504,0.11661604135550734,1.0,3.0,6.172196176811236,0,train,SIMULATION_TRUTH_ONLY
b279051635_216cec93_0_3,train_20261047,b2790516355532f5caa8aff31bd6924a7f96441834bb01aacbaedaaa5b6fa267,216cec93185069d84716a438ab8318d56f818f9d2727dd3c1730cbe3a0983711,fred-features-2,count_rate,count / s,643.0,643.5,646.0,review_unscored,,unresolved,no_improvement_over_linear_background;parameter_near_bound,1.5387408820420847,47.839685668113816,632.0284162833142,1.0756923018579423,0.5,2.5,3.0,3.0,93.95935268376047,39.28854665491167,44.42412548774632,,,29.05071109502232,6.539958147503177,16.0,1.0,1.0,0.0,1.0,0.0,0.0,1.0,0.03669065790663262,0.858177597464341,0.7575107541836591,,,,,-0.010010075753973127,0.0,0.07362075017484473,0.15529156453864762,0.3157894736842105,19.0,16.929767271140932,0,train,SIMULATION_TRUTH_ONLY
b279051635_216cec93_0_4,train_20261047,b2790516355532f5caa8aff31bd6924a7f96441834bb01aacbaedaaa5b6fa267,216cec93185069d84716a438ab8318d56f818f9d2727dd3c1730cbe3a0983711,fred-features-2,count_rate,count / s,648.0,654.5,671.0,review_unscored,,complex_or_multi_peaked,multi_peak_single_component_fit;parameter_near_bound,8.036426208137218,249.85370063220387,631.5474506493402,1.3956214222309202,6.5,16.5,23.0,19.0,3538.542807856995,61.17478635083438,92.85986477670963,-0.9611668617513813,0.12840599711916045,162.11542585077942,15.683379695083929,16.0,4.0,1.0,1.0,1.0,1.0,0.0,1.0,0.7068156153766707,1.0215958785107262,1.0679292585014994,,,,,0.09190287488057915,0.0,0.07362075017484473,0.1485836465007204,0.3157894736842105,19.0,17.116933587578174,0,train,SIMULATION_TRUTH_ONLY
6790fbaa23_216cec93_0_0,train_20261048,6790fbaa230dc8634eaaec751d58c2da59ac9e6bbb7e50168cc1d97ae5fbe9ce,216cec93185069d84716a438ab8318d56f818f9d2727dd3c1730cbe3a0983711,fred-features-2,count_rate,count / s,110.0,110.5,112.0,review_unscored,,unresolved,timescale_unresolved,7.257433020357116,246.5393736994165,853.3207692096807,1.2889175824558374,0.5,1.5,2.0,2.0,444.77167863804664,-48.307068760786365,48.307068760786365,,,33.43543334808529,6.166466777579238,4.0,1.0,1.0,1.0,1.0,1.0,0.0,1.0,0.35318539522156156,0.8925443158151201,0.8173810680817425,,,,,-0.10239239808315012,0.0,0.4230944582060825,0.1551973369493133,0.4,2.0,6.1129042245284575,0,train,SIMULATION_TRUTH_ONLY
6790fbaa23_216cec93_0_1,train_20261048,6790fbaa230dc8634eaaec751d58c2da59ac9e6bbb7e50168cc1d97ae5fbe9ce,216cec93185069d84716a438ab8318d56f818f9d2727dd3c1730cbe3a0983711,fred-features-2,count_rate,count / s,207.0,216.5,288.0,review_unscored,,complex_or_multi_peaked,multi_peak_single_component_fit,11.089537505180564,376.7182726281467,877.955159224123,1.4290860058970034,9.5,71.5,81.0,38.0,14988.899099522021,87.93193761545672,43.236964037158316,0.24542060655681883,-1.2068928556141991,199.61899301944064,21.84645861712054,16.0,6.0,1.0,1.0,1.0,1.0,0.0,1.0,0.9303436334575628,0.8840431413037387,0.7957938135636669,6.779570227136703,35.6327065081653,125.17768866538472,392.3177408444394,-0.043657902219972525,0.0,0.030321304841949327,0.09150136641227483,0.2909090909090909,55.0,35.298182219927185,1,train,SIMULATION_TRUTH_ONLY
261ce6d640_216cec93_0_0,train_20261050,261ce6d640a95bb35f0937ab22c40c87b9d069fc7075268aec12060859ca074a,216cec93185069d84716a438ab8318d56f818f9d2727dd3c1730cbe3a0983711,fred-features-2,count_rate,count / s,356.0,365.5,367.0,review_unscored,,unresolved,correlated_residuals;parameter_near_bound,7.90786400001469,227.90140885988103,609.1124056097307,1.3741532872438351,9.5,1.5,11.0,3.0,971.6677721073265,101.28096838431145,36.8851668136968,1.010200093722044,-0.8604265462967167,16.51127505683621,5.550020900232498,4.0,1.0,1.0,1.0,1.0,1.0,0.0,1.0,0.16823494802272476,1.2525524266933703,1.606967377285728,,,,,0.33984172094990756,0.0,0.2251814682444133,0.13276561496626474,0.3,3.0,7.880115950792355,0,train,SIMULATION_TRUTH_ONLY
261ce6d640_216cec93_0_1,train_20261050,261ce6d640a95bb35f0937ab22c40c87b9d069fc7075268aec12060859ca074a,216cec93185069d84716a438ab8318d56f818f9d2727dd3c1730cbe3a0983711,fred-features-2,count_rate,count / s,669.0,669.5,672.0,review_unscored,,fast_rise_slow_decay,,3.657017504920315,105.39375001834105,619.4188780386024,1.1701493993080605,0.5,2.5,3.0,3.0,284.25847631899,-3.5365646015361563,24.849644532960838,,,7.232007439991402,2.8720165058419003,4.0,1.0,1.0,1.0,0.0,1.0,0.0,1.0,0.17012536592302496,0.9091003978242462,0.8485614887606788,276.70315340922576,1.0420076609933775,5.954433720885651,122.69088303065186,0.23463776140107734,0.0,0.1777135190144281,0.2691681820198851,0.08333333333333333,3.0,12.989215814013209,0,train,SIMULATION_TRUTH_ONLY
261ce6d640_216cec93_0_2,train_20261050,261ce6d640a95bb35f0937ab22c40c87b9d069fc7075268aec12060859ca074a,216cec93185069d84716a438ab8318d56f818f9d2727dd3c1730cbe3a0983711,fred-features-2,count_rate,count / s,745.0,746.5,756.0,review_unscored,,unresolved,correlated_residuals;parameter_near_bound,8.49679425984186,244.8741382763933,622.148212365614,1.3935945381009784,1.5,9.5,11.0,11.0,2285.3740320425454,74.08923516198774,27.300628846884592,0.309135764418923,-1.5241451364372045,82.83230496300433,10.167534674343367,4.0,1.0,1.0,1.0,1.0,1.0,0.0,1.0,0.6514980327679726,1.1095348941316445,1.261389545367043,,,,,0.4036922128947882,0.0,0.10166740621091096,0.13648059850597566,0.5,11.0,12.449394093247506,0,train,SIMULATION_TRUTH_ONLY
6a8fcfbdfb_216cec93_0_0,train_20261051,6a8fcfbdfb9c3d9a24851e3f1a536cfcd881299d8d85c21d9a6efacf9658e2d0,216cec93185069d84716a438ab8318d56f818f9d2727dd3c1730cbe3a0983711,fred-features-2,count_rate,count / s,99.0,101.5,103.0,review_unscored,,fast_rise_slow_decay,,3.808397408336483,113.5934705941471,593.9079172282884,1.191264449082068,2.5,1.5,4.0,4.0,294.7233232075239,29.369383204971882,48.15520457487946,-0.6988647494405755,1.3925257275115257,7.428192499760833,2.7792531657022828,16.0,1.0,1.0,1.0,0.0,0.0,0.0,1.0,0.0803354234250544,1.0015782981470316,1.028881115199081,177.67804824013206,1.3805867017819822,7.8735720426819364,81.0982637698865,0.2467077613997586,0.0,0.22612499956340693,0.24572899442790747,0.16666666666666666,3.0,9.511185293966749,0,train,SIMULATION_TRUTH_ONLY
6a8fcfbdfb_216cec93_0_1,train_20261051,6a8fcfbdfb9c3d9a24851e3f1a536cfcd881299d8d85c21d9a6efacf9658e2d0,216cec93185069d84716a438ab8318d56f818f9d2727dd3c1730cbe3a0983711,fred-features-2,count_rate,count / s,106.0,106.5,109.0,review_unscored,,unresolved,parameter_near_bound;timescale_unresolved,4.768891377894161,142.2422253821784,594.2966341637666,1.2393455005551681,0.5,2.5,3.0,3.0,371.7394380986484,37.98172547405295,46.48448176096986,,,6.175600926156416,2.5982242438050807,16.0,1.0,1.0,1.0,0.0,1.0,0.0,1.0,0.12339151509468993,1.0453227214746421,1.1208619526505121,,,,,0.1952278180463448,0.0,0.2157972594641854,0.2390510031980715,0.14285714285714285,3.0,9.929364453465242,0,train,SIMULATION_TRUTH_ONLY
6a8fcfbdfb_216cec93_0_2,train_20261051,6a8fcfbdfb9c3d9a24851e3f1a536cfcd881299d8d85c21d9a6efacf9658e2d0,216cec93185069d84716a438ab8318d56f818f9d2727dd3c1730cbe3a0983711,fred-features-2,count_rate,count / s,212.0,225.5,267.0,review_unscored,,complex_or_multi_peaked,correlated_residuals;multi_peak_single_component_fit;parameter_near_bound,6.0743801124106165,181.18117535905617,604.0068505601064,1.2999654311719206,13.5,41.5,55.0,43.0,5689.131200132291,43.866864643058136,62.5582297831499,-0.036081144371266805,-0.7032629798618433,29.370654706637428,8.002497690764189,16.0,4.0,1.0,1.0,1.0,1.0,0.0,1.0,0.6804133896337042,1.118990364248626,1.277182223986898,,,,,0.45367432382393036,0.0,0.03667794099335658,0.15286079954425155,0.17543859649122806,18.0,33.60298264693616,1,train,SIMULATION_TRUTH_ONLY
6a8fcfbdfb_216cec93_0_3,train_20261051,6a8fcfbdfb9c3d9a24851e3f1a536cfcd881299d8d85c21d9a6efacf9658e2d0,216cec93185069d84716a438ab8318d56f818f9d2727dd3c1730cbe3a0983711,fred-features-2,count_rate,count / s,399.0,413.5,416.0,review_unscored,,complex_or_multi_peaked,correlated_residuals;multi_peak_single_component_fit;parameter_near_bound,12.99664646157598,387.65234280012373,572.4784145550523,1.6771475272153606,14.5,2.5,17.0,16.0,5141.408664847675,199.50203261264835,72.57374292047598,-2.5842597161579515,8.906607452310789,245.87247743988587,17.800778720332655,16.0,2.0,1.0,1.0,1.0,1.0,0.0,1.0,0.7412386617307658,1.5449330056207666,2.4436469916625225,,,,,0.6387406979203242,0.0,0.07318927921957902,0.0924361699524739,0.5294117647058824,17.0,15.413108300572645,0,train,SIMULATION_TRUTH_ONLY
6a8fcfbdfb_216cec93_0_4,train_20261051,6a8fcfbdfb9c3d9a24851e3f1a536cfcd881299d8d85c21d9a6efacf9658e2d0,216cec93185069d84716a438ab8318d56f818f9d2727dd3c1730cbe3a0983711,fred-features-2,count_rate,count / s,421.0,421.5,423.0,review_unscored,,unresolved,correlated_residuals;no_improvement_over_linear_background;parameter_near_bound;timescale_unresolved,1.879939093319437,56.07314132929412,571.6164144358667,1.098095750774815,0.5,1.5,2.0,2.0,98.07642677902095,-14.069855879567285,14.069855879567285,,,26.96640272687599,5.859833224037458,16.0,1.0,1.0,0.0,1.0,0.0,0.0,1.0,0.021502960186030706,1.1794564713249673,1.4297597224100753,,,,,0.4675373302504867,0.0,0.07396204148220818,0.0899753377259632,0.5625,17.0,15.374354021218862,0,train,SIMULATION_TRUTH_ONLY
6a8fcfbdfb_216cec93_0_5,train_20261051,6a8fcfbdfb9c3d9a24851e3f1a536cfcd881299d8d85c21d9a6efacf9658e2d0,216cec93185069d84716a438ab8318d56f818f9d2727dd3c1730cbe3a0983711,fred-features-2,count_rate,count / s,611.0,611.5,612.0,review_unscored,,unresolved,insufficient_event_bins;single_bin_candidate,3.643251988819085,108.66766077329078,562.715605351051,1.1931129326074017,0.5,0.5,1.0,1.0,108.66766077329078,,,,,2.0251733098941873,1.4230858406625326,4.0,1.0,1.0,1.0,0.0,0.0,0.0,0.0,,,,,,,,,,0.16704000935780527,0.2998628904855386,0.13043478260869565,1.0,12.736407249018967,0,train,SIMULATION_TRUTH_ONLY
ddf0891c40_216cec93_0_0,train_20261052,ddf0891c4094e05d18f334ae88d53c9ddc14d627363af2c4b3d821a2690d46ea,216cec93185069d84716a438ab8318d56f818f9d2727dd3c1730cbe3a0983711,fred-features-2,count_rate,count / s,106.0,106.5,107.0,review_unscored,,unresolved,insufficient_event_bins;single_bin_candidate,7.199700715830175,227.0975769815542,668.6197281855892,1.3396513255715938,0.5,0.5,1.0,1.0,227.0975769815542,,,,,16.195830752535024,4.024404397241289,4.0,1.0,1.0,1.0,1.0,1.0,0.0,0.0,,,,,,,,,,0.5540181550226309,0.18725113945753166,0.2,1.0,5.217692049451419,0,train,SIMULATION_TRUTH_ONLY
ddf0891c40_216cec93_0_1,train_20261052,ddf0891c4094e05d18f334ae88d53c9ddc14d627363af2c4b3d821a2690d46ea,216cec93185069d84716a438ab8318d56f818f9d2727dd3c1730cbe3a0983711,fred-features-2,count_rate,count / s,320.0,339.5,367.0,review_unscored,,complex_or_multi_peaked,multi_peak_single_component_fit;parameter_near_bound,4.824636027494188,152.18176350758267,675.7385403730259,1.2252080566894619,19.5,27.5,47.0,38.0,3075.1064119965467,39.98228753444948,89.40118031803985,0.3140556696061405,0.9810081422503849,13.691325579871664,4.819424839333009,16.0,4.0,1.0,1.0,1.0,1.0,0.0,1.0,0.5093927186829833,1.044396140088986,1.1139710271653847,,,,,0.126513829847745,0.0,0.06923350126994138,0.2193968104625854,0.041666666666666664,5.0,23.346390009123105,1,train,SIMULATION_TRUTH_ONLY
ddf0891c40_216cec93_0_2,train_20261052,ddf0891c4094e05d18f334ae88d53c9ddc14d627363af2c4b3d821a2690d46ea,216cec93185069d84716a438ab8318d56f818f9d2727dd3c1730cbe3a0983711,fred-features-2,count_rate,count / s,453.0,456.5,460.0,review_unscored,,unresolved,parameter_near_bound,6.3354704269897155,199.83747099989796,652.2114953480962,1.30639979887696,3.5,3.5,7.0,4.0,692.7662402188391,53.62618460967798,97.98581798648144,0.1287202329974289,-1.1097347365071586,32.666305675954995,7.5201632488698404,4.0,1.0,1.0,1.0,1.0,1.0,0.0,1.0,0.3165207919647831,1.0188550472253044,1.0656737351090442,,,,,0.14255649536419565,0.0,0.2663294774295264,0.14647777131925604,0.16666666666666666,4.0,6.899063683086948,0,train,SIMULATION_TRUTH_ONLY
7964a3aeb6_216cec93_0_0,train_20261053,7964a3aeb63a2c2930d7dd417e35e556d7814619fdd73eebb48c875cf161ab26,216cec93185069d84716a438ab8318d56f818f9d2727dd3c1730cbe3a0983711,fred-features-2,count_rate,count / s,245.0,251.5,298.0,review_unscored,,complex_or_multi_peaked,correlated_residuals;multi_peak_single_component_fit,10.148691767882411,354.52988809445594,865.4973463992004,1.4096256211176565,6.5,46.5,53.0,17.0,6235.234426223507,94.16151164416681,50.60323601568501,0.613508121189333,-0.9072856167257228,33.210915363978046,10.255352660787219,16.0,2.0,1.0,1.0,1.0,1.0,0.0,1.0,0.8188493549582799,0.9636476523631494,0.9475681611275604,,,,,0.5641435430158005,0.0,0.06559247948473688,0.08248937414910387,0.3076923076923077,23.0,18.619834372623675,1,train,SIMULATION_TRUTH_ONLY
7964a3aeb6_216cec93_0_1,train_20261053,7964a3aeb63a2c2930d7dd417e35e556d7814619fdd73eebb48c875cf161ab26,216cec93185069d84716a438ab8318d56f818f9d2727dd3c1730cbe3a0983711,fred-features-2,count_rate,count / s,377.0,379.5,380.0,review_unscored,,unresolved,correlated_residuals;parameter_near_bound;timescale_unresolved,13.586437080360737,474.6225550909321,850.9647376628668,1.5577464424606593,2.5,0.5,3.0,3.0,1404.1646202295037,7.624249816210067,-4.4545454108725835,,,60.83928244135435,8.293559594607526,4.0,1.0,1.0,1.0,1.0,1.0,0.0,1.0,0.6829813415143403,1.1273025885256667,1.3077533099948273,,,,,0.3731750963582,0.0,0.29210058888081925,0.07073401611784366,1.0,3.0,4.865631747006474,0,train,SIMULATION_TRUTH_ONLY
7964a3aeb6_216cec93_0_2,train_20261053,7964a3aeb63a2c2930d7dd417e35e556d7814619fdd73eebb48c875cf161ab26,216cec93185069d84716a438ab8318d56f818f9d2727dd3c1730cbe3a0983711,fred-features-2,count_rate,count / s,469.0,473.5,474.0,review_unscored,,unresolved,optimizer_failed,10.976917918912845,383.4627723870873,845.8005330549082,1.4533725830156143,4.5,0.5,5.0,1.0,497.68010859151036,415.61199043056877,37.6469096807927,1.9574672111060576,4.193855588377007,4.014188592751369,2.539226507742431,4.0,1.0,1.0,1.0,0.0,1.0,0.0,0.0,,,,,,,,,,0.44592582446587303,0.09471042989280931,0.25,1.0,5.3651032992630086,0,train,SIMULATION_TRUTH_ONLY
7964a3aeb6_216cec93_0_3,train_20261053,7964a3aeb63a2c2930d7dd417e35e556d7814619fdd73eebb48c875cf161ab26,216cec93185069d84716a438ab8318d56f818f9d2727dd3c1730cbe3a0983711,fred-features-2,count_rate,count / s,564.0,569.5,574.0,review_unscored,,unresolved,correlated_residuals;parameter_near_bound,8.761065976909624,306.05518537982095,836.58542698954,1.3658385330487566,5.5,4.5,10.0,10.0,2541.40835121868,47.374264867365696,43.38798360062941,-0.3510524364023454,-0.8368534741074942,42.65724527804333,8.2170861250093,4.0,1.0,1.0,1.0,1.0,1.0,0.0,1.0,0.6401318941907419,1.1220155832253724,1.2903919432255868,,,,,0.5685060701677613,0.0,0.1162334074396345,0.11004025521278403,0.5,10.0,10.911537627183622,0,train,SIMULATION_TRUTH_ONLY
129893a8a9_216cec93_0_0,train_20261054,129893a8a958468d7971c4c8defcc49cfdc23d1e40cc086fdb716b160c767095,216cec93185069d84716a438ab8318d56f818f9d2727dd3c1730cbe3a0983711,fred-features-2,count_rate,count / s,187.0,189.5,190.0,review_unscored,,unresolved,correlated_residuals;parameter_near_bound;timescale_unresolved,8.780013235339066,296.3810658218888,815.7850968308906,1.363307771830168,2.5,0.5,3.0,3.0,803.2451002620055,40.389647546320816,-5.118802111019249,,,38.558798163739745,6.662900428311061,4.0,1.0,1.0,1.0,1.0,1.0,0.0,1.0,0.4258078488905631,1.1340168878537027,1.322321824590996,,,,,0.3441856274303379,0.0,0.2898570515502096,0.12689221095933345,0.5,3.0,6.867720945623279,0,train,SIMULATION_TRUTH_ONLY
129893a8a9_216cec93_0_1,train_20261054,129893a8a958468d7971c4c8defcc49cfdc23d1e40cc086fdb716b160c767095,216cec93185069d84716a438ab8318d56f818f9d2727dd3c1730cbe3a0983711,fred-features-2,count_rate,count / s,269.0,282.5,294.0,review_unscored,,unresolved,correlated_residuals;parameter_near_bound,9.713235934389676,327.8832436409998,821.1902618985505,1.399278046579547,13.5,11.5,25.0,14.0,5260.928358071189,50.33111216167458,49.09145626904626,0.022034670524811277,-1.4226122802595764,48.29232678838466,8.767368992536156,16.0,1.0,1.0,1.0,1.0,1.0,0.0,1.0,0.7065400389901136,1.2580452335792873,1.6191450403705405,,,,,0.5366166632660301,0.0,0.06334997443127577,0.09928273762585854,0.2962962962962963,25.0,18.64206424729543,1,train,SIMULATION_TRUTH_ONLY
129893a8a9_216cec93_0_2,train_20261054,129893a8a958468d7971c4c8defcc49cfdc23d1e40cc086fdb716b160c767095,216cec93185069d84716a438ab8318d56f818f9d2727dd3c1730cbe3a0983711,fred-features-2,count_rate,count / s,465.0,468.5,470.0,review_unscored,,unresolved,timescale_unresolved,10.4943203209237,354.2497896555344,810.2360917313765,1.4372179828456486,3.5,1.5,5.0,3.0,1132.842876216152,154.4694474494982,18.62742237611701,-0.6031874405078461,-3.304855738668217,44.97671026538275,8.380261856184811,4.0,1.0,1.0,1.0,1.0,1.0,0.0,1.0,0.5635900155470317,1.0192801776408957,1.0649053825449473,,,,,0.21606763847748375,0.0,0.2912557228085276,0.10389912205038024,1.0,3.0,5.844168183479576,0,train,SIMULATION_TRUTH_ONLY
129893a8a9_216cec93_0_3,train_20261054,129893a8a958468d7971c4c8defcc49cfdc23d1e40cc086fdb716b160c767095,216cec93185069d84716a438ab8318d56f818f9d2727dd3c1730cbe3a0983711,fred-features-2,count_rate,count / s,777.0,783.5,795.0,review_unscored,,unresolved,correlated_residuals;parameter_near_bound,12.76422356042972,430.8734032429884,750.1158468097065,1.5744091463678873,6.5,11.5,18.0,15.0,5992.994802350315,179.41007219468383,155.50278294554084,-1.6342992011398454,1.5131423049414554,89.447270807983,10.824848849383786,16.0,1.0,1.0,1.0,1.0,1.0,0.0,1.0,0.8129227479621799,1.3231084864601048,1.7917103408146442,,,,,0.5796711972628728,0.0,0.07186699213737761,0.07784799260689478,0.8125,17.0,15.808230688564235,0,train,SIMULATION_TRUTH_ONLY
c89ec5b1e6_216cec93_0_0,train_20261056,c89ec5b1e62acef70b9f0e9f329535facc671d1d0cb562350cc6ddcf1c8c8d65,216cec93185069d84716a438ab8318d56f818f9d2727dd3c1730cbe3a0983711,fred-features-2,count_rate,count / s,179.0,179.5,180.0,review_unscored,,unresolved,insufficient_event_bins;single_bin_candidate,5.19207838665384,157.62390949861094,640.0586418363115,1.246264793873249,0.5,0.5,1.0,1.0,157.62390949861094,,,,,1.623960524069101,1.2743470971713715,4.0,1.0,1.0,1.0,0.0,0.0,0.0,0.0,,,,,,,,,,0.5867493239031154,0.22334772803127725,0.1111111111111111,1.0,7.0563656721213395,0,train,SIMULATION_TRUTH_ONLY
c89ec5b1e6_216cec93_0_1,train_20261056,c89ec5b1e62acef70b9f0e9f329535facc671d1d0cb562350cc6ddcf1c8c8d65,216cec93185069d84716a438ab8318d56f818f9d2727dd3c1730cbe3a0983711,fred-features-2,count_rate,count / s,738.0,748.5,759.0,review_unscored,,complex_or_multi_peaked,multi_peak_single_component_fit;parameter_near_bound,6.9258177333812405,210.25770150475626,619.8499045172404,1.3392074435641188,10.5,10.5,21.0,19.0,3305.9558179202795,81.23681836249284,161.52596432501946,-1.3492110614871569,2.413399793069205,143.23051725824305,14.045564692915306,16.0,2.0,1.0,1.0,1.0,1.0,0.0,1.0,0.6290281224607259,1.128843671105979,1.3040611186978008,,,,,0.17083737810263447,0.0,0.0627546973460987,0.1734248516913274,0.35714285714285715,20.0,19.969605033590742,0,train,SIMULATION_TRUTH_ONLY
c89ec5b1e6_216cec93_0_2,train_20261056,c89ec5b1e62acef70b9f0e9f329535facc671d1d0cb562350cc6ddcf1c8c8d65,216cec93185069d84716a438ab8318d56f818f9d2727dd3c1730cbe3a0983711,fred-features-2,count_rate,count / s,762.0,762.5,764.0,review_unscored,,unresolved,no_improvement_over_linear_background;timescale_unresolved,2.7117126403837535,82.32363149847515,619.6240190554789,1.1328606202580151,0.5,1.5,2.0,2.0,142.6841880342448,-21.96307496270549,21.96307496270549,,,18.14159091406033,4.7608851160829255,16.0,1.0,1.0,0.0,1.0,0.0,0.0,1.0,0.05786856318177924,0.9980485188774922,1.024399165523146,,,,,-0.03817734599716214,0.0,0.06237690379710889,0.18391873173507714,0.35714285714285715,20.0,20.762033371366645,0,train,SIMULATION_TRUTH_ONLY
8b04244b44_216cec93_0_0,train_20261057,8b04244b44b00bdec7cdfc158887d666b153ccdeda29b3e72b65e7a2cea7947c,216cec93185069d84716a438ab8318d56f818f9d2727dd3c1730cbe3a0983711,fred-features-2,count_rate,count / s,308.0,310.5,327.0,review_unscored,,unresolved,parameter_near_bound,3.461589781401192,109.18768472304112,657.8793715288075,1.1659691570345279,2.5,16.5,19.0,18.0,1419.5061716767393,42.20213812387112,42.33830913163945,-0.678405509630389,-0.6140439316903068,47.18319483743946,7.9763302779581915,16.0,1.0,1.0,0.0,1.0,1.0,0.0,1.0,0.39534313378750097,0.8697136251631918,0.7740747288083909,,,,,0.27694587283559075,0.0,0.08785753958237388,0.2425308127172971,0.25806451612903225,9.0,19.406538377697228,1,train,SIMULATION_TRUTH_ONLY
9e5be1b4b4_216cec93_0_0,train_20261058,9e5be1b4b4cf1ec3d3d604124f200b965d501ce92a7e324819da893f2a5efe10,216cec93185069d84716a438ab8318d56f818f9d2727dd3c1730cbe3a0983711,fred-features-2,count_rate,count / s,226.0,230.5,255.0,review_unscored,,complex_or_multi_peaked,multi_peak_single_component_fit,3.413698706541949,126.37770666462984,894.9270653601284,1.1412156493599555,4.5,24.5,29.0,24.0,1770.9519598938991,47.62297114537631,72.74666088079573,-0.34203860755933013,-0.2760108581163263,30.25654584330592,7.347707690841184,16.0,3.0,1.0,0.0,1.0,1.0,0.0,1.0,0.3440965023221747,0.9126303925882928,0.8514856226159478,5.970792686239351,16.244793154868137,61.45719685131457,99.78349576916439,0.00933352949387889,0.0,0.08776531667528661,0.29236386864986363,0.18181818181818182,4.0,19.224962353894583,1,train,SIMULATION_TRUTH_ONLY
9e5be1b4b4_216cec93_0_1,train_20261058,9e5be1b4b4cf1ec3d3d604124f200b965d501ce92a7e324819da893f2a5efe10,216cec93185069d84716a438ab8318d56f818f9d2727dd3c1730cbe3a0983711,fred-features-2,count_rate,count / s,477.0,477.5,478.0,review_unscored,,unresolved,insufficient_event_bins;single_bin_candidate,1.8948105643996516,70.14731945553388,880.565494452785,1.0796616718431897,0.5,0.5,1.0,1.0,70.14731945553388,,,,,20.474222238080173,4.52484499602806,16.0,1.0,1.0,0.0,1.0,0.0,0.0,0.0,,,,,,,,,,0.15130629935077225,0.1737368996964248,0.1111111111111111,6.0,10.153739575427743,0,train,SIMULATION_TRUTH_ONLY
9e5be1b4b4_216cec93_0_2,train_20261058,9e5be1b4b4cf1ec3d3d604124f200b965d501ce92a7e324819da893f2a5efe10,216cec93185069d84716a438ab8318d56f818f9d2727dd3c1730cbe3a0983711,fred-features-2,count_rate,count / s,481.0,483.5,488.0,review_unscored,,unresolved,parameter_near_bound,6.559174673986348,242.82560476780304,880.5028095229538,1.2757806132377512,2.5,4.5,7.0,6.0,1231.7077709050768,36.038446848381795,116.02653833092279,-1.5134762490923566,3.2706526608764506,95.26465119177486,12.351322942770672,4.0,1.0,1.0,1.0,1.0,1.0,0.0,1.0,0.49987186095507796,0.8867824720095483,0.8059449226301156,,,,,-0.004300718411990955,0.0,0.15369953762984936,0.17732979925856995,0.1111111111111111,6.0,10.037995237708982,0,train,SIMULATION_TRUTH_ONLY
9e5be1b4b4_216cec93_0_3,train_20261058,9e5be1b4b4cf1ec3d3d604124f200b965d501ce92a7e324819da893f2a5efe10,216cec93185069d84716a438ab8318d56f818f9d2727dd3c1730cbe3a0983711,fred-features-2,count_rate,count / s,599.0,601.5,604.0,review_unscored,,unresolved,no_improvement_over_linear_background;parameter_near_bound,3.190741988315666,118.12368041418415,884.9366343454498,1.1334826425188682,2.5,2.5,5.0,5.0,355.09365150939755,25.808425398095835,44.66647910645793,-0.1225245114173652,1.0941598146783793,13.635132288564439,4.61822882458869,4.0,1.0,1.0,0.0,1.0,0.0,0.0,1.0,0.0774533556153787,0.9778452968962406,0.9800859602786494,,,,,-0.08883023915698048,0.0,0.16809250380916152,0.34560702769713547,0.038461538461538464,1.0,12.91910892889874,0,train,SIMULATION_TRUTH_ONLY
9e5be1b4b4_216cec93_0_4,train_20261058,9e5be1b4b4cf1ec3d3d604124f200b965d501ce92a7e324819da893f2a5efe10,216cec93185069d84716a438ab8318d56f818f9d2727dd3c1730cbe3a0983711,fred-features-2,count_rate,count / s,729.0,729.5,730.0,review_unscored,,unresolved,insufficient_event_bins;single_bin_candidate,6.01422657488727,222.6512141915606,892.1365190687769,1.2495707881389797,0.5,0.5,1.0,1.0,222.6512141915606,,,,,5.8857411751533375,2.426054652136538,16.0,1.0,1.0,1.0,0.0,1.0,0.0,0.0,,,,,,,,,,0.35917163926371065,0.21472567080442678,0.07142857142857142,1.0,7.183997380020548,0,train,SIMULATION_TRUTH_ONLY
e03e9289c2_216cec93_0_0,train_20261059,e03e9289c24a8df3f2353e2e382bc989846c1c6c3e5a91e1c2c2f84fcad758a3,216cec93185069d84716a438ab8318d56f818f9d2727dd3c1730cbe3a0983711,fred-features-2,count_rate,count / s,213.0,219.5,225.0,review_unscored,,unresolved,parameter_near_bound,5.888790330947259,354.42045457636505,2455.059464407836,1.1443632872093596,6.5,5.5,12.0,3.0,2054.9674389879947,95.32812171654382,137.55453367123437,0.20448815391392114,1.1498456421792262,34.398846297579375,7.66330117882552,4.0,1.0,1.0,1.0,1.0,1.0,0.0,1.0,0.3604500990619117,0.9518455795944174,0.9278943070889255,,,,,0.028176699451698522,0.0,0.17710031527895115,0.16954469212397222,0.05263157894736842,9.0,10.957282930188669,1,train,SIMULATION_TRUTH_ONLY
e03e9289c2_216cec93_0_1,train_20261059,e03e9289c24a8df3f2353e2e382bc989846c1c6c3e5a91e1c2c2f84fcad758a3,216cec93185069d84716a438ab8318d56f818f9d2727dd3c1730cbe3a0983711,fred-features-2,count_rate,count / s,414.0,416.5,417.0,review_unscored,,unresolved,timescale_unresolved,3.67184386165383,220.99217283075677,2458.2550864198647,1.089897982537119,2.5,0.5,3.0,2.0,454.1782606783081,78.26874357691804,-52.26077066012613,,,6.022827014104681,2.9739745392906087,4.0,1.0,1.0,1.0,0.0,0.0,0.0,1.0,0.06751786498005397,1.1101507459991267,1.2635567666919731,,,,,-0.02081154468319061,0.0,0.23919842450215578,0.3604669715953482,0.05263157894736842,2.0,9.829405627751946,0,train,SIMULATION_TRUTH_ONLY
5ea67c3022_216cec93_0_0,train_20261060,5ea67c302264b83bf7f694c50cdac2e95438b2117c0e6821ebf1b1a6b3a1fe8a,216cec93185069d84716a438ab8318d56f818f9d2727dd3c1730cbe3a0983711,fred-features-2,count_rate,count / s,285.0,303.5,319.0,review_unscored,,unresolved,correlated_residuals,4.18090215358258,115.90685013128962,553.2327042847024,1.2095083122049888,18.5,15.5,34.0,28.0,2323.798539242972,23.231237565375523,31.02942405477461,-0.3393295720184229,-0.123530278414961,15.361679607879623,5.366667309298339,16.0,1.0,1.0,1.0,1.0,1.0,0.0,1.0,0.49220218242052394,1.0368313602931385,1.098491306143375,,,,,0.4250219614837484,0.0,0.061146898233425624,0.20999228501214257,0.13157894736842105,19.0,23.661052637262475,1,train,SIMULATION_TRUTH_ONLY
5ea67c3022_216cec93_0_1,train_20261060,5ea67c302264b83bf7f694c50cdac2e95438b2117c0e6821ebf1b1a6b3a1fe8a,216cec93185069d84716a438ab8318d56f818f9d2727dd3c1730cbe3a0983711,fred-features-2,count_rate,count / s,428.0,429.5,431.0,review_unscored,,unresolved,ill_conditioned_fit;parameter_near_bound;timescale_unresolved,13.37771281414113,370.86937155882003,557.5462712180633,1.6651813323916365,1.5,1.5,3.0,3.0,1018.5865490755565,22.836566773335562,71.18499882756805,,,87.05443934248694,9.860468671112345,4.0,1.0,1.0,1.0,1.0,1.0,0.0,1.0,0.6624484422997514,1.024731819894462,1.0765923558028074,,,,,0.19967295235116342,0.0,0.3169112016687396,0.08404092012945816,1.0,3.0,4.869217894582634,0,train,SIMULATION_TRUTH_ONLY
5ea67c3022_216cec93_0_2,train_20261060,5ea67c302264b83bf7f694c50cdac2e95438b2117c0e6821ebf1b1a6b3a1fe8a,216cec93185069d84716a438ab8318d56f818f9d2727dd3c1730cbe3a0983711,fred-features-2,count_rate,count / s,713.0,725.5,728.0,review_unscored,,complex_or_multi_peaked,correlated_residuals;multi_peak_single_component_fit;parameter_near_bound,8.2283305832626,228.11341780091425,553.9250570682783,1.4118127802490732,12.5,2.5,15.0,13.0,2236.7832192777914,76.92622829126367,46.79835604892895,-1.2959769758991933,1.6846582614764172,37.203158462716786,6.706888626708533,16.0,2.0,1.0,1.0,1.0,1.0,0.0,1.0,0.584257549294447,1.1169572367904979,1.2772980752191088,,,,,0.3711618050508045,0.0,0.1021915856998845,0.12437715395548712,0.25,13.0,13.10008395074721,0,train,SIMULATION_TRUTH_ONLY
d6e92e04b0_216cec93_0_0,train_20261062,d6e92e04b058b2ed41f4c22734479d0839ae6827d5188a77f742ef1ef7f16652,216cec93185069d84716a438ab8318d56f818f9d2727dd3c1730cbe3a0983711,fred-features-2,count_rate,count / s,199.0,199.5,200.0,review_unscored,,unresolved,insufficient_event_bins;single_bin_candidate,3.5338472703448023,113.34119068813834,707.0382155144372,1.1603041931837756,0.5,0.5,1.0,1.0,113.34119068813834,,,,,0.019040174410973207,0.13798613847402647,4.0,1.0,1.0,1.0,0.0,0.0,0.0,0.0,,,,,,,,,,0.2752280340922108,0.25690957198998177,0.045454545454545456,1.0,10.502002027911534,0,train,SIMULATION_TRUTH_ONLY
d6e92e04b0_216cec93_0_1,train_20261062,d6e92e04b058b2ed41f4c22734479d0839ae6827d5188a77f742ef1ef7f16652,216cec93185069d84716a438ab8318d56f818f9d2727dd3c1730cbe3a0983711,fred-features-2,count_rate,count / s,265.0,266.5,267.0,review_unscored,,unresolved,correlated_residuals;parameter_near_bound;timescale_unresolved,8.483087003234772,272.0783067582564,709.5416520735437,1.3834564270654763,1.5,0.5,2.0,2.0,519.3035718965675,24.853041619945316,-24.853041619945316,,,18.65901481589669,4.42697869305974,4.0,1.0,1.0,1.0,1.0,1.0,0.0,1.0,0.3968330492915766,0.9908742660150878,1.0068785409246874,,,,,0.4190737934599535,0.0,0.35910481250479886,0.1170236115474212,0.3333333333333333,2.0,6.170600243397695,0,train,SIMULATION_TRUTH_ONLY
d6e92e04b0_216cec93_0_2,train_20261062,d6e92e04b058b2ed41f4c22734479d0839ae6827d5188a77f742ef1ef7f16652,216cec93185069d84716a438ab8318d56f818f9d2727dd3c1730cbe3a0983711,fred-features-2,count_rate,count / s,794.0,795.5,803.0,review_unscored,,unresolved,correlated_residuals;parameter_near_bound,4.915496748729609,157.65487631567248,733.7823357264419,1.2148523732989494,1.5,7.5,9.0,9.0,1028.4241365739204,68.48248220255175,42.909691309574555,0.09385668806948674,-1.2651735534822022,15.168814923400236,4.604109274272409,4.0,1.0,1.0,1.0,1.0,1.0,0.0,1.0,0.32622958340758057,1.0423247762023686,1.1134668330924156,,,,,0.48548679617353463,0.0,0.12295044080697153,0.18465817136325044,0.16,9.0,14.041692456687578,0,train,SIMULATION_TRUTH_ONLY
fcf68efa39_216cec93_0_0,train_20261063,fcf68efa3996b46e62724769de878e5d1ebad6915b50e67e2f07d2a44e6f744a,216cec93185069d84716a438ab8318d56f818f9d2727dd3c1730cbe3a0983711,fred-features-2,count_rate,count / s,156.0,156.5,158.0,review_unscored,,unresolved,timescale_unresolved,6.491151249643413,317.5388822236223,1952.5812574933793,1.1626251819252131,0.5,1.5,2.0,2.0,579.4258380454817,-55.65192640176292,55.65192640176292,,,13.561768839606511,3.8318363926385732,4.0,1.0,1.0,1.0,0.0,1.0,0.0,1.0,0.23908238041880858,1.062210870480278,1.1569287844671414,,,,,0.02124623870492464,0.0,0.32983276065278155,0.2191070311650352,0.18181818181818182,2.0,7.583731698039903,0,train,SIMULATION_TRUTH_ONLY
fcf68efa39_216cec93_0_1,train_20261063,fcf68efa3996b46e62724769de878e5d1ebad6915b50e67e2f07d2a44e6f744a,216cec93185069d84716a438ab8318d56f818f9d2727dd3c1730cbe3a0983711,fred-features-2,count_rate,count / s,293.0,301.5,351.0,review_unscored,,complex_or_multi_peaked,multi_peak_single_component_fit,10.382450536906815,507.89630551476466,1959.1023207631333,1.2592495042918037,8.5,49.5,58.0,25.0,11794.482229581552,145.44884504038032,71.114502620027,0.42697888098643516,-1.1473710195990279,63.96135447913524,14.334887819543898,16.0,5.0,1.0,1.0,1.0,1.0,0.0,1.0,0.8364439962012686,1.0576315878441744,1.1406909901434534,11.332640097312673,13.782864246696597,58.33483148785049,487.9303249040361,0.06786784577860355,0.0,0.04853794458592869,0.11429023485364785,0.24324324324324326,31.0,24.01799501510249,1,train,SIMULATION_TRUTH_ONLY
fcf68efa39_216cec93_0_2,train_20261063,fcf68efa3996b46e62724769de878e5d1ebad6915b50e67e2f07d2a44e6f744a,216cec93185069d84716a438ab8318d56f818f9d2727dd3c1730cbe3a0983711,fred-features-2,count_rate,count / s,463.0,466.5,477.0,review_unscored,,unresolved,parameter_near_bound,10.467920597298642,512.0773924123928,1927.4681789490082,1.2656735908821144,3.5,10.5,14.0,11.0,5488.812507032213,180.38563049787388,278.8549419265198,-1.3574509939945216,0.24580283642236989,121.8473008505279,14.116241888203755,4.0,1.0,1.0,1.0,1.0,1.0,0.0,1.0,0.7400209945399525,1.216181075412487,1.5144814897271544,,,,,0.26799629114246776,0.0,0.09239076094277333,0.1159013207659183,0.75,12.0,13.544354202582166,0,train,SIMULATION_TRUTH_ONLY
80587e1ed7_216cec93_0_0,train_20261064,80587e1ed7a8ee07766b92a1b40a33d798ec14934572af4e627d164d04c0085e,216cec93185069d84716a438ab8318d56f818f9d2727dd3c1730cbe3a0983711,fred-features-2,count_rate,count / s,78.0,78.5,80.0,review_unscored,,unresolved,correlated_residuals;no_improvement_over_linear_background;timescale_unresolved,3.6422537651014717,110.1041866180941,642.0359101564376,1.171492255925788,0.5,1.5,2.0,2.0,166.9491958672096,-53.25917736897861,53.25917736897861,,,1.3913665992434834,1.3557916578531488,4.0,1.0,1.0,1.0,0.0,0.0,0.0,1.0,0.10062621636849989,1.0070935587405665,1.0478214571182203,,,,,0.5742114571178504,0.0,0.06875854153868854,0.07405517089277755,0.7647058823529411,16.0,17.130532831982332,0,train,SIMULATION_TRUTH_ONLY
80587e1ed7_216cec93_0_1,train_20261064,80587e1ed7a8ee07766b92a1b40a33d798ec14934572af4e627d164d04c0085e,216cec93185069d84716a438ab8318d56f818f9d2727dd3c1730cbe3a0983711,fred-features-2,count_rate,count / s,106.0,125.5,130.0,review_unscored,,unresolved,correlated_residuals;parameter_near_bound,11.887101252919246,359.343334953801,638.1118851908512,1.563135311053368,19.5,4.5,24.0,20.0,6325.903666975888,73.35357879429222,135.9278113070833,-1.3954887376153269,0.6193385066904034,210.80072229080815,18.20026411696944,16.0,1.0,1.0,1.0,1.0,1.0,0.0,1.0,0.775380217859758,1.4491351295852113,2.1483795506135674,,,,,0.7812498596498973,0.0,0.05829611192119323,0.0762447765460049,0.7272727272727273,22.0,18.849544287539583,0,train,SIMULATION_TRUTH_ONLY
80587e1ed7_216cec93_0_2,train_20261064,80587e1ed7a8ee07766b92a1b40a33d798ec14934572af4e627d164d04c0085e,216cec93185069d84716a438ab8318d56f818f9d2727dd3c1730cbe3a0983711,fred-features-2,count_rate,count / s,272.0,282.5,314.0,review_unscored,,complex_or_multi_peaked,correlated_residuals;multi_peak_single_component_fit;parameter_near_bound,12.136690213204007,366.88833078147195,626.810592466868,1.5853256712487114,10.5,31.5,42.0,26.0,8685.05786406682,48.37143600345769,46.542873326882045,0.14839244870857746,-1.0982312127622462,129.11219343853568,17.185664658889745,16.0,2.0,1.0,1.0,1.0,1.0,0.0,1.0,0.8518600553034246,1.1751138620011383,1.410025343702404,,,,,0.6608495411500176,0.0,0.044758180702725185,0.07420550027580129,0.21951219512195122,41.0,25.09732162241839,1,train,SIMULATION_TRUTH_ONLY
80587e1ed7_216cec93_0_3,train_20261064,80587e1ed7a8ee07766b92a1b40a33d798ec14934572af4e627d164d04c0085e,216cec93185069d84716a438ab8318d56f818f9d2727dd3c1730cbe3a0983711,fred-features-2,count_rate,count / s,625.0,625.5,626.0,review_unscored,,unresolved,insufficient_event_bins;single_bin_candidate,9.853809253359755,297.8775568376134,648.8609001261284,1.4590776802542897,0.5,0.5,1.0,1.0,297.8775568376134,,,,,7.613123391100959,2.759188900945522,4.0,1.0,1.0,1.0,0.0,1.0,0.0,0.0,,,,,,,,,,0.5934574369415356,0.108071757610637,0.3333333333333333,1.0,4.085871081849112,0,train,SIMULATION_TRUTH_ONLY
4a5418fb04_216cec93_0_0,train_20261065,4a5418fb047625d2eb01925618ec12e6e2bce76f4034def34bca985c08089252,216cec93185069d84716a438ab8318d56f818f9d2727dd3c1730cbe3a0983711,fred-features-2,count_rate,count / s,21.0,21.5,26.0,review_unscored,,unresolved,no_improvement_over_linear_background;parameter_near_bound;timescale_unresolved,3.5312137158157895,169.2753795763697,1553.5376022240775,1.1089612374583218,0.5,4.5,5.0,5.0,272.8947689495444,107.33323784369941,249.78378134019886,-0.4371889210035161,-0.6175015567894677,5.163648838279339,2.723322176826258,4.0,1.0,1.0,1.0,0.0,0.0,0.0,1.0,0.09552250750858982,0.9490823736181865,0.9379787300909431,,,,,-0.11746266678047444,0.0,0.2796824868058832,0.38912573563816805,0.1111111111111111,1.0,8.558316385232429,0,train,SIMULATION_TRUTH_ONLY
4a5418fb04_216cec93_0_1,train_20261065,4a5418fb047625d2eb01925618ec12e6e2bce76f4034def34bca985c08089252,216cec93185069d84716a438ab8318d56f818f9d2727dd3c1730cbe3a0983711,fred-features-2,count_rate,count / s,215.0,238.5,264.0,review_unscored,,complex_or_multi_peaked,correlated_residuals;multi_peak_single_component_fit;parameter_near_bound,8.912724189695144,427.2482187959538,1561.3648604734183,1.2736376548569235,23.5,25.5,49.0,30.0,10778.072860993134,55.39614693725218,76.15215389167463,0.009792312639461953,-0.9326291056128122,112.23765561718147,16.74171894991695,16.0,3.0,1.0,1.0,1.0,1.0,0.0,1.0,0.7679471643423189,1.130343502849542,1.303858328582415,,,,,0.3264472152877388,0.0,0.04396313822790151,0.10915693113391578,0.2222222222222222,39.0,26.644413226008197,1,train,SIMULATION_TRUTH_ONLY
4a5418fb04_216cec93_0_2,train_20261065,4a5418fb047625d2eb01925618ec12e6e2bce76f4034def34bca985c08089252,216cec93185069d84716a438ab8318d56f818f9d2727dd3c1730cbe3a0983711,fred-features-2,count_rate,count / s,584.0,584.5,587.0,review_unscored,,unresolved,no_improvement_over_linear_background;parameter_near_bound,4.082206065615873,195.68823551265723,1498.4685751842417,1.1305921517163593,0.5,2.5,3.0,3.0,471.8211659347894,-18.75018085052443,77.74317890213342,,,7.159714575897676,3.315656030494263,4.0,1.0,1.0,1.0,0.0,1.0,0.0,1.0,0.0227222135614783,1.042340558321929,1.1139100475916295,,,,,0.017737378327677692,0.0,0.20891257189540224,0.3086581401883342,0.07692307692307693,3.0,11.810479964648174,0,train,SIMULATION_TRUTH_ONLY
f96721e5dd_216cec93_0_0,train_20261066,f96721e5dd1fc2fd761268b91484d3abfe7ad8186ba5641390aa3822a6cbb428,216cec93185069d84716a438ab8318d56f818f9d2727dd3c1730cbe3a0983711,fred-features-2,count_rate,count / s,311.0,325.5,350.0,review_unscored,,complex_or_multi_peaked,multi_peak_single_component_fit;parameter_near_bound,7.44925612693969,282.0430000179922,978.7813544611995,1.2881573077914337,14.5,24.5,39.0,21.0,4683.247384546446,65.29624819919667,75.63552273760263,0.2556499344374481,-0.9536561472010598,116.69633501123745,16.449495016453916,16.0,2.0,1.0,1.0,1.0,1.0,0.0,1.0,0.6514293707362916,1.0256606817389182,1.0744580356477307,,,,,0.2484768756927532,0.0,0.07216402960020026,0.14038058206262227,0.10344827586206896,22.0,17.984407528654504,1,train,SIMULATION_TRUTH_ONLY
6a04899e0a_216cec93_0_0,train_20261068,6a04899e0aef9420c023065d1ab702e7a4e1fbbae3cf935ed8d0db5195e22ba8,216cec93185069d84716a438ab8318d56f818f9d2727dd3c1730cbe3a0983711,fred-features-2,count_rate,count / s,506.0,511.5,527.0,review_unscored,,unresolved,parameter_near_bound,6.817951080410828,204.5576727013961,632.2994886499528,1.3235138986719017,5.5,15.5,21.0,21.0,3433.0276074196618,19.771173678542482,26.653040235448998,0.1994258467692501,-0.5976401617488936,253.48544909305224,18.886548933615106,16.0,1.0,1.0,1.0,1.0,1.0,0.0,1.0,0.6747048114106746,1.063363813317572,1.1574110570080354,,,,,0.24137066174823388,0.0,0.058462598154986015,0.13620232794107703,0.42857142857142855,21.0,20.689933279115184,0,train,SIMULATION_TRUTH_ONLY
6a04899e0a_216cec93_0_1,train_20261068,6a04899e0aef9420c023065d1ab702e7a4e1fbbae3cf935ed8d0db5195e22ba8,216cec93185069d84716a438ab8318d56f818f9d2727dd3c1730cbe3a0983711,fred-features-2,count_rate,count / s,597.0,598.5,600.0,review_unscored,,unresolved,timescale_unresolved,5.074809145083844,152.258521054035,640.8820943158661,1.2375764940297935,1.5,1.5,3.0,3.0,446.0993305589893,4.599461211995617,6.076771391120019,,,25.940850035403503,5.496122807265914,4.0,1.0,1.0,1.0,1.0,1.0,0.0,1.0,0.28617653255823583,0.9618024530992998,0.9513441848897579,,,,,0.09299153275944445,0.0,0.2187106752123654,0.20857535308438802,0.2,3.0,9.979553256707595,0,train,SIMULATION_TRUTH_ONLY
6a04899e0a_216cec93_0_2,train_20261068,6a04899e0aef9420c023065d1ab702e7a4e1fbbae3cf935ed8d0db5195e22ba8,216cec93185069d84716a438ab8318d56f818f9d2727dd3c1730cbe3a0983711,fred-features-2,count_rate,count / s,602.0,602.5,603.0,review_unscored,,unresolved,insufficient_event_bins;single_bin_candidate,1.916014726448692,57.4858206932646,641.204608924066,1.0896528501093046,0.5,0.5,1.0,1.0,57.4858206932646,,,,,17.05053014548274,4.129228759161054,16.0,1.0,1.0,0.0,1.0,0.0,0.0,0.0,,,,,,,,,,0.21990119690220203,0.21138296574012913,0.21428571428571427,3.0,9.580220911409617,0,train,SIMULATION_TRUTH_ONLY
b15a113e83_216cec93_0_0,train_20261069,b15a113e831a4ed9b0a333f5d68443ea2b92b063495e21b8f013083626e03859,216cec93185069d84716a438ab8318d56f818f9d2727dd3c1730cbe3a0983711,fred-features-2,count_rate,count / s,115.0,116.5,139.0,review_unscored,,unresolved,correlated_residuals;parameter_near_bound;timescale_unresolved,13.723427788408465,412.3771049183573,622.1040122867886,1.6628748517510805,1.5,22.5,24.0,2.0,1203.8547908142443,48.05761447881656,204.94881025453287,2.9154554908995776,7.8873330892770515,5.530377554487752,5.3222523211887,4.0,1.0,1.0,1.0,1.0,1.0,0.0,1.0,0.5259644272097462,1.1844058989791049,1.4348451265396178,,,,,0.5766283779481925,0.0,0.3499898761020656,0.07888511792553604,0.6666666666666666,2.0,4.945556483700879,0,train,SIMULATION_TRUTH_ONLY
b15a113e83_216cec93_0_1,train_20261069,b15a113e831a4ed9b0a333f5d68443ea2b92b063495e21b8f013083626e03859,216cec93185069d84716a438ab8318d56f818f9d2727dd3c1730cbe3a0983711,fred-features-2,count_rate,count / s,239.0,271.5,302.0,review_unscored,,complex_or_multi_peaked,correlated_residuals;multi_peak_single_component_fit;parameter_near_bound,7.859978867236265,236.18554926401941,652.4301782783788,1.3620089277403777,32.5,30.5,63.0,27.0,6431.636789317886,61.36168539284404,44.043465518835035,0.16058831287595624,-0.8997849242955267,16.14413205707105,6.514025820508967,16.0,2.0,1.0,1.0,1.0,1.0,0.0,1.0,0.7441983545648461,1.1337998658055564,1.3104149677879204,,,,,0.5833386280698742,0.0,0.04275405316742447,0.10337402565695665,0.16981132075471697,35.0,29.039383658167548,1,train,SIMULATION_TRUTH_ONLY
b15a113e83_216cec93_0_2,train_20261069,b15a113e831a4ed9b0a333f5d68443ea2b92b063495e21b8f013083626e03859,216cec93185069d84716a438ab8318d56f818f9d2727dd3c1730cbe3a0983711,fred-features-2,count_rate,count / s,513.0,515.5,520.0,review_unscored,,unresolved,correlated_residuals,3.7536190257674207,112.79299681380462,634.3902493327672,1.1777974944167835,2.5,4.5,7.0,6.0,401.7173636003994,39.475910816467604,34.964053381321605,-0.43651862221101145,1.892009535005779,3.920001349863546,2.52735481135525,4.0,1.0,1.0,1.0,0.0,0.0,0.0,1.0,0.12471949723725728,0.8878612845661953,0.8078099789639985,,,,,0.426968730543446,0.0,0.26054469997663654,0.21792464145075707,0.06666666666666667,2.0,9.24967795940413,0,train,SIMULATION_TRUTH_ONLY
b15a113e83_216cec93_0_3,train_20261069,b15a113e831a4ed9b0a333f5d68443ea2b92b063495e21b8f013083626e03859,216cec93185069d84716a438ab8318d56f818f9d2727dd3c1730cbe3a0983711,fred-features-2,count_rate,count / s,675.0,684.5,721.0,review_unscored,,complex_or_multi_peaked,correlated_residuals;multi_peak_single_component_fit;parameter_near_bound,9.283898725008486,278.9731062532318,624.6669200379007,1.4465949729438299,9.5,36.5,46.0,20.0,6179.602512686874,61.70739787078793,69.12865831546156,0.22091774116833113,-1.7536402796273083,30.083397159223736,8.983712135075915,16.0,2.0,1.0,1.0,1.0,1.0,0.0,1.0,0.7980174902983319,1.1142034496274134,1.2672055372687157,,,,,0.6633359132382239,0.0,0.05047733432105245,0.08663034350005283,0.5,22.0,23.328284874056276,0,train,SIMULATION_TRUTH_ONLY
df0e01caa0_216cec93_0_0,train_20261070,df0e01caa01e24c8cdf7a51e6ad4ebee05758ae81f905af4351d46e0064a17d7,216cec93185069d84716a438ab8318d56f818f9d2727dd3c1730cbe3a0983711,fred-features-2,count_rate,count / s,117.0,117.5,119.0,review_unscored,,unresolved,timescale_unresolved,6.405387933415244,323.74694848337367,1928.322126712519,1.1678904909084409,0.5,1.5,2.0,2.0,537.2591476687992,-110.23474929794816,110.23474929794816,,,12.678219622919453,3.562136318091827,4.0,1.0,1.0,1.0,0.0,1.0,0.0,1.0,0.20269889928151907,1.0894293880893802,1.2179259306807806,,,,,0.22939845107595475,0.0,0.43251787453117074,0.19783490788489735,0.1111111111111111,2.0,5.848206698857384,0,train,SIMULATION_TRUTH_ONLY
df0e01caa0_216cec93_0_1,train_20261070,df0e01caa01e24c8cdf7a51e6ad4ebee05758ae81f905af4351d46e0064a17d7,216cec93185069d84716a438ab8318d56f818f9d2727dd3c1730cbe3a0983711,fred-features-2,count_rate,count / s,213.0,225.5,257.0,review_unscored,,complex_or_multi_peaked,multi_peak_single_component_fit;parameter_near_bound,9.984029683091885,504.6219178398794,1922.0160043003114,1.2625482393022953,12.5,31.5,44.0,26.0,12115.65535121462,81.9921462008922,67.89112329184718,0.09811611888534752,-1.2368327465801308,143.42841132373326,18.462133571389717,16.0,2.0,1.0,1.0,1.0,1.0,0.0,1.0,0.8418385690470351,1.0430984788064386,1.1110091714353167,,,,,0.19305483342079155,0.0,0.04530170679432809,0.10709181267790618,0.28205128205128205,36.0,25.237553306350225,1,train,SIMULATION_TRUTH_ONLY
df0e01caa0_216cec93_0_2,train_20261070,df0e01caa01e24c8cdf7a51e6ad4ebee05758ae81f905af4351d46e0064a17d7,216cec93185069d84716a438ab8318d56f818f9d2727dd3c1730cbe3a0983711,fred-features-2,count_rate,count / s,410.0,411.5,412.0,review_unscored,,unresolved,no_improvement_over_linear_background;right_censored,5.032740348139568,254.36934455125242,1971.145706079449,1.1290464442921297,1.5,0.5,2.0,1.0,326.97700309014976,181.76168601235509,-181.76168601235509,,,4.468696107613457,2.1445202873142435,4.0,1.0,1.0,1.0,0.0,1.0,0.0,1.0,0.22016047758342594,1.0515385736794383,1.133797670715883,,,,,0.14602082938858305,1.0,0.3877037747598324,0.22705671473425754,0.0625,1.0,8.042323255070913,0,train,SIMULATION_TRUTH_ONLY
df0e01caa0_216cec93_0_3,train_20261070,df0e01caa01e24c8cdf7a51e6ad4ebee05758ae81f905af4351d46e0064a17d7,216cec93185069d84716a438ab8318d56f818f9d2727dd3c1730cbe3a0983711,fred-features-2,count_rate,count / s,666.0,673.5,679.0,review_unscored,,unresolved,correlated_residuals;parameter_near_bound,7.558377200898674,382.02238173770525,1964.4880761729048,1.1944640878054795,7.5,5.5,13.0,9.0,3121.352340589223,74.06305216987425,131.12026257928528,-0.3349152234738714,-1.2437672986169068,55.90733121763587,9.787339099466534,4.0,1.0,1.0,1.0,1.0,1.0,0.0,1.0,0.5134397918612535,1.1586901098811222,1.3748359142636417,,,,,0.4141747908062776,0.0,0.12428343295778528,0.14328491406880525,0.25,11.0,11.676718919815096,0,train,SIMULATION_TRUTH_ONLY
c9707d838b_216cec93_0_0,train_20261071,c9707d838bc0fb144b0ba6d1abb5e90f5d6f93e79944cf7f5ef1599c50e0e134,216cec93185069d84716a438ab8318d56f818f9d2727dd3c1730cbe3a0983711,fred-features-2,count_rate,count / s,205.0,219.5,233.0,review_unscored,,unresolved,parameter_near_bound,9.464636894563881,418.47336388553254,1330.0612918072243,1.3146271276844173,14.5,13.5,28.0,17.0,5995.953015592809,59.775170695080874,72.70709956608084,-0.09035965917475133,-0.9469442818618914,79.62746946377989,11.725853530401968,16.0,1.0,1.0,1.0,1.0,1.0,0.0,1.0,0.7111724488184428,1.1160944246550792,1.273596512834631,,,,,0.1719177040900178,0.0,0.07562107926988657,0.12619828350350107,0.11538461538461539,23.0,16.732237464626603,1,train,SIMULATION_TRUTH_ONLY
c9707d838b_216cec93_0_1,train_20261071,c9707d838bc0fb144b0ba6d1abb5e90f5d6f93e79944cf7f5ef1599c50e0e134,216cec93185069d84716a438ab8318d56f818f9d2727dd3c1730cbe3a0983711,fred-features-2,count_rate,count / s,361.0,365.5,368.0,review_unscored,,unresolved,timescale_unresolved,13.81898349376913,610.9982424616496,1368.6392482263943,1.446427532495094,4.5,2.5,7.0,3.0,1908.824727805736,272.9994668132234,269.8176081551127,0.28411571431183524,-2.565541224086672,110.02820079407023,13.713100256952774,4.0,1.0,1.0,1.0,1.0,1.0,0.0,1.0,0.5966115355401119,1.2080042620103555,1.4953949479518953,,,,,0.057694353305324034,0.0,0.26042201108205776,0.11022061554324904,0.6,3.0,6.282787435365936,0,train,SIMULATION_TRUTH_ONLY
c9707d838b_216cec93_0_2,train_20261071,c9707d838bc0fb144b0ba6d1abb5e90f5d6f93e79944cf7f5ef1599c50e0e134,216cec93185069d84716a438ab8318d56f818f9d2727dd3c1730cbe3a0983711,fred-features-2,count_rate,count / s,589.0,592.5,595.0,review_unscored,,fast_rise_slow_decay,,6.4861375047021985,286.7807619514508,1380.8965073683848,1.2076772302784495,3.5,2.5,6.0,4.0,1125.275705115366,160.69230541701654,128.79884154743263,-0.6064542044276494,-1.818720316786034,33.41613196500268,7.148344055428858,4.0,1.0,1.0,1.0,1.0,1.0,0.0,1.0,0.36707678842393876,1.0178137456865355,1.061714592572845,340.7079318442097,1.6953408379319845,9.682012915261572,286.48093933139023,0.010044100306176772,0.0,0.19581395214305222,0.19500469107682686,0.2,4.0,9.960010487916126,0,train,SIMULATION_TRUTH_ONLY
d93d6ec5b9_216cec93_0_0,train_20261072,d93d6ec5b90edac7960a370b36673df9d1f8057839cfa2e1f7661347067023ed,216cec93185069d84716a438ab8318d56f818f9d2727dd3c1730cbe3a0983711,fred-features-2,count_rate,count / s,210.0,242.5,253.0,review_unscored,,complex_or_multi_peaked,multi_peak_single_component_fit,4.372534862687751,156.21140720340384,945.0627526882448,1.165292100190234,32.5,10.5,43.0,33.0,2900.699460874262,51.921188510634636,51.09787559371932,0.5643391739436925,-0.28601044302921963,40.20243271178337,9.103560962552951,16.0,3.0,1.0,1.0,1.0,1.0,0.0,1.0,0.43083007186773437,1.0137888092426395,1.0493595091940464,130.9779753133555,16.050803319424354,86.91381780713638,107.16889650780809,0.26212698533974044,0.0,0.08109664436430926,0.2269323684957727,0.046511627906976744,6.0,21.484669249147494,1,train,SIMULATION_TRUTH_ONLY
d93d6ec5b9_216cec93_0_1,train_20261072,d93d6ec5b90edac7960a370b36673df9d1f8057839cfa2e1f7661347067023ed,216cec93185069d84716a438ab8318d56f818f9d2727dd3c1730cbe3a0983711,fred-features-2,count_rate,count / s,417.0,417.5,419.0,review_unscored,,unresolved,no_improvement_over_linear_background;parameter_near_bound;right_censored,3.8352911789525597,137.01805723984796,953.8874922296405,1.1436417379994976,0.5,1.5,2.0,2.0,221.99708084241774,-52.03903363727818,52.03903363727818,,,4.254119241981512,2.1285679585721287,4.0,1.0,1.0,1.0,0.0,0.0,0.0,1.0,0.02773309195839324,0.986014572815662,0.9969004925714727,,,,,0.06610842605770617,1.0,0.23645016146335388,0.29481026368064217,0.041666666666666664,2.0,10.74106215345501,0,train,SIMULATION_TRUTH_ONLY
86a0b0683f_216cec93_0_0,train_20261074,86a0b0683f97e258dabe7795c9673159b59387b799e174d139206ace6c38222b,216cec93185069d84716a438ab8318d56f818f9d2727dd3c1730cbe3a0983711,fred-features-2,count_rate,count / s,365.0,366.5,367.0,review_unscored,,unresolved,correlated_residuals;timescale_unresolved,5.963252617020865,174.88863290160282,581.0536297189752,1.3009853548048347,1.5,0.5,2.0,2.0,329.1314941982861,20.64577160491956,-20.64577160491956,,,6.935267812037555,2.7634200557434125,4.0,1.0,1.0,1.0,0.0,1.0,0.0,1.0,0.23105939561192745,1.0225417375057992,1.0721294629348146,,,,,0.5987664180928319,0.0,0.38773684926336865,0.13815442360487426,0.25,2.0,5.886549607924291,0,train,SIMULATION_TRUTH_ONLY
86a0b0683f_216cec93_0_1,train_20261074,86a0b0683f97e258dabe7795c9673159b59387b799e174d139206ace6c38222b,216cec93185069d84716a438ab8318d56f818f9d2727dd3c1730cbe3a0983711,fred-features-2,count_rate,count / s,646.0,658.5,663.0,review_unscored,,unresolved,correlated_residuals;parameter_near_bound,14.36655676143562,421.33842600248215,600.6953550496597,1.7014178192998513,12.5,4.5,17.0,15.0,5560.802294966231,141.3904984557438,138.18727416455715,-1.5034177300492635,1.8903075300373482,210.77542377798048,16.43055568018421,16.0,1.0,1.0,1.0,1.0,1.0,0.0,1.0,0.8378511201999745,1.3046983474107958,1.7423848951359067,,,,,0.6684657653453543,0.0,0.07656672352888244,0.06476610960084246,0.5294117647058824,17.0,14.94331153678683,0,train,SIMULATION_TRUTH_ONLY
7c60c4456d_216cec93_0_0,train_20261075,7c60c4456d498238fc38d70f91d334c8d8105822b08be4ee9475cec4f60a6ba4,216cec93185069d84716a438ab8318d56f818f9d2727dd3c1730cbe3a0983711,fred-features-2,count_rate,count / s,239.0,253.5,263.0,review_unscored,,unresolved,correlated_residuals;parameter_near_bound,11.31143933702913,399.21753601051194,804.0340469619533,1.4965181978536324,14.5,9.5,24.0,14.0,5395.020809466972,54.252727249477914,64.30280351704477,0.08890601306477561,-1.404934186925578,173.37129422918804,16.63313790208913,16.0,1.0,1.0,1.0,1.0,1.0,0.0,1.0,0.743309704583138,1.206574250266928,1.489059353402798,,,,,0.5243197864765555,0.0,0.07889278803928755,0.08730567276711557,0.21739130434782608,22.0,15.149804183481606,1,train,SIMULATION_TRUTH_ONLY
7c60c4456d_216cec93_0_1,train_20261075,7c60c4456d498238fc38d70f91d334c8d8105822b08be4ee9475cec4f60a6ba4,216cec93185069d84716a438ab8318d56f818f9d2727dd3c1730cbe3a0983711,fred-features-2,count_rate,count / s,466.0,468.5,469.0,review_unscored,,unresolved,parameter_near_bound;timescale_unresolved,13.469512551604062,475.38296868295265,799.0291461816175,1.594950723580863,2.5,0.5,3.0,2.0,1009.9839930078008,372.79059193294506,-21.68716055405605,,,78.3522391985534,9.810760953091506,4.0,1.0,1.0,1.0,1.0,1.0,0.0,1.0,0.6710060897622852,0.9102337633227789,0.8494478651021619,,,,,0.09281189018116687,0.0,0.4303041847533412,0.07903063656725172,1.0,3.0,3.9354535234144605,0,train,SIMULATION_TRUTH_ONLY
d4b4935204_216cec93_0_0,train_20261076,d4b49352048ab53a711994dc924e3cad169383505861127660d832017f2fee69,216cec93185069d84716a438ab8318d56f818f9d2727dd3c1730cbe3a0983711,fred-features-2,count_rate,count / s,228.0,236.5,265.0,review_unscored,,complex_or_multi_peaked,multi_peak_single_component_fit,4.679103930220466,209.20041491950064,1357.3154433877148,1.1541280738671613,8.5,28.5,37.0,30.0,3189.5613402247263,90.78568794373973,85.29073686143465,0.21236938415865184,-0.04163143794632296,43.90585920124333,10.759721338835647,64.0,5.0,1.0,1.0,1.0,1.0,0.0,1.0,0.4003826744957518,1.013663102642336,1.0498501223032366,339.7814833503242,11.535033456474272,64.957619122139,138.03369426632452,0.13632612689188378,0.0,0.0842460342743734,0.25292044351290693,0.027777777777777776,4.0,19.30137516470477,1,train,SIMULATION_TRUTH_ONLY
d4b4935204_216cec93_0_1,train_20261076,d4b49352048ab53a711994dc924e3cad169383505861127660d832017f2fee69,216cec93185069d84716a438ab8318d56f818f9d2727dd3c1730cbe3a0983711,fred-features-2,count_rate,count / s,269.0,269.5,270.0,review_unscored,,unresolved,insufficient_event_bins;single_bin_candidate,2.0651696489505,92.3327102544713,1360.507925218377,1.0678663523695762,0.5,0.5,1.0,1.0,92.3327102544713,,,,,70.07478457139702,8.37106830526409,64.0,1.0,1.0,0.0,1.0,0.0,0.0,0.0,,,,,,,,,,0.08998017772558993,0.22694540313405806,0.030303030303030304,4.0,17.19487472487833,0,train,SIMULATION_TRUTH_ONLY
d4b4935204_216cec93_0_2,train_20261076,d4b49352048ab53a711994dc924e3cad169383505861127660d832017f2fee69,216cec93185069d84716a438ab8318d56f818f9d2727dd3c1730cbe3a0983711,fred-features-2,count_rate,count / s,284.0,284.5,285.0,review_unscored,,unresolved,insufficient_event_bins;single_bin_candidate,1.927175833388593,86.16307523409341,1361.71493053524,1.0632754134525249,0.5,0.5,1.0,1.0,86.16307523409341,,,,,19.342951014642942,4.398062188582938,64.0,1.0,1.0,0.0,1.0,0.0,0.0,0.0,,,,,,,,,,0.08986469453165565,0.2734852992020081,0.20689655172413793,4.0,17.35251181856216,0,train,SIMULATION_TRUTH_ONLY
8c86ba6731_216cec93_0_0,train_20261077,8c86ba6731169f46987ee7c85d847983b51f3e77fb5ae1effe0d2ecb5cf73dae,216cec93185069d84716a438ab8318d56f818f9d2727dd3c1730cbe3a0983711,fred-features-2,count_rate,count / s,231.0,245.5,270.0,review_unscored,,complex_or_multi_peaked,multi_peak_single_component_fit;parameter_near_bound,8.010574118608318,246.61821792701699,570.9891705087678,1.431914002339612,14.5,24.5,39.0,18.0,4452.56718196315,73.59821587979218,63.12469755129462,0.04907063967571298,-0.971262034617161,172.4670842134121,16.994362371730354,16.0,4.0,1.0,1.0,1.0,1.0,0.0,1.0,0.6989215098381818,1.0575347579900929,1.142482776520034,,,,,0.061717355715489315,0.0,0.06326113371695105,0.14572898356181285,0.12903225806451613,24.0,19.87561391192116,1,train,SIMULATION_TRUTH_ONLY
8c86ba6731_216cec93_0_1,train_20261077,8c86ba6731169f46987ee7c85d847983b51f3e77fb5ae1effe0d2ecb5cf73dae,216cec93185069d84716a438ab8318d56f818f9d2727dd3c1730cbe3a0983711,fred-features-2,count_rate,count / s,276.0,276.5,277.0,review_unscored,,unresolved,insufficient_event_bins;single_bin_candidate,1.3429559431022882,41.34502677817079,572.7506735885935,1.0721867798410813,0.5,0.5,1.0,1.0,41.34502677817079,,,,,103.81066710487254,10.188751989565382,64.0,1.0,1.0,0.0,1.0,0.0,0.0,0.0,,,,,,,,,,0.06071151459586533,0.16045259073102341,0.11764705882352941,24.0,20.585318050504316,0,train,SIMULATION_TRUTH_ONLY
8c86ba6731_216cec93_0_2,train_20261077,8c86ba6731169f46987ee7c85d847983b51f3e77fb5ae1effe0d2ecb5cf73dae,216cec93185069d84716a438ab8318d56f818f9d2727dd3c1730cbe3a0983711,fred-features-2,count_rate,count / s,292.0,292.5,293.0,review_unscored,,unresolved,insufficient_event_bins;single_bin_candidate,2.418999575435822,74.47273511574917,573.7465748247533,1.1298007489430264,0.5,0.5,1.0,1.0,74.47273511574917,,,,,30.55812175641117,5.527940100653332,64.0,1.0,1.0,0.0,1.0,0.0,0.0,0.0,,,,,,,,,,0.09490389748746667,0.17829852070056396,0.2,13.0,14.350566493240546,0,train,SIMULATION_TRUTH_ONLY
8c86ba6731_216cec93_0_3,train_20261077,8c86ba6731169f46987ee7c85d847983b51f3e77fb5ae1effe0d2ecb5cf73dae,216cec93185069d84716a438ab8318d56f818f9d2727dd3c1730cbe3a0983711,fred-features-2,count_rate,count / s,806.0,806.5,809.0,review_unscored,,unresolved,timescale_unresolved,5.430766294901122,167.19474606887547,547.9952287389609,1.3051025580161013,0.5,2.5,3.0,3.0,438.8100515717771,-9.188223586079744,26.7929815243848,,,24.479811023611465,5.416209869801952,4.0,1.0,1.0,1.0,1.0,1.0,0.0,1.0,0.27380576862229955,0.9270675136202208,0.8821910577414589,,,,,0.009745581186940723,0.0,0.26016209124662604,0.21439219683967173,0.16666666666666666,3.0,8.444113188432768,0,train,SIMULATION_TRUTH_ONLY
de1649852d_216cec93_0_0,train_20261078,de1649852df9d8fe2135e4a694fcd7473330560102c792d776da63490809084d,216cec93185069d84716a438ab8318d56f818f9d2727dd3c1730cbe3a0983711,fred-features-2,count_rate,count / s,230.0,240.5,288.0,review_unscored,,complex_or_multi_peaked,multi_peak_single_component_fit;parameter_near_bound,10.962549188215123,482.51197121617474,1323.3003856074877,1.3646276963749753,10.5,47.5,58.0,31.0,14935.507954197066,114.27282263362463,87.8522814498682,0.011566475554226966,-1.35046770852572,551.9131064004835,37.89529356416444,16.0,3.0,1.0,1.0,1.0,1.0,0.0,1.0,0.8750889331711241,1.0788498669721882,1.187010627439438,,,,,0.14700148778751845,0.0,0.03535440664066486,0.09918430947794309,0.28,48.0,31.491915217214355,1,train,SIMULATION_TRUTH_ONLY
de1649852d_216cec93_0_1,train_20261078,de1649852df9d8fe2135e4a694fcd7473330560102c792d776da63490809084d,216cec93185069d84716a438ab8318d56f818f9d2727dd3c1730cbe3a0983711,fred-features-2,count_rate,count / s,293.0,293.5,294.0,review_unscored,,unresolved,insufficient_event_bins;single_bin_candidate,1.329903992398338,58.53516238633733,1329.0064527663887,1.0440443026175634,0.5,0.5,1.0,1.0,58.53516238633733,,,,,63.409908952633536,7.963033903772703,64.0,1.0,1.0,0.0,1.0,0.0,0.0,0.0,,,,,,,,,,0.05710535838110843,0.10869416697349778,0.12121212121212122,30.0,20.653978895932962,0,train,SIMULATION_TRUTH_ONLY
0b244ead7b_216cec93_0_0,train_20261079,0b244ead7b3f89144ec809f81f74ef39ffa715bd7306e9071ac6cd985c7a075b,216cec93185069d84716a438ab8318d56f818f9d2727dd3c1730cbe3a0983711,fred-features-2,count_rate,count / s,534.0,537.5,543.0,review_unscored,,unresolved,correlated_residuals;parameter_near_bound,4.215079601941901,170.2304856319538,1096.3141931796515,1.1552752729928932,3.5,5.5,9.0,4.0,779.2938012880134,58.3955162003698,36.78641221226417,1.2891134467088587,2.04349715287374,7.933752433006761,3.9920706983153473,4.0,1.0,1.0,1.0,0.0,1.0,0.0,1.0,0.18703480342038026,0.9303560740925736,0.8867771899097928,,,,,0.4899962380561418,0.0,0.1641525955573645,0.1831356058126902,0.043478260869565216,4.0,11.791721013951326,0,train,SIMULATION_TRUTH_ONLY
51f1976549_216cec93_0_0,train_20261080,51f197654970878059dd726a6845aa5f4640bdb44b540c57a19a206f1bce768b,216cec93185069d84716a438ab8318d56f818f9d2727dd3c1730cbe3a0983711,fred-features-2,count_rate,count / s,121.0,125.5,143.0,review_unscored,,complex_or_multi_peaked,correlated_residuals;multi_peak_single_component_fit;parameter_near_bound,11.802385983455858,417.9517877935979,872.1560260927466,1.4792167631587885,4.5,17.5,22.0,19.0,7289.448012286879,140.15745924192152,128.8440534835325,-1.7715176282269929,2.38495201688103,152.14886026497,14.836469929024615,16.0,2.0,1.0,1.0,1.0,1.0,0.0,1.0,0.8359927631308128,1.252564266441795,1.6050674084232508,,,,,0.5914235128402349,0.0,0.05749627449449216,0.08258696007277845,0.8095238095238095,21.0,19.439956945683917,0,train,SIMULATION_TRUTH_ONLY
51f1976549_216cec93_0_1,train_20261080,51f197654970878059dd726a6845aa5f4640bdb44b540c57a19a206f1bce768b,216cec93185069d84716a438ab8318d56f818f9d2727dd3c1730cbe3a0983711,fred-features-2,count_rate,count / s,377.0,377.5,380.0,review_unscored,,unresolved,correlated_residuals;ill_conditioned_fit;parameter_near_bound;timescale_unresolved,8.388882676068238,297.0711614556793,874.565806087348,1.3396784545976281,0.5,2.5,3.0,3.0,812.7810681109477,-20.09149228966851,29.170461983210885,,,18.369648445523847,4.661125333865433,4.0,1.0,1.0,1.0,1.0,1.0,0.0,1.0,0.3984255774457477,1.0875310205363014,1.2125904812506665,,,,,0.4711464091036001,0.0,0.27999852966522554,0.11510680073877398,0.42857142857142855,3.0,6.472246882064933,0,train,SIMULATION_TRUTH_ONLY
c1d64ff5e6_216cec93_0_0,train_20261081,c1d64ff5e622f6890f938ec7f3c1015eca8a3d06aa9cb12f7eb6e40a5b3c1862,216cec93185069d84716a438ab8318d56f818f9d2727dd3c1730cbe3a0983711,fred-features-2,count_rate,count / s,294.0,296.5,319.0,review_unscored,,complex_or_multi_peaked,multi_peak_single_component_fit;parameter_near_bound,4.356150599895871,136.26224730769343,684.1161594077831,1.1991799863719799,2.5,22.5,25.0,22.0,1363.3111883972501,46.67333322638615,37.77610718235013,-0.20198812280108305,-0.21092753443854173,21.290871919868934,5.341164990327349,16.0,4.0,1.0,1.0,1.0,1.0,0.0,1.0,0.22856706327451926,1.0934093803968081,1.2227155293474536,,,,,0.17496582547535888,0.0,0.11534457302775727,0.27819074476053945,0.1,6.0,15.955281099527195,1,train,SIMULATION_TRUTH_ONLY
c1d64ff5e6_216cec93_0_1,train_20261081,c1d64ff5e622f6890f938ec7f3c1015eca8a3d06aa9cb12f7eb6e40a5b3c1862,216cec93185069d84716a438ab8318d56f818f9d2727dd3c1730cbe3a0983711,fred-features-2,count_rate,count / s,742.0,748.5,750.0,review_unscored,,unresolved,parameter_near_bound,9.269543745740322,289.9552789432356,585.4286905858309,1.495287100898798,6.5,1.5,8.0,6.0,1589.2064104630635,113.2680580963364,55.2762292424444,-1.3156967559216994,0.3111768393054519,168.19304280991378,17.654765006993802,4.0,1.0,1.0,1.0,1.0,1.0,0.0,1.0,0.5540635480685396,1.148039702937483,1.3514468133157278,,,,,0.13731689587055776,0.0,0.1579721120209672,0.1483924672014611,0.45454545454545453,6.0,9.284195658900568,0,train,SIMULATION_TRUTH_ONLY
c1d64ff5e6_216cec93_0_2,train_20261081,c1d64ff5e622f6890f938ec7f3c1015eca8a3d06aa9cb12f7eb6e40a5b3c1862,216cec93185069d84716a438ab8318d56f818f9d2727dd3c1730cbe3a0983711,fred-features-2,count_rate,count / s,756.0,756.5,760.0,review_unscored,,unresolved,no_improvement_over_linear_background;parameter_near_bound;timescale_unresolved,1.7981708946940682,56.2475519464723,584.8871152804293,1.0961682185792447,0.5,3.5,4.0,4.0,93.34091479392464,93.26828577120784,52.85014647087911,-1.9035225221071872,3.7169484589333557,15.37726792927786,4.8697041181272995,16.0,1.0,1.0,0.0,1.0,0.0,0.0,1.0,0.023166287391981677,1.0508882012917395,1.1335820436674735,,,,,0.06287123781812663,0.0,0.1619143978059751,0.14800032222357357,0.45454545454545453,6.0,8.775012852659584,0,train,SIMULATION_TRUTH_ONLY
c1d64ff5e6_216cec93_0_3,train_20261081,c1d64ff5e622f6890f938ec7f3c1015eca8a3d06aa9cb12f7eb6e40a5b3c1862,216cec93185069d84716a438ab8318d56f818f9d2727dd3c1730cbe3a0983711,fred-features-2,count_rate,count / s,806.0,807.5,808.0,review_unscored,,unresolved,parameter_near_bound;timescale_unresolved,12.830648301833259,401.34814716098936,582.7141935799202,1.688756429108576,1.5,0.5,2.0,2.0,758.6648248918003,44.03146943017839,-44.03146943017839,,,82.83173200744612,9.516222161503343,4.0,1.0,1.0,1.0,1.0,1.0,0.0,1.0,0.6073485086588426,1.0229614162664051,1.076010795304509,,,,,0.051404046355512066,0.0,0.3604212983077579,0.11149466478798577,1.0,2.0,5.158578271839832,0,train,SIMULATION_TRUTH_ONLY
02f1e860ae_216cec93_0_0,train_20261082,02f1e860ae0dfe1bbaa422c93f34459a7bfde92dcf9273dff5101855629b8918,216cec93185069d84716a438ab8318d56f818f9d2727dd3c1730cbe3a0983711,fred-features-2,count_rate,count / s,271.0,275.5,280.0,review_unscored,,unresolved,parameter_near_bound,3.433365365556075,121.58399112639461,878.8865569093114,1.1383386629031582,4.5,4.5,9.0,8.0,777.1914166684735,43.691756878100705,20.88634395294963,-0.04136124178368832,-0.8621059182378965,28.841428225723988,6.678851399090158,4.0,1.0,1.0,0.0,1.0,1.0,0.0,1.0,0.18557215255532122,1.0308368106390768,1.088669249045223,,,,,0.11139776211614501,0.0,0.1383848131340784,0.3200355581726368,0.10714285714285714,5.0,15.088465318619527,1,train,SIMULATION_TRUTH_ONLY
1f245f64be_216cec93_0_0,train_20261083,1f245f64beb99f0e5a8cd2b4fc7e90a11644cc6aa1abbd14efa1f434e2857aa4,216cec93185069d84716a438ab8318d56f818f9d2727dd3c1730cbe3a0983711,fred-features-2,count_rate,count / s,259.0,259.5,260.0,review_unscored,,unresolved,insufficient_event_bins;single_bin_candidate,1.438453106895354,93.41121622823312,2300.5166692356966,1.0406044509380874,0.5,0.5,1.0,1.0,93.41121622823312,,,,,30.818167366339996,5.551411295007783,64.0,1.0,1.0,0.0,1.0,0.0,0.0,0.0,,,,,,,,,,0.06463528229793401,0.13119759723959099,0.32,23.0,18.577271024546544,0,train,SIMULATION_TRUTH_ONLY
1f245f64be_216cec93_0_1,train_20261083,1f245f64beb99f0e5a8cd2b4fc7e90a11644cc6aa1abbd14efa1f434e2857aa4,216cec93185069d84716a438ab8318d56f818f9d2727dd3c1730cbe3a0983711,fred-features-2,count_rate,count / s,266.0,277.5,297.0,review_unscored,,complex_or_multi_peaked,multi_peak_single_component_fit;parameter_near_bound,9.405318308264905,610.7687612319273,2300.2135564540754,1.2655269809701784,11.5,19.5,31.0,18.0,9936.8706438949,121.08100226768147,175.64191572626532,-0.04922428111115252,-1.3167283558090777,187.73626584601396,18.583186360381564,16.0,4.0,1.0,1.0,1.0,1.0,0.0,1.0,0.7696812937443297,1.0648319190911946,1.1591765475206919,,,,,0.18829820863060273,0.0,0.06482942932581715,0.1196598043232933,0.32,23.0,18.41808552388687,1,train,SIMULATION_TRUTH_ONLY
1f245f64be_216cec93_0_2,train_20261083,1f245f64beb99f0e5a8cd2b4fc7e90a11644cc6aa1abbd14efa1f434e2857aa4,216cec93185069d84716a438ab8318d56f818f9d2727dd3c1730cbe3a0983711,fred-features-2,count_rate,count / s,300.0,300.5,301.0,review_unscored,,unresolved,insufficient_event_bins;single_bin_candidate,1.6548863004020191,107.46609764265304,2300.1282937055516,1.0467217841442762,0.5,0.5,1.0,1.0,107.46609764265304,,,,,37.16161206897247,6.096032485885591,64.0,1.0,1.0,0.0,1.0,0.0,0.0,0.0,,,,,,,,,,0.0645500173427905,0.11533630979606359,0.32,23.0,18.667449394817627,0,train,SIMULATION_TRUTH_ONLY
b0a5b5efa0_216cec93_0_0,train_20261084,b0a5b5efa00511e1fbc7f6b8d623d75393209c3f367edd5e5356627924879962,216cec93185069d84716a438ab8318d56f818f9d2727dd3c1730cbe3a0983711,fred-features-2,count_rate,count / s,0.0,2.5,5.0,review_unscored,,unresolved,correlated_residuals;event_at_segment_boundary;no_improvement_over_linear_background;timescale_unresolved,2.866611707349374,95.15071939939969,823.1425214403176,1.1155944650179255,2.5,2.5,5.0,3.0,327.6371692290111,39.895154499167234,27.143874858754316,-0.06544202987424654,-1.866079829673673,0.0,0.0,,1.0,1.0,0.0,0.0,1.0,1.0,1.0,0.08192917146795342,1.0797189352095546,1.2240826280025576,,,,,0.6144613663728287,0.0,0.2890732281736885,0.2814163389904298,0.14285714285714285,3.0,7.627596547108197,0,train,SIMULATION_TRUTH_ONLY
b0a5b5efa0_216cec93_0_1,train_20261084,b0a5b5efa00511e1fbc7f6b8d623d75393209c3f367edd5e5356627924879962,216cec93185069d84716a438ab8318d56f818f9d2727dd3c1730cbe3a0983711,fred-features-2,count_rate,count / s,108.0,111.5,134.0,review_unscored,,complex_or_multi_peaked,correlated_residuals;multi_peak_single_component_fit,8.386423198277143,278.36843003817046,850.025875910654,1.327482301335765,3.5,22.5,26.0,7.0,2276.9396402382044,143.82481120275838,87.94118979377106,1.001787628619771,-0.5220660573196771,15.946472907004418,8.417324222354809,4.0,2.0,1.0,1.0,1.0,1.0,0.0,1.0,0.5867086393014971,1.0463812467176377,1.1196855169548086,,,,,0.5157665143144117,0.0,0.13145730508756834,0.11773387374754556,0.29411764705882354,8.0,12.070613462552293,0,train,SIMULATION_TRUTH_ONLY
b0a5b5efa0_216cec93_0_2,train_20261084,b0a5b5efa00511e1fbc7f6b8d623d75393209c3f367edd5e5356627924879962,216cec93185069d84716a438ab8318d56f818f9d2727dd3c1730cbe3a0983711,fred-features-2,count_rate,count / s,297.0,297.5,298.0,review_unscored,,unresolved,insufficient_event_bins;single_bin_candidate,1.3833381852218065,45.91679548334196,834.8663522902735,1.0549989772103994,0.5,0.5,1.0,1.0,45.91679548334196,,,,,16.120183201753033,4.014994794735484,64.0,1.0,1.0,0.0,1.0,0.0,0.0,0.0,,,,,,,,,,0.0701794084489421,0.18065397287871013,0.1935483870967742,18.0,19.690141982182094,0,train,SIMULATION_TRUTH_ONLY
b0a5b5efa0_216cec93_0_3,train_20261084,b0a5b5efa00511e1fbc7f6b8d623d75393209c3f367edd5e5356627924879962,216cec93185069d84716a438ab8318d56f818f9d2727dd3c1730cbe3a0983711,fred-features-2,count_rate,count / s,304.0,320.5,327.0,review_unscored,,unresolved,correlated_residuals;parameter_near_bound,4.713164510524397,156.44288086675942,828.0834104875095,1.1889216459180825,16.5,6.5,23.0,20.0,2377.671568262576,37.15244254851547,22.56450271865549,0.07006934760000767,-0.9824297249119982,20.73246985267244,4.741860774760188,16.0,1.0,1.0,1.0,1.0,1.0,0.0,1.0,0.4014673672908531,1.213979638293157,1.508341551913164,,,,,0.6178794878109262,0.0,0.07038212219343812,0.17224322343262086,0.1875,18.0,19.58158076270066,1,train,SIMULATION_TRUTH_ONLY
b0a5b5efa0_216cec93_0_4,train_20261084,b0a5b5efa00511e1fbc7f6b8d623d75393209c3f367edd5e5356627924879962,216cec93185069d84716a438ab8318d56f818f9d2727dd3c1730cbe3a0983711,fred-features-2,count_rate,count / s,331.0,333.5,335.0,review_unscored,,unresolved,correlated_residuals;no_improvement_over_linear_background,2.748275194363643,91.22280537011522,824.0120304098001,1.1107056717664037,2.5,1.5,4.0,4.0,218.92996888577272,18.431828676154055,41.51327659439028,0.5689787241155518,1.547285311288869,16.344279011955567,4.1337571745864805,64.0,1.0,1.0,0.0,1.0,0.0,0.0,1.0,0.04164815126581689,1.2201371099898968,1.5312698405223404,,,,,0.5913409598770994,0.0,0.07036908154243236,0.1780541425841979,0.18181818181818182,18.0,19.92208927731359,0,train,SIMULATION_TRUTH_ONLY
b0a5b5efa0_216cec93_0_5,train_20261084,b0a5b5efa00511e1fbc7f6b8d623d75393209c3f367edd5e5356627924879962,216cec93185069d84716a438ab8318d56f818f9d2727dd3c1730cbe3a0983711,fred-features-2,count_rate,count / s,626.0,626.5,629.0,review_unscored,,unresolved,correlated_residuals,5.84944447367627,194.15913509673874,772.3587420213693,1.251384653960927,0.5,2.5,3.0,3.0,471.70553546832207,14.495011848334798,62.63344083511447,,,14.354308663073004,3.9807133033136988,4.0,1.0,1.0,1.0,0.0,1.0,0.0,1.0,0.22990893284299607,1.0568350274428666,1.1451048276349665,,,,,0.6005223278134426,0.0,0.35582094779734197,0.13909472717777444,0.1,3.0,6.1190102197371425,0,train,SIMULATION_TRUTH_ONLY
319eb9c0dc_216cec93_0_0,train_20261086,319eb9c0dc59ec632d0914d50978b85a16e017cc85f5d163dcd5e85f81b78d86,216cec93185069d84716a438ab8318d56f818f9d2727dd3c1730cbe3a0983711,fred-features-2,count_rate,count / s,122.0,123.5,125.0,review_unscored,,unresolved,timescale_unresolved,8.12371599881015,236.22815917659568,601.6172417209361,1.3926552345821424,1.5,1.5,3.0,2.0,540.1754183588652,162.92154340049376,5.587515770428126,,,36.45917303995447,6.911740637363483,4.0,1.0,1.0,1.0,1.0,1.0,0.0,1.0,0.3497805867092981,1.0959322970266545,1.2349960629335235,,,,,-0.12556478557708722,0.0,0.31322947997481715,0.18392412881791279,0.25,3.0,6.754548432692771,0,train,SIMULATION_TRUTH_ONLY
319eb9c0dc_216cec93_0_1,train_20261086,319eb9c0dc59ec632d0914d50978b85a16e017cc85f5d163dcd5e85f81b78d86,216cec93185069d84716a438ab8318d56f818f9d2727dd3c1730cbe3a0983711,fred-features-2,count_rate,count / s,204.0,220.5,225.0,review_unscored,,unresolved,correlated_residuals;parameter_near_bound,10.14445279094388,294.98882149616554,598.5429264176624,1.492844887937616,16.5,4.5,21.0,21.0,5289.560278595992,37.433898130378964,35.10564855917596,-0.09447027963699652,-1.113815905758641,491.8266986019922,26.328171469722452,16.0,1.0,1.0,1.0,1.0,1.0,0.0,1.0,0.7616376042962938,1.3577954888903743,1.8868857865912156,,,,,0.3373685628604608,0.0,0.054740265844889564,0.117962221949866,0.6363636363636364,21.0,20.797328888435043,0,train,SIMULATION_TRUTH_ONLY
313a44e8a0_216cec93_0_0,train_20261087,313a44e8a0a1ec736c9ddd22560c3287a4e8af934eb3a80083607bdebffa7795,216cec93185069d84716a438ab8318d56f818f9d2727dd3c1730cbe3a0983711,fred-features-2,count_rate,count / s,103.0,104.5,105.0,review_unscored,,unresolved,parameter_near_bound,8.91068704296033,300.79213461412155,807.4606326149474,1.3725161604969043,1.5,0.5,2.0,1.0,346.7353990580099,254.84887017023323,-254.84887017023323,,,6.0397999454528755,2.4808142296681694,16.0,1.0,1.0,1.0,0.0,1.0,0.0,1.0,0.10269669646111057,1.1550324953048656,1.3707511659027718,,,,,-0.006421144261931737,0.0,0.4841532267966899,0.1419910771986648,0.3333333333333333,1.0,5.06905087503233,0,train,SIMULATION_TRUTH_ONLY
313a44e8a0_216cec93_0_1,train_20261087,313a44e8a0a1ec736c9ddd22560c3287a4e8af934eb3a80083607bdebffa7795,216cec93185069d84716a438ab8318d56f818f9d2727dd3c1730cbe3a0983711,fred-features-2,count_rate,count / s,190.0,221.5,239.0,review_unscored,,complex_or_multi_peaked,correlated_residuals;multi_peak_single_component_fit;parameter_near_bound,8.587289979958994,289.8754351004786,799.7938113087034,1.3624377070712201,31.5,17.5,49.0,32.0,7126.082303357199,59.05860613271693,65.7422596716682,0.11095067852342937,-1.1533436766837424,75.4658074763199,14.024376419578944,16.0,3.0,1.0,1.0,1.0,1.0,0.0,1.0,0.6548847992010538,1.3532784002603877,1.8692004953181593,,,,,0.5334802011636648,0.0,0.04610437233625707,0.1319508214357334,0.25,36.0,25.82931458037769,1,train,SIMULATION_TRUTH_ONLY
313a44e8a0_216cec93_0_2,train_20261087,313a44e8a0a1ec736c9ddd22560c3287a4e8af934eb3a80083607bdebffa7795,216cec93185069d84716a438ab8318d56f818f9d2727dd3c1730cbe3a0983711,fred-features-2,count_rate,count / s,568.0,571.5,576.0,review_unscored,,unresolved,parameter_near_bound,8.748623092135894,295.3214496402853,760.9364961026225,1.3881026224302129,3.5,4.5,8.0,7.0,1839.7297731682527,149.41812390291386,85.61154915442364,-1.855357389027987,3.7080724907203715,123.78243844546623,14.652317262317414,4.0,1.0,1.0,1.0,1.0,1.0,0.0,1.0,0.5905161694179243,1.0968590899579163,1.232732864780532,,,,,0.2647907640812089,0.0,0.14990737172802696,0.12076515269633988,0.5555555555555556,7.0,9.579506394625403,0,train,SIMULATION_TRUTH_ONLY
0e17e4bfbe_216cec93_0_0,train_20261088,0e17e4bfbef1ea471656ec90ba856c5f77af51b54f2dab607a8a41de672b3845,216cec93185069d84716a438ab8318d56f818f9d2727dd3c1730cbe3a0983711,fred-features-2,count_rate,count / s,304.0,310.5,328.0,review_unscored,,complex_or_multi_peaked,multi_peak_single_component_fit,6.541962121761363,380.76032283515315,2350.695681767765,1.161977718250971,6.5,17.5,24.0,20.0,5544.727949220483,224.3240448518236,75.43333279819922,-0.2608741804474257,-0.8554201029552173,73.08161241192586,10.447674955986649,16.0,3.0,1.0,1.0,1.0,1.0,0.0,1.0,0.6350908854189439,1.0100192674466273,1.0435366022788664,3.8297238821050628,12.99582208899026,47.8592158716558,351.9287004187745,0.19858323499526326,0.0,0.07052059236809162,0.17143931256019798,0.21875,15.0,18.428447607200766,1,train,SIMULATION_TRUTH_ONLY
0e17e4bfbe_216cec93_0_1,train_20261088,0e17e4bfbef1ea471656ec90ba856c5f77af51b54f2dab607a8a41de672b3845,216cec93185069d84716a438ab8318d56f818f9d2727dd3c1730cbe3a0983711,fred-features-2,count_rate,count / s,427.0,428.5,429.0,review_unscored,,unresolved,parameter_near_bound;timescale_unresolved,11.20862306592203,652.372920797186,2369.4853648770777,1.2753226208810238,1.5,0.5,2.0,1.0,732.8196140787013,571.9262275156707,-571.9262275156707,,,8.164041291906836,3.3376375250958317,4.0,1.0,1.0,1.0,0.0,1.0,0.0,1.0,0.3998450239880479,0.9808444739908029,0.9868511368530959,,,,,0.2703674334231002,0.0,0.44342196885852103,0.1112418086619866,0.5,1.0,5.353266622575552,0,train,SIMULATION_TRUTH_ONLY
0e17e4bfbe_216cec93_0_2,train_20261088,0e17e4bfbef1ea471656ec90ba856c5f77af51b54f2dab607a8a41de672b3845,216cec93185069d84716a438ab8318d56f818f9d2727dd3c1730cbe3a0983711,fred-features-2,count_rate,count / s,448.0,448.5,450.0,review_unscored,,unresolved,no_improvement_over_linear_background;parameter_near_bound;timescale_unresolved,3.5522544181707754,206.75105020191404,2367.12282904169,1.0873427638250674,0.5,1.5,2.0,1.0,296.32845444220493,-117.17364596162315,117.17364596162315,,,3.3128465854520996,2.064447041362517,4.0,1.0,1.0,1.0,0.0,0.0,0.0,1.0,0.08329236533098028,0.9885902063752937,1.0023698421960472,,,,,0.2614307000878346,0.0,0.48963247797432957,0.10847173636414129,0.5,1.0,5.156672335503177,0,train,SIMULATION_TRUTH_ONLY
0e17e4bfbe_216cec93_0_3,train_20261088,0e17e4bfbef1ea471656ec90ba856c5f77af51b54f2dab607a8a41de672b3845,216cec93185069d84716a438ab8318d56f818f9d2727dd3c1730cbe3a0983711,fred-features-2,count_rate,count / s,566.0,580.5,584.0,review_unscored,,unresolved,correlated_residuals;parameter_near_bound,10.22168981662747,594.9306709608377,2322.1057335101964,1.2562030928977186,14.5,3.5,18.0,18.0,8291.689634032964,62.45575569697098,86.9635191178179,-0.1529394024968586,0.5022864752040359,212.6438320515408,16.59059656733577,16.0,1.0,1.0,1.0,1.0,1.0,0.0,1.0,0.6693511747594194,1.402734793558014,2.0138542179844947,,,,,0.5211138579860691,0.0,0.07162242936593266,0.11274889379669492,0.35,18.0,16.447404900840873,0,train,SIMULATION_TRUTH_ONLY
0e17e4bfbe_216cec93_0_4,train_20261088,0e17e4bfbef1ea471656ec90ba856c5f77af51b54f2dab607a8a41de672b3845,216cec93185069d84716a438ab8318d56f818f9d2727dd3c1730cbe3a0983711,fred-features-2,count_rate,count / s,806.0,806.5,807.0,review_unscored,,unresolved,insufficient_event_bins;single_bin_candidate,8.933215116042975,519.9378731078,2278.1180901393514,1.2282313087097234,0.5,0.5,1.0,1.0,519.9378731078,,,,,9.053041196898253,3.0088272128685376,4.0,1.0,1.0,1.0,0.0,1.0,0.0,0.0,,,,,,,,,,0.6370599406987382,0.12272212502268094,0.5,1.0,4.276077354400438,0,train,SIMULATION_TRUTH_ONLY
9def407904_216cec93_0_0,train_20261089,9def407904c54191a200e6df1b9862d738ae18df876a0655c41c48764d723a1c,216cec93185069d84716a438ab8318d56f818f9d2727dd3c1730cbe3a0983711,fred-features-2,count_rate,count / s,114.0,115.5,118.0,review_unscored,,unresolved,correlated_residuals;timescale_unresolved,9.976901945499963,299.7972520986857,588.0534734430014,1.5098129092638448,1.5,2.5,4.0,3.0,844.2619855138666,254.9895731804255,30.186705827115134,-1.7063155715426828,3.144974887401034,51.63693567863587,8.008464365160167,4.0,1.0,1.0,1.0,1.0,1.0,0.0,1.0,0.49110880294952175,1.0617697616648814,1.1568669384818648,,,,,0.3183873514488164,0.0,0.2884875571392257,0.11529400031116696,0.4,3.0,6.050564497821193,0,train,SIMULATION_TRUTH_ONLY
9def407904_216cec93_0_1,train_20261089,9def407904c54191a200e6df1b9862d738ae18df876a0655c41c48764d723a1c,216cec93185069d84716a438ab8318d56f818f9d2727dd3c1730cbe3a0983711,fred-features-2,count_rate,count / s,210.0,213.5,232.0,review_unscored,,unresolved,correlated_residuals,6.091951189612226,183.05785067766772,592.9109378762108,1.3087442632334891,3.5,18.5,22.0,19.0,2528.1034374862757,47.04698607453378,28.634732044583075,0.4843922065099905,-0.9425577511584251,16.439289439448803,5.218960136844284,4.0,1.0,1.0,1.0,1.0,1.0,0.0,1.0,0.6133847263999697,0.9794772493231687,0.9818962378558047,,,,,0.37673287933277017,0.0,0.07533988689273335,0.15926623282020858,0.21428571428571427,22.0,18.099941550257544,1,train,SIMULATION_TRUTH_ONLY
9def407904_216cec93_0_2,train_20261089,9def407904c54191a200e6df1b9862d738ae18df876a0655c41c48764d723a1c,216cec93185069d84716a438ab8318d56f818f9d2727dd3c1730cbe3a0983711,fred-features-2,count_rate,count / s,540.0,540.5,543.0,review_unscored,,unresolved,correlated_residuals;timescale_unresolved,8.570418130572008,257.5336330774659,624.9117565160876,1.4121119988416093,0.5,2.5,3.0,3.0,683.0141930722402,-0.6609583799039456,44.46287389012673,,,29.412735613236496,5.754020193494741,4.0,1.0,1.0,1.0,1.0,1.0,0.0,1.0,0.4192294554145294,1.033828163412517,1.0957905874109817,,,,,0.4307356410406698,0.0,0.29194934808047596,0.11687639466218643,0.5,3.0,6.2309641819909105,0,train,SIMULATION_TRUTH_ONLY
9def407904_216cec93_0_3,train_20261089,9def407904c54191a200e6df1b9862d738ae18df876a0655c41c48764d723a1c,216cec93185069d84716a438ab8318d56f818f9d2727dd3c1730cbe3a0983711,fred-features-2,count_rate,count / s,696.0,712.5,719.0,review_unscored,,complex_or_multi_peaked,correlated_residuals;multi_peak_single_component_fit;parameter_near_bound,10.84711410662565,325.94637294536415,657.4013575779142,1.4958103131187002,16.5,6.5,23.0,18.0,5397.120530151966,71.96014595044221,59.52695989753812,-1.028138972366508,0.08753548958818191,60.619610539412434,9.585425207751259,16.0,2.0,1.0,1.0,1.0,1.0,0.0,1.0,0.8050740710949038,1.2362865278051496,1.5675942347000118,,,,,0.6555212652412726,0.0,0.06209974355829503,0.08682684561266413,0.5454545454545454,23.0,18.170641972351063,0,train,SIMULATION_TRUTH_ONLY
9def407904_216cec93_0_4,train_20261089,9def407904c54191a200e6df1b9862d738ae18df876a0655c41c48764d723a1c,216cec93185069d84716a438ab8318d56f818f9d2727dd3c1730cbe3a0983711,fred-features-2,count_rate,count / s,796.0,812.5,824.0,review_unscored,,complex_or_multi_peaked,correlated_residuals;multi_peak_single_component_fit;parameter_near_bound,2.440191383831365,73.32563509832835,662.3394360373602,1.1107070349563064,16.5,11.5,28.0,27.0,831.0669416489017,44.588304981864326,43.42756814497574,-0.30011092146854007,-0.21772523410386002,1.4949461107329516,1.5538148628467865,16.0,3.0,1.0,0.0,0.0,1.0,0.0,1.0,0.15310786011869082,0.9139164276857586,0.8589717378391799,,,,,0.3405392453963994,0.0,0.139767475293563,0.2890233700754391,0.10344827586206896,1.0,15.774912064715016,0,train,SIMULATION_TRUTH_ONLY
ba8d5c1503_216cec93_0_0,train_20261090,ba8d5c1503618b134ff42f16ff403ed3176ad2d383a13538291c0a8a2d082ef6,216cec93185069d84716a438ab8318d56f818f9d2727dd3c1730cbe3a0983711,fred-features-2,count_rate,count / s,193.0,220.5,238.0,review_unscored,,complex_or_multi_peaked,multi_peak_single_component_fit;parameter_near_bound,8.318661368762509,285.7191757268015,877.6591020384146,1.3255468724282606,27.5,17.5,45.0,20.0,5167.857599226728,54.92403874428089,66.08007410889354,0.2657185043391551,-0.7955044681129801,133.01566018214976,18.410336834949298,16.0,3.0,1.0,1.0,1.0,1.0,0.0,1.0,0.618122275853728,1.1828619350243081,1.4284335363530798,,,,,0.09520670879502142,0.0,0.06570803176932803,0.15880949030390235,0.058823529411764705,21.0,19.49737712191177,1,train,SIMULATION_TRUTH_ONLY
ba8d5c1503_216cec93_0_1,train_20261090,ba8d5c1503618b134ff42f16ff403ed3176ad2d383a13538291c0a8a2d082ef6,216cec93185069d84716a438ab8318d56f818f9d2727dd3c1730cbe3a0983711,fred-features-2,count_rate,count / s,258.0,258.5,259.0,review_unscored,,unresolved,insufficient_event_bins;single_bin_candidate,1.5950243392747983,54.783939299788585,882.3992863966666,1.062085203540341,0.5,0.5,1.0,1.0,54.783939299788585,,,,,29.094698798107455,5.393950203525006,64.0,1.0,1.0,0.0,1.0,0.0,0.0,0.0,,,,,,,,,,0.09266305054583476,0.14725954125509758,0.08333333333333333,14.0,13.953290777985975,0,train,SIMULATION_TRUTH_ONLY
4e6b917f52_216cec93_0_0,train_20261092,4e6b917f5269b85579d0bfc470f85236170569d4dcc56bfe9d21929762bafb12,216cec93185069d84716a438ab8318d56f818f9d2727dd3c1730cbe3a0983711,fred-features-2,count_rate,count / s,211.0,211.5,214.0,review_unscored,,unresolved,no_improvement_over_linear_background;timescale_unresolved,3.7107360911615386,106.2716402081304,519.6662047793642,1.2044998101295628,0.5,2.5,3.0,1.0,115.97521266313987,70.81446381523864,136.827085888245,,,0.7301048708487013,0.9936278765450115,4.0,1.0,1.0,1.0,0.0,0.0,0.0,1.0,0.05499166305215031,1.07765384338567,1.1906645184407723,,,,,0.15566948685950976,0.0,0.28329201069874305,0.29470184583726544,0.05555555555555555,1.0,9.198233128377552,0,train,SIMULATION_TRUTH_ONLY
4e6b917f52_216cec93_0_1,train_20261092,4e6b917f5269b85579d0bfc470f85236170569d4dcc56bfe9d21929762bafb12,216cec93185069d84716a438ab8318d56f818f9d2727dd3c1730cbe3a0983711,fred-features-2,count_rate,count / s,592.0,592.5,593.0,review_unscored,,unresolved,insufficient_event_bins;single_bin_candidate,1.9448453192502253,55.69835659294506,555.2578249770023,1.1003107999338,0.5,0.5,1.0,1.0,55.69835659294506,,,,,46.96331319342565,6.852978417697348,64.0,1.0,1.0,0.0,1.0,0.0,0.0,0.0,,,,,,,,,,0.057265581178287187,0.11597658926723395,0.5384615384615384,22.0,20.891702714877166,0,train,SIMULATION_TRUTH_ONLY
4e6b917f52_216cec93_0_2,train_20261092,4e6b917f5269b85579d0bfc470f85236170569d4dcc56bfe9d21929762bafb12,216cec93185069d84716a438ab8318d56f818f9d2727dd3c1730cbe3a0983711,fred-features-2,count_rate,count / s,601.0,613.5,624.0,review_unscored,,unresolved,parameter_near_bound,7.894407126603181,226.0876476268794,553.3917656959609,1.4085489912242284,12.5,10.5,23.0,20.0,3993.3705733818997,72.86367807780607,74.22168467901702,-1.5443185204991918,1.828550226521756,115.35099665099494,12.880210813912775,16.0,1.0,1.0,1.0,1.0,1.0,0.0,1.0,0.747521845716058,1.0796830255238492,1.192699589206286,,,,,0.29900365684119135,0.0,0.05695949341634131,0.11092932011184177,0.5185185185185185,22.0,21.319062017111907,0,train,SIMULATION_TRUTH_ONLY
4e6b917f52_216cec93_0_3,train_20261092,4e6b917f5269b85579d0bfc470f85236170569d4dcc56bfe9d21929762bafb12,216cec93185069d84716a438ab8318d56f818f9d2727dd3c1730cbe3a0983711,fred-features-2,count_rate,count / s,629.0,629.5,630.0,review_unscored,,unresolved,insufficient_event_bins;single_bin_candidate,1.7874521546179014,51.19077929504306,551.6607709985566,1.092793945094887,0.5,0.5,1.0,1.0,51.19077929504306,,,,,48.1664567768211,6.940205816603791,64.0,1.0,1.0,0.0,1.0,0.0,0.0,0.0,,,,,,,,,,0.05707026334092463,0.11628474012129207,0.5185185185185185,22.0,21.112186098739727,0,train,SIMULATION_TRUTH_ONLY
4e6b917f52_216cec93_0_4,train_20261092,4e6b917f5269b85579d0bfc470f85236170569d4dcc56bfe9d21929762bafb12,216cec93185069d84716a438ab8318d56f818f9d2727dd3c1730cbe3a0983711,fred-features-2,count_rate,count / s,795.0,798.5,800.0,review_unscored,,unresolved,timescale_unresolved,8.095068146292594,231.83437150169823,523.6112658639696,1.442760472540954,3.5,1.5,5.0,3.0,669.3046533191432,131.49011384794701,88.2011151199759,-0.8801365171536678,-1.457166093688464,25.749175024291617,6.250021874543534,4.0,1.0,1.0,1.0,1.0,1.0,0.0,1.0,0.3504839524139257,1.182691828113971,1.4337289592947553,,,,,0.18249921147945825,0.0,0.2468834829028152,0.15517034909607327,0.3333333333333333,3.0,7.780583140513543,0,train,SIMULATION_TRUTH_ONLY
d70e2e993f_216cec93_0_0,train_20261093,d70e2e993f341f2785440baacfe2bce0de3db7432d76c735dd3812c917a7c306,216cec93185069d84716a438ab8318d56f818f9d2727dd3c1730cbe3a0983711,fred-features-2,count_rate,count / s,181.0,201.5,239.0,review_unscored,,complex_or_multi_peaked,correlated_residuals;multi_peak_single_component_fit;parameter_near_bound,8.041399741724312,276.1961334936483,899.252143848201,1.3071398109897325,20.5,37.5,58.0,43.0,9173.03883319865,68.73671596494523,45.92337237962789,0.13772855794160627,-0.7535265964444902,47.32400339866055,10.493521347675271,16.0,3.0,1.0,1.0,1.0,1.0,0.0,1.0,0.7715925146605331,1.159614488086558,1.3712809736478433,,,,,0.3126812752943954,0.0,0.033265802834578584,0.12622049894261556,0.13793103448275862,52.0,34.91851319865548,1,train,SIMULATION_TRUTH_ONLY
d70e2e993f_216cec93_0_1,train_20261093,d70e2e993f341f2785440baacfe2bce0de3db7432d76c735dd3812c917a7c306,216cec93185069d84716a438ab8318d56f818f9d2727dd3c1730cbe3a0983711,fred-features-2,count_rate,count / s,356.0,363.5,365.0,review_unscored,,unresolved,parameter_near_bound,12.557424541986773,431.3070132727024,880.0431295412815,1.4900975858961814,7.5,1.5,9.0,9.0,3382.3184033426633,40.949159057586826,51.52104019138301,1.2558417201269918,2.431986994674725,231.67759366708637,19.30085673794393,4.0,1.0,1.0,1.0,1.0,1.0,0.0,1.0,0.7076367736785598,1.3154544384749185,1.7728326439117794,,,,,0.23273612285888653,0.0,0.12322301962297168,0.09792628009883615,1.0,9.0,9.756343745330696,0,train,SIMULATION_TRUTH_ONLY
d70e2e993f_216cec93_0_2,train_20261093,d70e2e993f341f2785440baacfe2bce0de3db7432d76c735dd3812c917a7c306,216cec93185069d84716a438ab8318d56f818f9d2727dd3c1730cbe3a0983711,fred-features-2,count_rate,count / s,761.0,761.5,763.0,review_unscored,,unresolved,parameter_near_bound;timescale_unresolved,6.379225612004333,219.1058155680546,874.4513646047485,1.2505637528132743,0.5,1.5,2.0,2.0,369.0019334625297,-69.20969767357951,69.20969767357951,,,15.393662125391966,4.263301694554088,4.0,1.0,1.0,1.0,1.0,1.0,0.0,1.0,0.22016121980753156,1.0183028607777107,1.0632590085591374,,,,,0.13646646538925541,0.0,0.33267503382255004,0.18406623443247505,0.09090909090909091,2.0,6.805676137168837,0,train,SIMULATION_TRUTH_ONLY
cb7694b485_216cec93_0_0,train_20261094,cb7694b485ffbb836c510062ad3781d1e14bfcaef4f1a5fc313de4f2c7276ba6,216cec93185069d84716a438ab8318d56f818f9d2727dd3c1730cbe3a0983711,fred-features-2,count_rate,count / s,287.0,296.5,309.0,review_unscored,,unresolved,parameter_near_bound,7.050623920405885,251.75207681061272,871.0133358499112,1.2890335502899732,9.5,12.5,22.0,14.0,3111.907447043821,103.87372864479676,68.37813808671865,-0.16154996344042005,-0.5018992545056711,102.7029809495893,12.248123114211733,16.0,1.0,1.0,1.0,1.0,1.0,0.0,1.0,0.5770365424171382,1.0889720312609852,1.2131840499578166,,,,,0.18017928922673693,0.0,0.0854289926103561,0.1603170577551203,0.23076923076923078,16.0,15.694475561689767,1,train,SIMULATION_TRUTH_ONLY
cb7694b485_216cec93_0_1,train_20261094,cb7694b485ffbb836c510062ad3781d1e14bfcaef4f1a5fc313de4f2c7276ba6,216cec93185069d84716a438ab8318d56f818f9d2727dd3c1730cbe3a0983711,fred-features-2,count_rate,count / s,434.0,436.5,437.0,review_unscored,,unresolved,timescale_unresolved,7.399903926183275,264.22359249993895,887.1470067124793,1.2978351845869134,2.5,0.5,3.0,3.0,707.6062173229799,33.52516119746838,-25.769699489684285,,,42.894244825423016,6.924670639793212,4.0,1.0,1.0,1.0,1.0,1.0,0.0,1.0,0.33260438740097475,1.0614563729389588,1.1551413900277994,,,,,-0.1341915092400088,0.0,0.2869398164951729,0.18302142393266949,0.25,3.0,7.2322597801301844,0,train,SIMULATION_TRUTH_ONLY
cb7694b485_216cec93_0_2,train_20261094,cb7694b485ffbb836c510062ad3781d1e14bfcaef4f1a5fc313de4f2c7276ba6,216cec93185069d84716a438ab8318d56f818f9d2727dd3c1730cbe3a0983711,fred-features-2,count_rate,count / s,557.0,560.5,561.0,review_unscored,,unresolved,timescale_unresolved,10.497623525290834,374.83186649895435,894.9551616347206,1.4188275374760544,3.5,0.5,4.0,2.0,786.5588703271261,179.55131043461938,37.364143074871095,-0.009139427397829166,-5.663568415832669,39.116943007270166,7.680729253280244,4.0,1.0,1.0,1.0,1.0,1.0,0.0,1.0,0.5029154739683119,1.0355925290309844,1.1020776288970775,,,,,-0.07903825411151102,0.0,0.332645347772812,0.14331993182638247,0.3333333333333333,2.0,5.421391905791636,0,train,SIMULATION_TRUTH_ONLY
cb7694b485_216cec93_0_3,train_20261094,cb7694b485ffbb836c510062ad3781d1e14bfcaef4f1a5fc313de4f2c7276ba6,216cec93185069d84716a438ab8318d56f818f9d2727dd3c1730cbe3a0983711,fred-features-2,count_rate,count / s,622.0,625.5,640.0,review_unscored,,complex_or_multi_peaked,multi_peak_single_component_fit;parameter_near_bound,10.298268740165005,367.7136338795252,894.609695821354,1.4110324710285216,3.5,14.5,18.0,16.0,4507.29403506105,112.00130898119062,155.42166623758624,-1.020418772039783,0.9817739560397514,216.85899273954905,16.880030324514593,16.0,3.0,1.0,1.0,1.0,1.0,0.0,1.0,0.7314469573008531,1.1839557477130205,1.4352859305461114,,,,,0.2007617609196278,0.0,0.08228312871034764,0.11051401895974233,0.2777777777777778,17.0,14.61695230113666,0,train,SIMULATION_TRUTH_ONLY
ec5a20ad18_216cec93_0_0,train_20261095,ec5a20ad183b739cf6854b492d639cb436db1461cc378c18556849131d322687,216cec93185069d84716a438ab8318d56f818f9d2727dd3c1730cbe3a0983711,fred-features-2,count_rate,count / s,244.0,250.5,284.0,review_unscored,,complex_or_multi_peaked,multi_peak_single_component_fit,9.163486691354798,336.67628679938537,994.1922201320446,1.3386430510939518,6.5,33.5,40.0,16.0,5330.5730209707,138.19324967240846,74.866924651587,0.5578645304426028,-0.9409953820960153,144.61197941308018,17.610971699950202,16.0,4.0,1.0,1.0,1.0,1.0,0.0,1.0,0.7385313188451333,1.054418451709029,1.135554644622937,3.1836898189802714,12.325104790268576,44.70980731762846,316.4171865955396,0.2869269982112613,0.0,0.07446331304570378,0.12177900221896329,0.19230769230769232,19.0,17.106164851770412,1,train,SIMULATION_TRUTH_ONLY
ec5a20ad18_216cec93_0_1,train_20261095,ec5a20ad183b739cf6854b492d639cb436db1461cc378c18556849131d322687,216cec93185069d84716a438ab8318d56f818f9d2727dd3c1730cbe3a0983711,fred-features-2,count_rate,count / s,287.0,287.5,288.0,review_unscored,,unresolved,insufficient_event_bins;single_bin_candidate,1.860979907451963,68.37438915476366,986.2485116297338,1.0693277488873245,0.5,0.5,1.0,1.0,68.37438915476366,,,,,33.861713957826574,5.819081882722271,64.0,1.0,1.0,0.0,1.0,0.0,0.0,0.0,,,,,,,,,,0.0730245980898038,0.12238469355938164,0.17857142857142858,19.0,17.558468363231565,0,train,SIMULATION_TRUTH_ONLY
ad5b4ab5e6_216cec93_0_0,train_20261096,ad5b4ab5e60b69d5e9cf6ef22696b62eb1744882f3c0eecc35b545988a641c68,216cec93185069d84716a438ab8318d56f818f9d2727dd3c1730cbe3a0983711,fred-features-2,count_rate,count / s,234.0,245.5,290.0,review_unscored,,complex_or_multi_peaked,correlated_residuals;multi_peak_single_component_fit,5.0820195941631034,168.6861946271714,826.2462177765847,1.2041597177668217,11.5,44.5,56.0,47.0,4520.426337447236,76.38526327698168,73.14883355914947,0.03895324390740873,-0.5631284564167078,29.44564369677903,7.366948772026738,16.0,3.0,1.0,1.0,1.0,1.0,0.0,1.0,0.6465546412057048,0.9967740910229046,1.013350592290206,,,,,0.3311685671365504,0.0,0.046447219340667416,0.18897673914001858,0.16,23.0,28.378273104693022,1,train,SIMULATION_TRUTH_ONLY
ad5b4ab5e6_216cec93_0_1,train_20261096,ad5b4ab5e60b69d5e9cf6ef22696b62eb1744882f3c0eecc35b545988a641c68,216cec93185069d84716a438ab8318d56f818f9d2727dd3c1730cbe3a0983711,fred-features-2,count_rate,count / s,779.0,779.5,781.0,review_unscored,,unresolved,correlated_residuals;parameter_near_bound;timescale_unresolved,11.959927531203299,396.98285806937326,816.9608108037884,1.4859264395788965,0.5,1.5,2.0,2.0,785.86083795275,-8.10487818599654,8.10487818599654,,,34.56330500801268,6.25253368060063,4.0,1.0,1.0,1.0,1.0,1.0,0.0,1.0,0.5626131338628864,1.0355364869027706,1.0995524607756357,,,,,0.32459018370621506,0.0,0.3801627584373706,0.10601362004527363,0.5,2.0,5.024217828901459,0,train,SIMULATION_TRUTH_ONLY
d561a5dfdb_216cec93_0_0,train_20261098,d561a5dfdbdb31931788faac060a9bb8682cf39fab70ac320e31a887f12108f3,216cec93185069d84716a438ab8318d56f818f9d2727dd3c1730cbe3a0983711,fred-features-2,count_rate,count / s,287.0,290.5,303.0,review_unscored,,complex_or_multi_peaked,correlated_residuals;multi_peak_single_component_fit;parameter_near_bound,10.770226291549916,384.772736578694,925.604536382286,1.4156988448679968,3.5,12.5,16.0,14.0,4688.359204321316,91.28741973265755,146.1489848580988,-1.7967691361314748,2.848368406320768,175.16380105265688,14.7699695072568,16.0,2.0,1.0,1.0,1.0,1.0,0.0,1.0,0.7664621678202196,1.1958272082509247,1.4638890321826135,,,,,0.4501029207553536,0.0,0.08151546744513034,0.09725148291926783,0.5294117647058824,14.0,14.64918174032427,0,train,SIMULATION_TRUTH_ONLY
d561a5dfdb_216cec93_0_1,train_20261098,d561a5dfdbdb31931788faac060a9bb8682cf39fab70ac320e31a887f12108f3,216cec93185069d84716a438ab8318d56f818f9d2727dd3c1730cbe3a0983711,fred-features-2,count_rate,count / s,711.0,711.5,712.0,review_unscored,,unresolved,insufficient_event_bins;single_bin_candidate,8.18119011158272,292.27788000833436,888.6491197312229,1.3289013329543786,0.5,0.5,1.0,1.0,292.27788000833436,,,,,5.208628712073671,2.282242036260324,4.0,1.0,1.0,1.0,0.0,1.0,0.0,0.0,,,,,,,,,,0.49619930998552597,0.120746124640873,0.25,1.0,4.543452185492091,0,train,SIMULATION_TRUTH_ONLY
15ceeab913_216cec93_0_0,train_20261099,15ceeab913fd02aa1c74e4879b714c2aa73c17629501ee319e89202c59cb44e7,216cec93185069d84716a438ab8318d56f818f9d2727dd3c1730cbe3a0983711,fred-features-2,count_rate,count / s,301.0,315.5,328.0,review_unscored,,complex_or_multi_peaked,correlated_residuals;multi_peak_single_component_fit;parameter_near_bound,6.492086044478533,204.77754124073147,650.2739586690959,1.31490964463631,14.5,12.5,27.0,22.0,3761.757653402493,50.19078410256486,31.983613364524388,-0.49182859264451056,-0.8129333215481305,177.0807955068778,17.212909276387595,16.0,2.0,1.0,1.0,1.0,1.0,0.0,1.0,0.6559912759278157,1.1089330473335155,1.2576809694563151,,,,,0.5074048392150632,0.0,0.05607943265932474,0.1511906202480931,0.3870967741935484,25.0,22.5262358238059,1,train,SIMULATION_TRUTH_ONLY
15ceeab913_216cec93_0_1,train_20261099,15ceeab913fd02aa1c74e4879b714c2aa73c17629501ee319e89202c59cb44e7,216cec93185069d84716a438ab8318d56f818f9d2727dd3c1730cbe3a0983711,fred-features-2,count_rate,count / s,330.0,330.5,331.0,review_unscored,,unresolved,insufficient_event_bins;single_bin_candidate,2.375492482969412,74.92930724663393,653.4901709067233,1.1146601901336464,0.5,0.5,1.0,1.0,74.92930724663393,,,,,19.399558567948635,4.404492997831718,64.0,1.0,1.0,0.0,1.0,0.0,0.0,0.0,,,,,,,,,,0.05511002479710972,0.15512679976390067,0.35294117647058826,25.0,23.102085050573436,0,train,SIMULATION_TRUTH_ONLY
15ceeab913_216cec93_0_2,train_20261099,15ceeab913fd02aa1c74e4879b714c2aa73c17629501ee319e89202c59cb44e7,216cec93185069d84716a438ab8318d56f818f9d2727dd3c1730cbe3a0983711,fred-features-2,count_rate,count / s,335.0,335.5,336.0,review_unscored,,unresolved,insufficient_event_bins;single_bin_candidate,2.051612427521473,64.71327484084838,654.6110209939515,1.098857600568027,0.5,0.5,1.0,1.0,64.71327484084838,,,,,17.328934178154284,4.162803643958514,64.0,1.0,1.0,0.0,1.0,0.0,0.0,0.0,,,,,,,,,,0.0545470325513232,0.1517168712477916,0.34285714285714286,25.0,23.264755855787048,0,train,SIMULATION_TRUTH_ONLY
5a7b13e9dc_216cec93_0_0,train_20261100,5a7b13e9dc2e07d39b5a2ec5d9ab65bb0c6c91859bb98e03f483d3073d9ef3a7,216cec93185069d84716a438ab8318d56f818f9d2727dd3c1730cbe3a0983711,fred-features-2,count_rate,count / s,208.0,223.5,236.0,review_unscored,,unresolved,parameter_near_bound,4.557731294078947,265.27259049034956,2353.3416645032016,1.1127216648953306,15.5,12.5,28.0,15.0,3758.218523971084,59.94677290166078,56.409690730796,0.04790100259369245,1.320911856531854,30.0757070370713,6.991554721672139,16.0,1.0,1.0,1.0,1.0,1.0,0.0,1.0,0.48208599754688086,0.9094053241216656,0.8455610490013888,,,,,0.06213097798106103,0.0,0.08895633548614804,0.17265378397715836,0.05555555555555555,13.0,19.03394973988262,1,train,SIMULATION_TRUTH_ONLY
5a7b13e9dc_216cec93_0_1,train_20261100,5a7b13e9dc2e07d39b5a2ec5d9ab65bb0c6c91859bb98e03f483d3073d9ef3a7,216cec93185069d84716a438ab8318d56f818f9d2727dd3c1730cbe3a0983711,fred-features-2,count_rate,count / s,555.0,555.5,556.0,review_unscored,,unresolved,insufficient_event_bins;single_bin_candidate,7.219343417134761,420.1857912050964,2314.9341630127974,1.181510903384933,0.5,0.5,1.0,1.0,420.1857912050964,,,,,10.621186594357418,3.259016200382781,4.0,1.0,1.0,1.0,0.0,1.0,0.0,0.0,,,,,,,,,,0.4669878162988954,0.16703498770004874,0.14285714285714285,1.0,5.672275542163273,0,train,SIMULATION_TRUTH_ONLY
5a7b13e9dc_216cec93_0_2,train_20261100,5a7b13e9dc2e07d39b5a2ec5d9ab65bb0c6c91859bb98e03f483d3073d9ef3a7,216cec93185069d84716a438ab8318d56f818f9d2727dd3c1730cbe3a0983711,fred-features-2,count_rate,count / s,670.0,675.5,681.0,review_unscored,,unresolved,parameter_near_bound,10.631805351228948,618.8005314779339,2336.5472782958523,1.2648354421183605,5.5,5.5,11.0,8.0,4927.130730904948,176.92516236924962,292.4354842048865,-0.8884689125407967,-0.8825813775552067,179.53868192200363,18.732040338739555,4.0,1.0,1.0,1.0,1.0,1.0,0.0,1.0,0.7086023447097294,1.1332933718994722,1.3158331282322375,,,,,0.15449304550077994,0.0,0.12104037089936166,0.12655761506363214,0.5,11.0,10.818931115561503,0,train,SIMULATION_TRUTH_ONLY
5a7b13e9dc_216cec93_0_3,train_20261100,5a7b13e9dc2e07d39b5a2ec5d9ab65bb0c6c91859bb98e03f483d3073d9ef3a7,216cec93185069d84716a438ab8318d56f818f9d2727dd3c1730cbe3a0983711,fred-features-2,count_rate,count / s,684.0,684.5,685.0,review_unscored,,unresolved,insufficient_event_bins;single_bin_candidate,1.5627571491964252,90.9567963809559,2338.6632045547885,1.0388926443977944,0.5,0.5,1.0,1.0,90.9567963809559,,,,,56.02429898055587,7.484938141398088,16.0,1.0,1.0,0.0,1.0,0.0,0.0,0.0,,,,,,,,,,0.12180909102034178,0.12469888733040276,0.5,11.0,10.612982500569933,0,train,SIMULATION_TRUTH_ONLY
5a7b13e9dc_216cec93_0_4,train_20261100,5a7b13e9dc2e07d39b5a2ec5d9ab65bb0c6c91859bb98e03f483d3073d9ef3a7,216cec93185069d84716a438ab8318d56f818f9d2727dd3c1730cbe3a0983711,fred-features-2,count_rate,count / s,768.0,768.5,769.0,review_unscored,,unresolved,insufficient_event_bins;single_bin_candidate,9.519923722148052,554.0859397142426,2352.4406586340924,1.235536627748971,0.5,0.5,1.0,1.0,554.0859397142426,,,,,4.88649300431759,2.2105413373917235,4.0,1.0,1.0,1.0,0.0,1.0,0.0,0.0,,,,,,,,,,0.4424107305656821,0.16130277627746273,0.16666666666666666,1.0,5.518923446161016,0,train,SIMULATION_TRUTH_ONLY
01a672285e_216cec93_0_0,train_20261101,01a672285e453e5755fe37c4bdc89a60ebb64ea3f06480c8eb073f6ea31e5a9b,216cec93185069d84716a438ab8318d56f818f9d2727dd3c1730cbe3a0983711,fred-features-2,count_rate,count / s,212.0,217.5,232.0,review_unscored,,complex_or_multi_peaked,multi_peak_single_component_fit;parameter_near_bound,10.292554339465305,312.1040682762722,651.539188665943,1.4790257803453386,5.5,14.5,20.0,9.0,3198.0263471068643,72.62049850603898,55.872091481640325,0.4826319418623541,-0.9466850757369389,96.95825229269295,11.842885046913397,16.0,2.0,1.0,1.0,1.0,1.0,0.0,1.0,0.7455883694859214,0.996502440414857,1.0183491829811524,,,,,0.24275804804825526,0.0,0.10412445541231533,0.09610226535669182,0.05,18.0,12.508075770597712,1,train,SIMULATION_TRUTH_ONLY
01a672285e_216cec93_0_1,train_20261101,01a672285e453e5755fe37c4bdc89a60ebb64ea3f06480c8eb073f6ea31e5a9b,216cec93185069d84716a438ab8318d56f818f9d2727dd3c1730cbe3a0983711,fred-features-2,count_rate,count / s,256.0,268.5,275.0,review_unscored,,unresolved,parameter_near_bound;timescale_unresolved,2.8672851104163954,86.94550627122817,654.2920678686082,1.132884854548914,12.5,6.5,19.0,18.0,697.032648491979,43.18379891448501,27.422035462989925,0.009773073882304924,0.00972373602868526,4.623324014629695,2.7429128435447963,64.0,1.0,1.0,0.0,0.0,1.0,0.0,1.0,0.19655224388934023,0.8470756668924799,0.7360304118702402,,,,,0.225873945325856,0.0,0.20507387303589952,0.11017457580245003,0.0625,7.0,8.956029370946345,0,train,SIMULATION_TRUTH_ONLY
01a672285e_216cec93_0_2,train_20261101,01a672285e453e5755fe37c4bdc89a60ebb64ea3f06480c8eb073f6ea31e5a9b,216cec93185069d84716a438ab8318d56f818f9d2727dd3c1730cbe3a0983711,fred-features-2,count_rate,count / s,711.0,713.5,714.0,review_unscored,,unresolved,ill_conditioned_fit;timescale_unresolved,10.068549078360146,305.3114926919843,640.8157807172058,1.4764419071426071,2.5,0.5,3.0,3.0,761.6863314077874,79.25845630142078,4.268765934676026,,,49.366406723988156,7.402494445185724,4.0,1.0,1.0,1.0,1.0,1.0,0.0,1.0,0.4474798164493956,1.0351807576212102,1.0986597868317787,,,,,0.15254526350034056,0.0,0.3819422282732222,0.09512767308719411,0.3333333333333333,3.0,5.222037619463274,0,train,SIMULATION_TRUTH_ONLY
0f297b1a2d_216cec93_0_0,train_20261102,0f297b1a2d0522b25ca149a8c47f18b0b36ff83350cec84cdd159b4d1b36f136,216cec93185069d84716a438ab8318d56f818f9d2727dd3c1730cbe3a0983711,fred-features-2,count_rate,count / s,109.0,111.5,126.0,review_unscored,,complex_or_multi_peaked,correlated_residuals;multi_peak_single_component_fit;parameter_near_bound;timescale_unresolved,13.195233550066925,403.6562915185575,662.286203534637,1.609489204764095,2.5,14.5,17.0,1.0,972.5108891639554,180.27919654056484,182.6672898904912,3.6638077584716386,14.3398454306515,6.8286933750385455,3.872289211381637,4.0,2.0,1.0,1.0,0.0,1.0,0.0,1.0,0.4649437442451113,0.9759454851446248,0.9750399594048442,,,,,0.5558939555056334,0.0,0.5602083697553598,0.07843371769829885,0.5,2.0,3.6764800964063027,0,train,SIMULATION_TRUTH_ONLY
0f297b1a2d_216cec93_0_1,train_20261102,0f297b1a2d0522b25ca149a8c47f18b0b36ff83350cec84cdd159b4d1b36f136,216cec93185069d84716a438ab8318d56f818f9d2727dd3c1730cbe3a0983711,fred-features-2,count_rate,count / s,225.0,236.5,270.0,review_unscored,,unresolved,correlated_residuals;parameter_near_bound,9.708169636006229,296.98328095780187,679.8495214358937,1.4368367875446182,11.5,33.5,45.0,16.0,4994.995627629331,47.13474425190924,37.10121891580593,0.6543361132454892,0.0415550256278836,23.00988212123431,7.584066221142079,16.0,1.0,1.0,1.0,1.0,1.0,0.0,1.0,0.7692354743214913,0.9776623176141407,0.9766023813540151,,,,,0.48014339807641304,0.0,0.0711996796139454,0.07473397249146849,0.09090909090909091,27.0,18.225414623609087,1,train,SIMULATION_TRUTH_ONLY
0f297b1a2d_216cec93_0_2,train_20261102,0f297b1a2d0522b25ca149a8c47f18b0b36ff83350cec84cdd159b4d1b36f136,216cec93185069d84716a438ab8318d56f818f9d2727dd3c1730cbe3a0983711,fred-features-2,count_rate,count / s,361.0,374.5,383.0,review_unscored,,unresolved,correlated_residuals;parameter_near_bound,11.130051749636857,340.48017389167467,677.8664426577176,1.5022820904907916,13.5,8.5,22.0,19.0,5522.673604344901,84.6045319221077,132.80247391108298,-1.5486054241247076,1.4286438284943905,84.86662064184496,11.222048948258076,16.0,1.0,1.0,1.0,1.0,1.0,0.0,1.0,0.7952063612609293,1.2784440971250632,1.6737082351824253,,,,,0.6322193787170192,0.0,0.061466588128316124,0.0904075572182534,0.631578947368421,20.0,19.096748968946994,0,train,SIMULATION_TRUTH_ONLY
2c34bad508_216cec93_0_0,train_20261104,2c34bad5086fc8484bf7e3338546f091857135eb8adcd045662e53c38cd18edb,216cec93185069d84716a438ab8318d56f818f9d2727dd3c1730cbe3a0983711,fred-features-2,count_rate,count / s,198.0,206.5,207.0,review_unscored,,unresolved,correlated_residuals;no_improvement_over_linear_background;parameter_near_bound,5.377882780450219,166.91237314461307,594.6959491238985,1.2806684212167698,8.5,0.5,9.0,9.0,1134.644313124526,32.228625793042,45.35080006770704,0.07151732626447926,-1.249451870289222,48.397405765443565,7.228907950835401,16.0,1.0,1.0,1.0,1.0,1.0,0.0,1.0,0.24992881614666385,1.291741291822885,1.7094925151228109,,,,,0.311295651599184,0.0,0.12801940511271814,0.22102874984028154,0.21739130434782608,9.0,12.702219041629718,0,train,SIMULATION_TRUTH_ONLY
2c34bad508_216cec93_0_1,train_20261104,2c34bad5086fc8484bf7e3338546f091857135eb8adcd045662e53c38cd18edb,216cec93185069d84716a438ab8318d56f818f9d2727dd3c1730cbe3a0983711,fred-features-2,count_rate,count / s,608.0,609.5,612.0,review_unscored,,unresolved,no_improvement_over_linear_background;right_censored;timescale_unresolved,4.604239803029911,142.90095627303197,576.8260076257444,1.2477366734229307,1.5,2.5,4.0,3.0,404.65621238520373,25.67666989414363,44.80946212197762,-0.40368538372253865,-0.48069195931091,18.133921948257093,4.7852619939149825,4.0,1.0,1.0,1.0,1.0,1.0,0.0,1.0,0.2683068779442691,1.0075627472696542,1.0406897924414926,,,,,0.1730952147021471,1.0,0.22641555648351439,0.22784010232979235,0.10526315789473684,3.0,10.411502621936474,0,train,SIMULATION_TRUTH_ONLY
