candidate_id,group_id,source_hash,pipeline_hash,feature_version,quantity,unit,observed_start_s,observed_peak_s,observed_end_s,status,burst_score,operational_morphology,quality_flags,peak_snr,net_peak_observed,background_at_peak,peak_background_ratio,rise_observed_s,decay_observed_s,duration_observed_s,fwhm_observed_s,fluence_observed,max_rise_rate,max_decay_rate,skewness,kurtosis,wavelet_energy,wavelet_max,dominant_scale_s,n_peaks,cadence_s,sigma_evidence,wavelet_evidence,bb_evidence,edge_candidate,fit_success,fit_r2,fit_rmse_over_noise,fit_reduced_statistic,fit_rise_constant_s,fit_decay_constant_s,fit_duration_s,fit_net_peak,fit_residual_autocorrelation,fit_censored,label,morphology_label,review_notes,split
733be91d8a_216cec93_0_0,20260716,733be91d8a060eba9d73b371efebda5f0c22676322dc7c226384b6359c1ef75c,216cec93185069d84716a438ab8318d56f818f9d2727dd3c1730cbe3a0983711,fred-features-2,count_rate,count / s,749.0,749.5,752.0,review_unscored,,unresolved,no_improvement_over_linear_background;timescale_unresolved,3.533505470371899,212.66619198103308,2486.198798253342,1.0855386914877605,0.5,2.5,3.0,1.0,396.6372754921399,0.333779081467128,120.84753976621325,,,7.167715280886999,2.852461847469696,4.0,1.0,1.0,1.0,0.0,0.0,0.0,1.0,0.1103496779924636,1.0242778108484232,1.1190893469849372,,,,,0.0023779655394343,0.0,,,,train
733be91d8a_216cec93_2_0,20260716,733be91d8a060eba9d73b371efebda5f0c22676322dc7c226384b6359c1ef75c,216cec93185069d84716a438ab8318d56f818f9d2727dd3c1730cbe3a0983711,fred-features-2,count_rate,count / s,7427.0,7427.5,7428.0,review_unscored,,unresolved,insufficient_event_bins;single_bin_candidate,3.832451936131715,223.0593221562144,2327.2485391719106,1.0958467986558855,0.5,0.5,1.0,1.0,223.0593221562144,,,,,9.18582784968308,3.030813067426476,64.0,1.0,1.0,1.0,0.0,0.0,0.0,0.0,,,,,,,,,,,,,train
a5a5d9e26b_216cec93_0_0,20260913,a5a5d9e26b161e51e3e8d9a4dad48f8ae9bf8ab8cfbf73998c03c2ff26c3bec2,216cec93185069d84716a438ab8318d56f818f9d2727dd3c1730cbe3a0983711,fred-features-2,count_rate,count / s,86.0,86.5,87.0,review_unscored,,unresolved,insufficient_event_bins;single_bin_candidate,3.984665255262559,129.4376593412453,843.5606316743797,1.1534420342546392,0.5,0.5,1.0,1.0,129.4376593412453,,,,,2.998324356980557,1.7315670235311589,4.0,1.0,1.0,1.0,0.0,0.0,0.0,0.0,,,,,,,,,,,,,train
a5a5d9e26b_216cec93_2_0,20260913,a5a5d9e26b161e51e3e8d9a4dad48f8ae9bf8ab8cfbf73998c03c2ff26c3bec2,216cec93185069d84716a438ab8318d56f818f9d2727dd3c1730cbe3a0983711,fred-features-2,count_rate,count / s,8461.0,8461.5,8462.0,review_unscored,,unresolved,bayesian_blocks_coarsened;insufficient_event_bins;single_bin_candidate,3.588707139120042,127.04339953956584,906.1567957729342,1.1402002392215138,0.5,0.5,1.0,1.0,127.04339953956584,,,,,2.234662275283468,1.4948786824633855,4.0,1.0,1.0,1.0,0.0,0.0,0.0,0.0,,,,,,,,,,,,,train
a5a5d9e26b_216cec93_3_0,20260913,a5a5d9e26b161e51e3e8d9a4dad48f8ae9bf8ab8cfbf73998c03c2ff26c3bec2,216cec93185069d84716a438ab8318d56f818f9d2727dd3c1730cbe3a0983711,fred-features-2,count_rate,count / s,10751.0,10840.5,10852.0,review_unscored,,complex_or_multi_peaked,bayesian_blocks_coarsened;multi_peak_single_component_fit;parameter_near_bound;right_censored,3.124622338407572,122.3216433569728,1076.2459835961522,1.1136558418998683,89.5,11.5,101.0,95.0,3018.2451171826306,64.21727967351558,68.72161345842676,0.0320725583366895,-0.2038153326809171,23.58857339266696,5.951628825039262,64.0,11.0,1.0,0.0,1.0,1.0,0.0,1.0,0.4984872959725458,1.0146972582591374,1.074587233220104,,,,,0.0334679677030346,1.0,,,,train
a5a5d9e26b_216cec93_4_0,20260913,a5a5d9e26b161e51e3e8d9a4dad48f8ae9bf8ab8cfbf73998c03c2ff26c3bec2,216cec93185069d84716a438ab8318d56f818f9d2727dd3c1730cbe3a0983711,fred-features-2,count_rate,count / s,16722.0,16722.5,16723.0,review_unscored,,unresolved,bayesian_blocks_coarsened;insufficient_event_bins;single_bin_candidate,3.514038377909125,124.02185971884546,802.3416046366233,1.1545748830699292,0.5,0.5,1.0,1.0,124.02185971884546,,,,,0.5183525713768672,0.7199670627027789,4.0,1.0,1.0,1.0,0.0,0.0,0.0,0.0,,,,,,,,,,,,,train
a5a5d9e26b_216cec93_4_1,20260913,a5a5d9e26b161e51e3e8d9a4dad48f8ae9bf8ab8cfbf73998c03c2ff26c3bec2,216cec93185069d84716a438ab8318d56f818f9d2727dd3c1730cbe3a0983711,fred-features-2,count_rate,count / s,16937.0,16937.5,16938.0,review_unscored,,unresolved,bayesian_blocks_coarsened;insufficient_event_bins;single_bin_candidate,3.522192327398914,124.09755997049126,798.03213973654,1.155504463781948,0.5,0.5,1.0,1.0,124.09755997049126,,,,,0.8127130342534401,0.9015059812632638,16.0,1.0,1.0,1.0,0.0,0.0,0.0,0.0,,,,,,,,,,,,,train
a5a5d9e26b_216cec93_4_2,20260913,a5a5d9e26b161e51e3e8d9a4dad48f8ae9bf8ab8cfbf73998c03c2ff26c3bec2,216cec93185069d84716a438ab8318d56f818f9d2727dd3c1730cbe3a0983711,fred-features-2,count_rate,count / s,18002.0,18068.5,18074.0,review_unscored,,complex_or_multi_peaked,bayesian_blocks_coarsened;multi_peak_single_component_fit;parameter_near_bound;right_censored,2.9375517224965493,109.10486309884186,948.6025343620956,1.115016415354837,66.5,5.5,72.0,65.0,2349.7290110190515,55.88395341757558,65.79887544874504,-0.5313547064041626,0.7844828590393886,3.943610449177608,3.685284581639997,16.0,8.0,1.0,0.0,0.0,1.0,0.0,1.0,0.8145018749950295,0.9593254647518026,1.0022625694540332,,,,,0.1524725599399952,1.0,,,,train
a5a5d9e26b_216cec93_5_0,20260913,a5a5d9e26b161e51e3e8d9a4dad48f8ae9bf8ab8cfbf73998c03c2ff26c3bec2,216cec93185069d84716a438ab8318d56f818f9d2727dd3c1730cbe3a0983711,fred-features-2,count_rate,count / s,18898.0,18906.5,18960.0,review_unscored,,complex_or_multi_peaked,left_censored;multi_peak_single_component_fit;parameter_near_bound;right_censored,3.7576899085330906,125.37243454658164,981.1203633049809,1.127784968323616,8.5,53.5,62.0,54.0,2337.391021885086,49.47707366855195,40.6459234692652,-0.0193677114975271,0.1695791512836559,1.0403808033440112,1.8883377826220893,16.0,6.0,1.0,1.0,0.0,1.0,0.0,1.0,0.858990202242228,1.159292138475886,1.562518586426452,,,,,0.2763670368020181,1.0,,,,train
a5a5d9e26b_216cec93_7_0,20260913,a5a5d9e26b161e51e3e8d9a4dad48f8ae9bf8ab8cfbf73998c03c2ff26c3bec2,216cec93185069d84716a438ab8318d56f818f9d2727dd3c1730cbe3a0983711,fred-features-2,count_rate,count / s,25099.0,25120.5,25132.0,review_unscored,,unresolved,bayesian_blocks_coarsened;parameter_near_bound;right_censored,3.02932477755252,108.22442844669216,908.9986550494016,1.1190589533279458,21.5,11.5,33.0,33.0,1507.8723186124546,36.43890410841516,45.27071117448037,0.507730233566629,-0.2350602843710483,2.927268003240017,4.092674836459706,16.0,1.0,1.0,0.0,1.0,1.0,0.0,1.0,0.8205075543682219,0.982667753777242,1.0635021112235212,,,,,0.2494153409371211,1.0,,,,train
a5a5d9e26b_216cec93_8_0,20260913,a5a5d9e26b161e51e3e8d9a4dad48f8ae9bf8ab8cfbf73998c03c2ff26c3bec2,216cec93185069d84716a438ab8318d56f818f9d2727dd3c1730cbe3a0983711,fred-features-2,count_rate,count / s,25981.0,26004.5,26045.0,review_unscored,,complex_or_multi_peaked,left_censored;multi_peak_single_component_fit;parameter_near_bound;right_censored,3.454115476892179,135.56390790016007,936.1127278420274,1.1448157939404036,23.5,40.5,64.0,38.0,2683.822807812464,62.31923661857644,52.23700079915761,0.0877026667138674,0.1453135563143344,3.150008898218629,3.058680490333657,16.0,6.0,1.0,0.0,0.0,1.0,0.0,1.0,0.7863655592424171,1.0948439555541716,1.3244585223046437,,,,,0.268118211362931,1.0,,,,train
a5a5d9e26b_216cec93_10_0,20260913,a5a5d9e26b161e51e3e8d9a4dad48f8ae9bf8ab8cfbf73998c03c2ff26c3bec2,216cec93185069d84716a438ab8318d56f818f9d2727dd3c1730cbe3a0983711,fred-features-2,count_rate,count / s,30317.0,30317.5,30320.0,review_unscored,,unresolved,bayesian_blocks_coarsened;no_improvement_over_linear_background;parameter_near_bound;timescale_unresolved,3.574100873539281,120.64854549317864,780.1984393701026,1.154638280987315,0.5,2.5,3.0,1.0,193.0145257471404,44.964483768093146,106.94779725024432,,,2.3498024874871266,1.6883602611684725,4.0,1.0,1.0,1.0,0.0,0.0,0.0,1.0,0.0357194149293254,0.9563605069114136,0.9884824941382194,,,,,-0.0911046839775374,0.0,,,,train
a5a5d9e26b_216cec93_10_1,20260913,a5a5d9e26b161e51e3e8d9a4dad48f8ae9bf8ab8cfbf73998c03c2ff26c3bec2,216cec93185069d84716a438ab8318d56f818f9d2727dd3c1730cbe3a0983711,fred-features-2,count_rate,count / s,30938.0,30938.5,30939.0,review_unscored,,unresolved,bayesian_blocks_coarsened;insufficient_event_bins;single_bin_candidate,1.3135138561113198,44.635771043657655,871.4486405774361,1.0512201969975892,0.5,0.5,1.0,1.0,44.635771043657655,,,,,21.350053473817887,4.620611807306245,64.0,1.0,1.0,0.0,1.0,0.0,0.0,0.0,,,,,,,,,,,,,train
a5a5d9e26b_216cec93_10_2,20260913,a5a5d9e26b161e51e3e8d9a4dad48f8ae9bf8ab8cfbf73998c03c2ff26c3bec2,216cec93185069d84716a438ab8318d56f818f9d2727dd3c1730cbe3a0983711,fred-features-2,count_rate,count / s,30941.0,30941.5,30942.0,review_unscored,,unresolved,bayesian_blocks_coarsened;insufficient_event_bins;single_bin_candidate,1.7734179489919843,60.69901236136116,872.0584339277013,1.069604294849803,0.5,0.5,1.0,1.0,60.69901236136116,,,,,23.707520694835548,4.869036937099117,64.0,1.0,1.0,0.0,1.0,0.0,0.0,0.0,,,,,,,,,,,,,train
a5a5d9e26b_216cec93_10_3,20260913,a5a5d9e26b161e51e3e8d9a4dad48f8ae9bf8ab8cfbf73998c03c2ff26c3bec2,216cec93185069d84716a438ab8318d56f818f9d2727dd3c1730cbe3a0983711,fred-features-2,count_rate,count / s,30952.0,30952.5,30954.0,review_unscored,,unresolved,bayesian_blocks_coarsened;right_censored,2.445571891459908,84.6295473865033,874.074371070528,1.0968219069080505,0.5,1.5,2.0,2.0,140.8018763540017,-28.457218419004903,28.457218419004903,,,30.32398012504615,5.522785111012476,64.0,1.0,1.0,0.0,1.0,0.0,0.0,1.0,0.2083154996568692,1.0068589543650066,1.115497610025845,,,,,-0.037432167253823,1.0,,,,train
a5a5d9e26b_216cec93_10_4,20260913,a5a5d9e26b161e51e3e8d9a4dad48f8ae9bf8ab8cfbf73998c03c2ff26c3bec2,216cec93185069d84716a438ab8318d56f818f9d2727dd3c1730cbe3a0983711,fred-features-2,count_rate,count / s,30961.0,30961.5,30962.0,review_unscored,,unresolved,bayesian_blocks_coarsened;insufficient_event_bins;single_bin_candidate,1.684175473191751,57.65383100274573,875.4819111847543,1.0658538232100363,0.5,0.5,1.0,1.0,57.65383100274573,,,,,31.659130715140872,5.626644712005626,64.0,1.0,1.0,0.0,1.0,0.0,0.0,0.0,,,,,,,,,,,,,train
a5a5d9e26b_216cec93_10_5,20260913,a5a5d9e26b161e51e3e8d9a4dad48f8ae9bf8ab8cfbf73998c03c2ff26c3bec2,216cec93185069d84716a438ab8318d56f818f9d2727dd3c1730cbe3a0983711,fred-features-2,count_rate,count / s,30965.0,30965.5,30966.0,review_unscored,,unresolved,bayesian_blocks_coarsened;insufficient_event_bins;single_bin_candidate,1.4078842877018043,48.00784249806793,876.0402532050571,1.0548009550045534,0.5,0.5,1.0,1.0,48.00784249806793,,,,,31.093443512016336,5.576149523821643,64.0,1.0,1.0,0.0,1.0,0.0,0.0,0.0,,,,,,,,,,,,,train
a5a5d9e26b_216cec93_10_6,20260913,a5a5d9e26b161e51e3e8d9a4dad48f8ae9bf8ab8cfbf73998c03c2ff26c3bec2,216cec93185069d84716a438ab8318d56f818f9d2727dd3c1730cbe3a0983711,fred-features-2,count_rate,count / s,30970.0,30972.5,30973.0,review_unscored,,unresolved,bayesian_blocks_coarsened;right_censored,1.8639854196673988,64.02188453950396,876.915127179246,1.0730080740486732,2.5,0.5,3.0,3.0,141.3826881576989,32.13470595341403,13.586446446015088,,,28.895819036982065,5.419870237196841,64.0,1.0,1.0,0.0,1.0,0.0,0.0,1.0,0.1437245192909132,0.9638351748059256,0.9937996038241113,,,,,0.0195950548582452,1.0,,,,train
a5a5d9e26b_216cec93_10_7,20260913,a5a5d9e26b161e51e3e8d9a4dad48f8ae9bf8ab8cfbf73998c03c2ff26c3bec2,216cec93185069d84716a438ab8318d56f818f9d2727dd3c1730cbe3a0983711,fred-features-2,count_rate,count / s,30978.0,30981.5,30982.0,review_unscored,,unresolved,bayesian_blocks_coarsened;no_improvement_over_linear_background;parameter_near_bound,2.040443335343141,70.29674006215589,877.8374762464379,1.0800794474653088,3.5,0.5,4.0,4.0,151.87306664309767,89.46193465260149,36.43085785409994,-1.6233253289868312,2.970260996231332,23.61692291221029,4.970128284311844,64.0,1.0,1.0,0.0,1.0,0.0,0.0,1.0,0.0395196846628232,1.0220249930404657,1.1257789323488203,,,,,0.1123613586289421,0.0,,,,train
a5a5d9e26b_216cec93_10_8,20260913,a5a5d9e26b161e51e3e8d9a4dad48f8ae9bf8ab8cfbf73998c03c2ff26c3bec2,216cec93185069d84716a438ab8318d56f818f9d2727dd3c1730cbe3a0983711,fred-features-2,count_rate,count / s,30985.0,30985.5,30990.0,review_unscored,,unresolved,bayesian_blocks_coarsened;no_improvement_over_linear_background;parameter_near_bound;timescale_unresolved,2.4101054465263174,83.50596623609465,878.1699370842178,1.095090896089382,0.5,4.5,5.0,5.0,219.48632302266788,48.44524505308027,60.30884684291186,-0.2924000899263838,-1.2580491442908013,17.770224009004565,4.402580541689663,64.0,1.0,1.0,0.0,1.0,0.0,0.0,1.0,0.0479685416892394,1.024424181586103,1.1286451320287003,,,,,0.1168536149539606,0.0,,,,train
a5a5d9e26b_216cec93_10_9,20260913,a5a5d9e26b161e51e3e8d9a4dad48f8ae9bf8ab8cfbf73998c03c2ff26c3bec2,216cec93185069d84716a438ab8318d56f818f9d2727dd3c1730cbe3a0983711,fred-features-2,count_rate,count / s,32147.0,32216.5,32222.0,review_unscored,,complex_or_multi_peaked,bayesian_blocks_coarsened;multi_peak_single_component_fit;parameter_near_bound;right_censored,3.0049279603823025,110.40426225048498,997.999546343265,1.1106255635636442,69.5,5.5,75.0,53.0,2119.596268052956,55.58459203377544,60.67668953359373,-0.3270075914462175,0.285888648031356,4.1555651703924905,4.309041004115815,16.0,9.0,1.0,0.0,1.0,1.0,0.0,1.0,0.8385857956658826,1.0291257353253025,1.166073006658113,,,,,-0.0031370397957046,1.0,,,,train
a5a5d9e26b_216cec93_11_0,20260913,a5a5d9e26b161e51e3e8d9a4dad48f8ae9bf8ab8cfbf73998c03c2ff26c3bec2,216cec93185069d84716a438ab8318d56f818f9d2727dd3c1730cbe3a0983711,fred-features-2,count_rate,count / s,33054.0,33075.5,33107.0,review_unscored,,complex_or_multi_peaked,correlated_residuals;left_censored;multi_peak_single_component_fit;parameter_near_bound;right_censored,3.3462766431276125,124.83015085263742,1083.967334498925,1.1151604360018297,21.5,31.5,53.0,47.0,2266.5903931191588,53.21088558280815,53.52547416020036,0.3279131557317954,-0.0635289530728764,2.9536652671044585,2.6713281363335515,16.0,5.0,1.0,0.0,0.0,1.0,0.0,1.0,0.8602901171592681,1.1521327173501643,1.5236021605992,,,,,0.414106474435521,1.0,,,,train
a5a5d9e26b_216cec93_12_0,20260913,a5a5d9e26b161e51e3e8d9a4dad48f8ae9bf8ab8cfbf73998c03c2ff26c3bec2,216cec93185069d84716a438ab8318d56f818f9d2727dd3c1730cbe3a0983711,fred-features-2,count_rate,count / s,37557.0,37657.5,37721.0,review_unscored,,complex_or_multi_peaked,bayesian_blocks_coarsened;multi_peak_single_component_fit;parameter_near_bound;right_censored,3.556140044445632,143.96113373022354,1143.901293027589,1.1258510105790671,100.5,63.5,164.0,162.0,6039.630112665685,82.1438967439974,91.2351947368619,-0.1817082215451751,-0.0853902874665393,39.27012693103661,8.823384882142205,64.0,19.0,1.0,1.0,1.0,1.0,0.0,1.0,0.8314889326393452,1.1094313328714365,1.328196887327261,,,,,0.0217252652578231,1.0,,,,train
a5a5d9e26b_216cec93_12_1,20260913,a5a5d9e26b161e51e3e8d9a4dad48f8ae9bf8ab8cfbf73998c03c2ff26c3bec2,216cec93185069d84716a438ab8318d56f818f9d2727dd3c1730cbe3a0983711,fred-features-2,count_rate,count / s,39235.0,39292.5,39304.0,review_unscored,,complex_or_multi_peaked,bayesian_blocks_coarsened;multi_peak_single_component_fit;parameter_near_bound;right_censored,3.258654597361735,124.0533472997081,975.171262075292,1.1272118571621013,57.5,11.5,69.0,61.0,2385.699706504662,57.51353719833298,76.9739887152524,0.430815177208046,-0.2989984503020109,2.476769987996,3.201562511606826,16.0,7.0,1.0,0.0,0.0,1.0,0.0,1.0,0.8165334355046636,0.9514897853324512,0.9817068705277204,,,,,0.2096869995691039,1.0,,,,train
a5a5d9e26b_216cec93_13_0,20260913,a5a5d9e26b161e51e3e8d9a4dad48f8ae9bf8ab8cfbf73998c03c2ff26c3bec2,216cec93185069d84716a438ab8318d56f818f9d2727dd3c1730cbe3a0983711,fred-features-2,count_rate,count / s,40118.0,40159.5,40182.0,review_unscored,,complex_or_multi_peaked,correlated_residuals;left_censored;multi_peak_single_component_fit;parameter_near_bound;right_censored,3.378933072193783,127.20141050015263,969.9088189920348,1.1311478027721669,41.5,22.5,64.0,52.0,2671.4342108338024,62.55599858905981,43.9310085524051,0.157700368232699,-0.0237944848290649,3.0594741911344463,2.638990832836455,4.0,5.0,1.0,0.0,0.0,1.0,0.0,1.0,0.8171492502986021,1.157825659643202,1.4986929072268032,,,,,0.3796305001513714,1.0,,,,train
a5a5d9e26b_216cec93_14_0,20260913,a5a5d9e26b161e51e3e8d9a4dad48f8ae9bf8ab8cfbf73998c03c2ff26c3bec2,216cec93185069d84716a438ab8318d56f818f9d2727dd3c1730cbe3a0983711,fred-features-2,count_rate,count / s,45349.0,45350.5,45351.0,review_unscored,,unresolved,bayesian_blocks_coarsened;parameter_near_bound;right_censored,1.8497424265690257,64.32171252476383,876.0707435299237,1.0734206832037267,1.5,0.5,2.0,2.0,115.94515720854828,12.698267840979383,-12.698267840979383,,,19.69279560378315,4.489852783124886,64.0,1.0,1.0,0.0,1.0,0.0,0.0,1.0,0.4306006320199363,0.9283375388669004,0.9319917012295158,,,,,-0.1489349433822935,1.0,,,,train
a5a5d9e26b_216cec93_14_1,20260913,a5a5d9e26b161e51e3e8d9a4dad48f8ae9bf8ab8cfbf73998c03c2ff26c3bec2,216cec93185069d84716a438ab8318d56f818f9d2727dd3c1730cbe3a0983711,fred-features-2,count_rate,count / s,45355.0,45355.5,45356.0,review_unscored,,unresolved,bayesian_blocks_coarsened;insufficient_event_bins;single_bin_candidate,1.991550672063668,69.45555844750982,878.0044635251464,1.0791061564409925,0.5,0.5,1.0,1.0,69.45555844750982,,,,,24.69016901196952,4.96892030646191,64.0,1.0,1.0,0.0,1.0,0.0,0.0,0.0,,,,,,,,,,,,,train
a5a5d9e26b_216cec93_14_2,20260913,a5a5d9e26b161e51e3e8d9a4dad48f8ae9bf8ab8cfbf73998c03c2ff26c3bec2,216cec93185069d84716a438ab8318d56f818f9d2727dd3c1730cbe3a0983711,fred-features-2,count_rate,count / s,45358.0,45358.5,45359.0,review_unscored,,unresolved,bayesian_blocks_coarsened;insufficient_event_bins;single_bin_candidate,3.3159404276108537,118.0368498082961,879.1275789026414,1.1342658934163274,0.5,0.5,1.0,1.0,118.0368498082961,,,,,27.2266737799394,5.217918529446335,64.0,1.0,1.0,0.0,1.0,0.0,0.0,0.0,,,,,,,,,,,,,train
a5a5d9e26b_216cec93_14_3,20260913,a5a5d9e26b161e51e3e8d9a4dad48f8ae9bf8ab8cfbf73998c03c2ff26c3bec2,216cec93185069d84716a438ab8318d56f818f9d2727dd3c1730cbe3a0983711,fred-features-2,count_rate,count / s,45361.0,45361.5,45363.0,review_unscored,,unresolved,bayesian_blocks_coarsened;no_improvement_over_linear_background;parameter_near_bound;right_censored,1.6370982682064223,56.84889934449211,880.2224507531641,1.0645846959434506,0.5,1.5,2.0,2.0,107.85586532725029,-5.841933361733936,5.841933361733936,,,29.92293327035509,5.50321124698246,64.0,1.0,1.0,0.0,1.0,0.0,0.0,1.0,0.3923909277407984,0.9636425563714264,0.998072371878242,,,,,-0.0979946958065157,1.0,,,,train
a5a5d9e26b_216cec93_14_4,20260913,a5a5d9e26b161e51e3e8d9a4dad48f8ae9bf8ab8cfbf73998c03c2ff26c3bec2,216cec93185069d84716a438ab8318d56f818f9d2727dd3c1730cbe3a0983711,fred-features-2,count_rate,count / s,45368.0,45368.5,45369.0,review_unscored,,unresolved,bayesian_blocks_coarsened;insufficient_event_bins;single_bin_candidate,2.222781126987919,77.93871230269713,882.6643150410529,1.0882993806077594,0.5,0.5,1.0,1.0,77.93871230269713,,,,,33.977201896243564,5.82899664575676,64.0,1.0,1.0,0.0,1.0,0.0,0.0,0.0,,,,,,,,,,,,,train
a5a5d9e26b_216cec93_14_5,20260913,a5a5d9e26b161e51e3e8d9a4dad48f8ae9bf8ab8cfbf73998c03c2ff26c3bec2,216cec93185069d84716a438ab8318d56f818f9d2727dd3c1730cbe3a0983711,fred-features-2,count_rate,count / s,45371.0,45371.5,45372.0,review_unscored,,unresolved,bayesian_blocks_coarsened;insufficient_event_bins;single_bin_candidate,2.0243291804944503,70.80228757138104,883.661091334869,1.0801238034192795,0.5,0.5,1.0,1.0,70.80228757138104,,,,,35.35321160837161,5.945856675734087,64.0,1.0,1.0,0.0,1.0,0.0,0.0,0.0,,,,,,,,,,,,,train
a5a5d9e26b_216cec93_14_6,20260913,a5a5d9e26b161e51e3e8d9a4dad48f8ae9bf8ab8cfbf73998c03c2ff26c3bec2,216cec93185069d84716a438ab8318d56f818f9d2727dd3c1730cbe3a0983711,fred-features-2,count_rate,count / s,45375.0,45375.5,45378.0,review_unscored,,unresolved,bayesian_blocks_coarsened;no_improvement_over_linear_background;parameter_near_bound;right_censored,2.5605634373532307,90.31770708622196,884.9407157653405,1.1020607431404157,0.5,2.5,3.0,3.0,209.5720982198648,60.489516874538936,60.93526995667003,,,36.87813224782934,6.089596170993195,64.0,1.0,1.0,0.0,1.0,0.0,0.0,1.0,0.1939505920181389,1.0766807507163214,1.2839413489531832,,,,,0.0522978551066985,1.0,,,,train
a5a5d9e26b_216cec93_14_7,20260913,a5a5d9e26b161e51e3e8d9a4dad48f8ae9bf8ab8cfbf73998c03c2ff26c3bec2,216cec93185069d84716a438ab8318d56f818f9d2727dd3c1730cbe3a0983711,fred-features-2,count_rate,count / s,45388.0,45391.5,45392.0,review_unscored,,unresolved,bayesian_blocks_coarsened;no_improvement_over_linear_background;parameter_near_bound;right_censored,2.6753803977537536,94.74186167411835,889.3871056110379,1.1065248878428788,3.5,0.5,4.0,4.0,218.4603446228029,42.64597163810549,28.06607962001158,0.7110750397825129,1.7573233828709824,36.38321985774976,6.063268295124412,64.0,1.0,1.0,0.0,1.0,0.0,0.0,1.0,0.114648185135081,1.1184925368204726,1.3521263096757004,,,,,0.063857485398786,1.0,,,,train
a5a5d9e26b_216cec93_14_8,20260913,a5a5d9e26b161e51e3e8d9a4dad48f8ae9bf8ab8cfbf73998c03c2ff26c3bec2,216cec93185069d84716a438ab8318d56f818f9d2727dd3c1730cbe3a0983711,fred-features-2,count_rate,count / s,45399.0,45401.5,45402.0,review_unscored,,unresolved,bayesian_blocks_coarsened;no_improvement_over_linear_background;parameter_near_bound;right_censored,2.703525881636841,95.82407562888238,891.5274258359614,1.1074830373715432,2.5,0.5,3.0,1.0,104.94874320627788,132.828311311814,83.1331389432587,,,32.21684921254291,5.720481091106755,64.0,1.0,1.0,0.0,1.0,0.0,0.0,1.0,0.0764774781748055,1.1031025255774125,1.3097877697635023,,,,,-0.0007364164974111,1.0,,,,train
a5a5d9e26b_216cec93_14_9,20260913,a5a5d9e26b161e51e3e8d9a4dad48f8ae9bf8ab8cfbf73998c03c2ff26c3bec2,216cec93185069d84716a438ab8318d56f818f9d2727dd3c1730cbe3a0983711,fred-features-2,count_rate,count / s,45411.0,45411.5,45412.0,review_unscored,,unresolved,bayesian_blocks_coarsened;insufficient_event_bins;single_bin_candidate,1.535591569987142,53.53580544658098,893.1034767799815,1.0599435640309007,0.5,0.5,1.0,1.0,53.53580544658098,,,,,25.853996579283244,5.084682544592459,64.0,1.0,1.0,0.0,1.0,0.0,0.0,0.0,,,,,,,,,,,,,train
a5a5d9e26b_216cec93_14_10,20260913,a5a5d9e26b161e51e3e8d9a4dad48f8ae9bf8ab8cfbf73998c03c2ff26c3bec2,216cec93185069d84716a438ab8318d56f818f9d2727dd3c1730cbe3a0983711,fred-features-2,count_rate,count / s,45414.0,45414.5,45415.0,review_unscored,,unresolved,bayesian_blocks_coarsened;insufficient_event_bins;single_bin_candidate,1.6134668519568578,56.3236961634824,893.4585303990176,1.0630400788029055,0.5,0.5,1.0,1.0,56.3236961634824,,,,,23.96650020867281,4.895559233496497,64.0,1.0,1.0,0.0,1.0,0.0,0.0,0.0,,,,,,,,,,,,,train
a5a5d9e26b_216cec93_14_11,20260913,a5a5d9e26b161e51e3e8d9a4dad48f8ae9bf8ab8cfbf73998c03c2ff26c3bec2,216cec93185069d84716a438ab8318d56f818f9d2727dd3c1730cbe3a0983711,fred-features-2,count_rate,count / s,45417.0,45417.5,45418.0,review_unscored,,unresolved,bayesian_blocks_coarsened;insufficient_event_bins;single_bin_candidate,1.3876977417737266,48.28796179674191,893.7581807813831,1.0540279941880089,0.5,0.5,1.0,1.0,48.28796179674191,,,,,22.0668099029644,4.697532320587523,64.0,1.0,1.0,0.0,1.0,0.0,0.0,0.0,,,,,,,,,,,,,train
a5a5d9e26b_216cec93_14_12,20260913,a5a5d9e26b161e51e3e8d9a4dad48f8ae9bf8ab8cfbf73998c03c2ff26c3bec2,216cec93185069d84716a438ab8318d56f818f9d2727dd3c1730cbe3a0983711,fred-features-2,count_rate,count / s,45420.0,45420.5,45421.0,review_unscored,,unresolved,bayesian_blocks_coarsened;insufficient_event_bins;single_bin_candidate,1.853166055230136,64.93450798151446,894.0026868427043,1.0726334595378453,0.5,0.5,1.0,1.0,64.93450798151446,,,,,20.17806587695291,4.492000208921735,64.0,1.0,1.0,0.0,1.0,0.0,0.0,0.0,,,,,,,,,,,,,train
a5a5d9e26b_216cec93_14_13,20260913,a5a5d9e26b161e51e3e8d9a4dad48f8ae9bf8ab8cfbf73998c03c2ff26c3bec2,216cec93185069d84716a438ab8318d56f818f9d2727dd3c1730cbe3a0983711,fred-features-2,count_rate,count / s,45444.0,45444.5,45445.0,review_unscored,,unresolved,bayesian_blocks_coarsened;insufficient_event_bins;single_bin_candidate,3.546487405543082,127.45417544467182,894.0309930123594,1.1425612494878126,0.5,0.5,1.0,1.0,127.45417544467182,,,,,7.295482146594831,2.7010150215418705,64.0,1.0,1.0,1.0,0.0,0.0,0.0,0.0,,,,,,,,,,,,,train
a5a5d9e26b_216cec93_14_14,20260913,a5a5d9e26b161e51e3e8d9a4dad48f8ae9bf8ab8cfbf73998c03c2ff26c3bec2,216cec93185069d84716a438ab8318d56f818f9d2727dd3c1730cbe3a0983711,fred-features-2,count_rate,count / s,45769.0,45772.5,45774.0,review_unscored,,unresolved,bayesian_blocks_coarsened;no_improvement_over_linear_background;timescale_unresolved,4.38743432633761,156.44616828180096,845.0463243939803,1.185133245084517,3.5,1.5,5.0,1.0,279.68375439422584,100.14390658650626,111.39588296364845,0.0250592678784505,1.7871441445837393,6.345470872089793,3.1633083221514537,4.0,1.0,1.0,1.0,0.0,0.0,0.0,1.0,0.1105267583233309,1.0030509554774245,1.0965245186900576,,,,,0.0246375489095966,0.0,,,,train
a5a5d9e26b_216cec93_16_0,20260913,a5a5d9e26b161e51e3e8d9a4dad48f8ae9bf8ab8cfbf73998c03c2ff26c3bec2,216cec93185069d84716a438ab8318d56f818f9d2727dd3c1730cbe3a0983711,fred-features-2,count_rate,count / s,59926.0,59930.5,59931.0,review_unscored,,unresolved,bayesian_blocks_coarsened;no_improvement_over_linear_background;parameter_near_bound,3.5559226242372364,125.42650686225296,790.0285102275908,1.158762000660103,4.5,0.5,5.0,3.0,259.23704689630927,117.10162328951868,55.005933968158615,0.4211032918625815,-1.2200280336932394,5.580397469084228,2.421448634174079,16.0,1.0,1.0,1.0,0.0,0.0,0.0,1.0,0.0328188880557444,1.0122915041315377,1.0927152388852377,,,,,-0.0903758830499717,0.0,,,,train
a5a5d9e26b_216cec93_17_0,20260913,a5a5d9e26b161e51e3e8d9a4dad48f8ae9bf8ab8cfbf73998c03c2ff26c3bec2,216cec93185069d84716a438ab8318d56f818f9d2727dd3c1730cbe3a0983711,fred-features-2,count_rate,count / s,64917.0,64917.5,64918.0,review_unscored,,unresolved,bayesian_blocks_coarsened;insufficient_event_bins;single_bin_candidate,3.658124891238769,146.1101007256916,1028.3679266180584,1.142079597140098,0.5,0.5,1.0,1.0,146.1101007256916,,,,,0.2570846205816743,0.5070351275618626,16.0,1.0,1.0,1.0,0.0,0.0,0.0,0.0,,,,,,,,,,,,,train
a5a5d9e26b_216cec93_17_1,20260913,a5a5d9e26b161e51e3e8d9a4dad48f8ae9bf8ab8cfbf73998c03c2ff26c3bec2,216cec93185069d84716a438ab8318d56f818f9d2727dd3c1730cbe3a0983711,fred-features-2,count_rate,count / s,65364.0,65479.5,65508.0,review_unscored,,complex_or_multi_peaked,bayesian_blocks_coarsened;multi_peak_single_component_fit;parameter_near_bound;right_censored,2.767177838839951,112.99893983932044,1133.3474957075546,1.099703700998408,115.5,28.5,144.0,143.0,3130.2092510742564,80.45421929192332,70.9511190204114,-0.1280762605283072,-0.46379822861853,58.17348464772532,10.862313314500682,64.0,16.0,1.0,0.0,1.0,1.0,0.0,1.0,0.5951645881216474,1.012499354867345,1.0757502099208345,,,,,-0.0071326755215589,1.0,,,,train
a5a5d9e26b_216cec93_17_2,20260913,a5a5d9e26b161e51e3e8d9a4dad48f8ae9bf8ab8cfbf73998c03c2ff26c3bec2,216cec93185069d84716a438ab8318d56f818f9d2727dd3c1730cbe3a0983711,fred-features-2,count_rate,count / s,66116.0,66116.5,66124.0,review_unscored,,unresolved,bayesian_blocks_coarsened;no_improvement_over_linear_background;parameter_near_bound;timescale_unresolved,3.59401363311448,147.7428699153163,1122.1045421940587,1.1316658692303605,0.5,7.5,8.0,8.0,443.8351263389277,66.92464857509435,116.29459824335436,-0.4504802232111558,0.1979511922472263,6.870259905729712,2.7665791660735075,16.0,1.0,1.0,1.0,0.0,0.0,0.0,1.0,0.0678026066942657,1.049804703687839,1.184924132595814,,,,,0.0248381493884874,0.0,,,,train
a5a5d9e26b_216cec93_17_3,20260913,a5a5d9e26b161e51e3e8d9a4dad48f8ae9bf8ab8cfbf73998c03c2ff26c3bec2,216cec93185069d84716a438ab8318d56f818f9d2727dd3c1730cbe3a0983711,fred-features-2,count_rate,count / s,67329.0,67329.5,67331.0,review_unscored,,unresolved,bayesian_blocks_coarsened;no_improvement_over_linear_background;parameter_near_bound,2.039593468312245,82.37115769832621,1127.6585053876113,1.073046190229384,0.5,1.5,2.0,2.0,150.94074977750483,-13.801565619147595,13.801565619147595,,,19.25628913477371,4.424284167981293,64.0,1.0,1.0,0.0,1.0,0.0,0.0,1.0,0.0053385114838158,0.9998851549194386,1.074304628845307,,,,,-0.0452121056957043,0.0,,,,train
a5a5d9e26b_216cec93_17_4,20260913,a5a5d9e26b161e51e3e8d9a4dad48f8ae9bf8ab8cfbf73998c03c2ff26c3bec2,216cec93185069d84716a438ab8318d56f818f9d2727dd3c1730cbe3a0983711,fred-features-2,count_rate,count / s,67344.0,67344.5,67345.0,review_unscored,,unresolved,bayesian_blocks_coarsened;insufficient_event_bins;single_bin_candidate,1.8629775743679573,75.09630329540937,1128.811777759278,1.0665268601683775,0.5,0.5,1.0,1.0,75.09630329540937,,,,,28.227555002065305,5.312961039012549,64.0,1.0,1.0,0.0,1.0,0.0,0.0,0.0,,,,,,,,,,,,,train
a5a5d9e26b_216cec93_17_5,20260913,a5a5d9e26b161e51e3e8d9a4dad48f8ae9bf8ab8cfbf73998c03c2ff26c3bec2,216cec93185069d84716a438ab8318d56f818f9d2727dd3c1730cbe3a0983711,fred-features-2,count_rate,count / s,67355.0,67355.5,67356.0,review_unscored,,unresolved,bayesian_blocks_coarsened;insufficient_event_bins;single_bin_candidate,1.4205769824188472,56.959518993977326,1129.845168506023,1.0504135615938368,0.5,0.5,1.0,1.0,56.959518993977326,,,,,32.895572605258685,5.735466206443787,64.0,1.0,1.0,0.0,1.0,0.0,0.0,0.0,,,,,,,,,,,,,train
a5a5d9e26b_216cec93_17_6,20260913,a5a5d9e26b161e51e3e8d9a4dad48f8ae9bf8ab8cfbf73998c03c2ff26c3bec2,216cec93185069d84716a438ab8318d56f818f9d2727dd3c1730cbe3a0983711,fred-features-2,count_rate,count / s,67374.0,67374.5,67376.0,review_unscored,,unresolved,bayesian_blocks_coarsened;no_improvement_over_linear_background;parameter_near_bound;right_censored;timescale_unresolved,1.839932668554362,74.21938228535919,1131.9574975974533,1.0655672871489323,0.5,1.5,2.0,2.0,132.566432818649,-15.872331752069384,15.872331752069384,,,15.148725816145436,5.482681539268466,64.0,1.0,1.0,0.0,1.0,0.0,0.0,1.0,0.0457574604845468,0.9266991256035628,0.919027073761998,,,,,-0.0547740730525587,1.0,,,,train
a5a5d9e26b_216cec93_17_7,20260913,a5a5d9e26b161e51e3e8d9a4dad48f8ae9bf8ab8cfbf73998c03c2ff26c3bec2,216cec93185069d84716a438ab8318d56f818f9d2727dd3c1730cbe3a0983711,fred-features-2,count_rate,count / s,67535.0,67566.5,67607.0,review_unscored,,complex_or_multi_peaked,bayesian_blocks_coarsened;multi_peak_single_component_fit;parameter_near_bound;right_censored,3.758336001985404,165.42157135861862,1343.2361434851314,1.1231515189350247,31.5,40.5,72.0,32.0,2958.552079769695,63.52955347062061,57.968435832637056,0.0453038823630777,0.785411945263017,5.231604526986055,5.673544185369045,16.0,7.0,1.0,1.0,1.0,1.0,0.0,1.0,0.905305564639943,0.9054451264755328,0.8968416590862046,,,,,0.1984739046511306,1.0,,,,train
a5a5d9e26b_216cec93_18_0,20260913,a5a5d9e26b161e51e3e8d9a4dad48f8ae9bf8ab8cfbf73998c03c2ff26c3bec2,216cec93185069d84716a438ab8318d56f818f9d2727dd3c1730cbe3a0983711,fred-features-2,count_rate,count / s,68442.0,68461.5,68492.0,review_unscored,,complex_or_multi_peaked,correlated_residuals;left_censored;multi_peak_single_component_fit;parameter_near_bound;right_censored,4.20543173309572,212.55475933663843,1954.7814223039863,1.1087358192130312,19.5,30.5,50.0,48.0,4374.621178362372,78.22022870609374,117.05152550740549,-0.1655889988828603,-0.1331077981166704,10.727342425306295,4.766509203096071,16.0,5.0,1.0,1.0,1.0,1.0,0.0,1.0,0.7349563439506535,1.400643276824892,2.178893013514837,,,,,0.4747672235197721,1.0,,,,train
a5a5d9e26b_216cec93_18_1,20260913,a5a5d9e26b161e51e3e8d9a4dad48f8ae9bf8ab8cfbf73998c03c2ff26c3bec2,216cec93185069d84716a438ab8318d56f818f9d2727dd3c1730cbe3a0983711,fred-features-2,count_rate,count / s,68668.0,68668.5,68669.0,review_unscored,,unresolved,insufficient_event_bins;single_bin_candidate,1.7263155515202304,83.76920428471135,1889.824301574664,1.044326450990662,0.5,0.5,1.0,1.0,83.76920428471135,,,,,39.58562925142994,6.29171115448174,64.0,1.0,1.0,0.0,1.0,0.0,0.0,0.0,,,,,,,,,,,,,train
a5a5d9e26b_216cec93_18_2,20260913,a5a5d9e26b161e51e3e8d9a4dad48f8ae9bf8ab8cfbf73998c03c2ff26c3bec2,216cec93185069d84716a438ab8318d56f818f9d2727dd3c1730cbe3a0983711,fred-features-2,count_rate,count / s,68672.0,68672.5,68673.0,review_unscored,,unresolved,insufficient_event_bins;single_bin_candidate,1.8895732912339327,91.94683013590816,1894.6729208406543,1.048529130872421,0.5,0.5,1.0,1.0,91.94683013590816,,,,,42.65623319435515,6.531173952235169,64.0,1.0,1.0,0.0,1.0,0.0,0.0,0.0,,,,,,,,,,,,,train
a5a5d9e26b_216cec93_18_3,20260913,a5a5d9e26b161e51e3e8d9a4dad48f8ae9bf8ab8cfbf73998c03c2ff26c3bec2,216cec93185069d84716a438ab8318d56f818f9d2727dd3c1730cbe3a0983711,fred-features-2,count_rate,count / s,68698.0,68698.5,68699.0,review_unscored,,unresolved,insufficient_event_bins;single_bin_candidate,2.430663281411887,119.81100591837117,1926.0307909566288,1.0622061736919912,0.5,0.5,1.0,1.0,119.81100591837117,,,,,45.79893699805004,6.767491189358878,64.0,1.0,1.0,0.0,1.0,0.0,0.0,0.0,,,,,,,,,,,,,train
a5a5d9e26b_216cec93_18_4,20260913,a5a5d9e26b161e51e3e8d9a4dad48f8ae9bf8ab8cfbf73998c03c2ff26c3bec2,216cec93185069d84716a438ab8318d56f818f9d2727dd3c1730cbe3a0983711,fred-features-2,count_rate,count / s,68703.0,68703.5,68704.0,review_unscored,,unresolved,insufficient_event_bins;single_bin_candidate,1.627561713650689,79.6182537467439,1932.010896643881,1.0412100438382876,0.5,0.5,1.0,1.0,79.6182537467439,,,,,43.60055282025206,6.60307146866154,64.0,1.0,1.0,0.0,1.0,0.0,0.0,0.0,,,,,,,,,,,,,train
a5a5d9e26b_216cec93_18_5,20260913,a5a5d9e26b161e51e3e8d9a4dad48f8ae9bf8ab8cfbf73998c03c2ff26c3bec2,216cec93185069d84716a438ab8318d56f818f9d2727dd3c1730cbe3a0983711,fred-features-2,count_rate,count / s,68710.0,68710.5,68711.0,review_unscored,,unresolved,insufficient_event_bins;single_bin_candidate,1.5852823599723684,77.65402170363245,1940.341461694805,1.0400208021302626,0.5,0.5,1.0,1.0,77.65402170363245,,,,,39.48947675068355,6.284065304457263,64.0,1.0,1.0,0.0,1.0,0.0,0.0,0.0,,,,,,,,,,,,,train
a5a5d9e26b_216cec93_18_6,20260913,a5a5d9e26b161e51e3e8d9a4dad48f8ae9bf8ab8cfbf73998c03c2ff26c3bec2,216cec93185069d84716a438ab8318d56f818f9d2727dd3c1730cbe3a0983711,fred-features-2,count_rate,count / s,68718.0,68718.5,68721.0,review_unscored,,unresolved,no_improvement_over_linear_background;parameter_near_bound;right_censored;timescale_unresolved,2.9034325810102453,144.5506345476408,1949.8077638898592,1.0741358390425435,0.5,2.5,3.0,3.0,209.0137800518676,82.08375738784571,153.3609404894503,,,32.94294253474467,5.807097059456538,64.0,1.0,1.0,0.0,1.0,0.0,0.0,1.0,0.609741794401512,1.077104907795444,1.239133232667487,,,,,0.2615745306903888,1.0,,,,train
a5a5d9e26b_216cec93_18_7,20260913,a5a5d9e26b161e51e3e8d9a4dad48f8ae9bf8ab8cfbf73998c03c2ff26c3bec2,216cec93185069d84716a438ab8318d56f818f9d2727dd3c1730cbe3a0983711,fred-features-2,count_rate,count / s,68725.0,68726.5,68727.0,review_unscored,,unresolved,no_improvement_over_linear_background;parameter_near_bound;right_censored,2.4666333310466952,122.48761444820887,1959.239192192416,1.062517948260898,1.5,0.5,2.0,2.0,193.2295138994375,51.74571499698027,-51.74571499698027,,,27.726300183387576,5.304256922057919,64.0,1.0,1.0,0.0,1.0,0.0,0.0,1.0,0.6155763908795797,1.050037584342005,1.1859613677947356,,,,,0.2801817480392115,1.0,,,,train
a5a5d9e26b_216cec93_18_8,20260913,a5a5d9e26b161e51e3e8d9a4dad48f8ae9bf8ab8cfbf73998c03c2ff26c3bec2,216cec93185069d84716a438ab8318d56f818f9d2727dd3c1730cbe3a0983711,fred-features-2,count_rate,count / s,68732.0,68732.5,68734.0,review_unscored,,unresolved,correlated_residuals;no_improvement_over_linear_background;parameter_near_bound;right_censored,2.067944528997114,102.41564665631722,1966.303347484308,1.0520853747146126,0.5,1.5,2.0,2.0,185.9250620946782,-18.906231217956247,18.906231217956247,,,22.001758765921053,4.733583625114555,64.0,1.0,1.0,0.0,1.0,0.0,0.0,1.0,0.6029525518557941,1.0891561414644684,1.2674269963544418,,,,,0.3099241669255579,1.0,,,,train
a5a5d9e26b_216cec93_19_0,20260913,a5a5d9e26b161e51e3e8d9a4dad48f8ae9bf8ab8cfbf73998c03c2ff26c3bec2,216cec93185069d84716a438ab8318d56f818f9d2727dd3c1730cbe3a0983711,fred-features-2,count_rate,count / s,71415.0,71415.5,71416.0,review_unscored,,unresolved,bayesian_blocks_coarsened;insufficient_event_bins;single_bin_candidate,2.022545066488936,108.30403440000372,2168.1188171624963,1.0499529977520998,0.5,0.5,1.0,1.0,108.30403440000372,,,,,16.588495922226844,4.07289773039133,64.0,1.0,1.0,0.0,1.0,0.0,0.0,0.0,,,,,,,,,,,,,train
a5a5d9e26b_216cec93_19_1,20260913,a5a5d9e26b161e51e3e8d9a4dad48f8ae9bf8ab8cfbf73998c03c2ff26c3bec2,216cec93185069d84716a438ab8318d56f818f9d2727dd3c1730cbe3a0983711,fred-features-2,count_rate,count / s,71419.0,71419.5,71420.0,review_unscored,,unresolved,bayesian_blocks_coarsened;insufficient_event_bins;single_bin_candidate,2.4224193403491,130.17835348683684,2166.467642606913,1.0600878364978454,0.5,0.5,1.0,1.0,130.17835348683684,,,,,17.01465122883674,4.12488196544298,64.0,1.0,1.0,0.0,1.0,0.0,0.0,0.0,,,,,,,,,,,,,train
a5a5d9e26b_216cec93_19_2,20260913,a5a5d9e26b161e51e3e8d9a4dad48f8ae9bf8ab8cfbf73998c03c2ff26c3bec2,216cec93185069d84716a438ab8318d56f818f9d2727dd3c1730cbe3a0983711,fred-features-2,count_rate,count / s,73383.0,73386.5,73387.0,review_unscored,,unresolved,bayesian_blocks_coarsened;no_improvement_over_linear_background,3.515457309823496,179.81859903732266,1856.5467574079896,1.096856488165359,3.5,0.5,4.0,4.0,267.8500782991157,136.98833941208943,203.6147069551455,-1.1326137174294584,1.825629799039957,6.238876522821689,2.978217662096158,4.0,1.0,1.0,1.0,0.0,0.0,0.0,1.0,0.0259967240600172,1.1155800376252711,1.3239802637193532,,,,,0.073154808955512,0.0,,,,train
a5a5d9e26b_216cec93_19_3,20260913,a5a5d9e26b161e51e3e8d9a4dad48f8ae9bf8ab8cfbf73998c03c2ff26c3bec2,216cec93185069d84716a438ab8318d56f818f9d2727dd3c1730cbe3a0983711,fred-features-2,count_rate,count / s,75113.0,75113.5,75114.0,review_unscored,,unresolved,bayesian_blocks_coarsened;insufficient_event_bins;single_bin_candidate,2.037635791661577,95.4237166417022,1518.9742325770478,1.0628211556161875,0.5,0.5,1.0,1.0,95.4237166417022,,,,,17.77922331430483,4.216541629618381,64.0,1.0,1.0,0.0,1.0,0.0,0.0,0.0,,,,,,,,,,,,,train
a5a5d9e26b_216cec93_19_4,20260913,a5a5d9e26b161e51e3e8d9a4dad48f8ae9bf8ab8cfbf73998c03c2ff26c3bec2,216cec93185069d84716a438ab8318d56f818f9d2727dd3c1730cbe3a0983711,fred-features-2,count_rate,count / s,75116.0,75116.5,75117.0,review_unscored,,unresolved,bayesian_blocks_coarsened;insufficient_event_bins;single_bin_candidate,1.4724458865760184,68.5180769056492,1518.3638811021633,1.045126255806291,0.5,0.5,1.0,1.0,68.5180769056492,,,,,18.62377791426375,4.315527536033544,64.0,1.0,1.0,0.0,1.0,0.0,0.0,0.0,,,,,,,,,,,,,train
a5a5d9e26b_216cec93_19_5,20260913,a5a5d9e26b161e51e3e8d9a4dad48f8ae9bf8ab8cfbf73998c03c2ff26c3bec2,216cec93185069d84716a438ab8318d56f818f9d2727dd3c1730cbe3a0983711,fred-features-2,count_rate,count / s,75120.0,75120.5,75121.0,review_unscored,,unresolved,bayesian_blocks_coarsened;insufficient_event_bins;single_bin_candidate,1.6548451353925209,77.14512936452797,1517.519665557347,1.0508363292519145,0.5,0.5,1.0,1.0,77.14512936452797,,,,,19.38767920635496,4.403144240920908,64.0,1.0,1.0,0.0,1.0,0.0,0.0,0.0,,,,,,,,,,,,,train
a5a5d9e26b_216cec93_19_6,20260913,a5a5d9e26b161e51e3e8d9a4dad48f8ae9bf8ab8cfbf73998c03c2ff26c3bec2,216cec93185069d84716a438ab8318d56f818f9d2727dd3c1730cbe3a0983711,fred-features-2,count_rate,count / s,75127.0,75127.5,75128.0,review_unscored,,unresolved,bayesian_blocks_coarsened;insufficient_event_bins;single_bin_candidate,2.441973453902168,114.78827669177169,1515.9701461597908,1.0757193517184689,0.5,0.5,1.0,1.0,114.78827669177169,,,,,19.58467814338137,4.425457958605118,64.0,1.0,1.0,0.0,1.0,0.0,0.0,0.0,,,,,,,,,,,,,train
a5a5d9e26b_216cec93_19_7,20260913,a5a5d9e26b161e51e3e8d9a4dad48f8ae9bf8ab8cfbf73998c03c2ff26c3bec2,216cec93185069d84716a438ab8318d56f818f9d2727dd3c1730cbe3a0983711,fred-features-2,count_rate,count / s,75793.0,75793.5,75794.0,review_unscored,,unresolved,bayesian_blocks_coarsened;insufficient_event_bins;single_bin_candidate,4.084919097913315,194.1285570995481,1485.0986157520144,1.1307176203926677,0.5,0.5,1.0,1.0,194.1285570995481,,,,,0.8724470783555373,0.9340487558770888,4.0,1.0,1.0,1.0,0.0,0.0,0.0,0.0,,,,,,,,,,,,,train
a5a5d9e26b_216cec93_20_0,20260913,a5a5d9e26b161e51e3e8d9a4dad48f8ae9bf8ab8cfbf73998c03c2ff26c3bec2,216cec93185069d84716a438ab8318d56f818f9d2727dd3c1730cbe3a0983711,fred-features-2,count_rate,count / s,81321.0,81322.5,81323.0,review_unscored,,unresolved,bayesian_blocks_coarsened;no_improvement_over_linear_background;parameter_near_bound;timescale_unresolved,3.633138045468785,139.42246255995292,1023.2728499400472,1.1362515018043542,1.5,0.5,2.0,1.0,199.85942080153404,78.9855043183718,-78.9855043183718,,,6.102615341113996,2.5931104338937083,4.0,1.0,1.0,1.0,0.0,0.0,0.0,1.0,0.072039836127134,0.9971923987105212,1.09867159397238,,,,,0.0796607573548168,0.0,,,,train
ea92236196_216cec93_1_0,20260916,ea922361960c68d14707e798350d69dd47c8b6bd6510e824e0e36d0e53777072,216cec93185069d84716a438ab8318d56f818f9d2727dd3c1730cbe3a0983711,fred-features-2,count_rate,count / s,995.0,996.5,998.0,review_unscored,,unresolved,bayesian_blocks_coarsened;timescale_unresolved,3.5527259006517897,106.40153282544748,630.2650321159588,1.1688203016249064,1.5,1.5,3.0,2.0,205.3273018028937,64.3297601023628,49.54753657108597,,,3.338739208949612,1.98961814222816,4.0,1.0,1.0,1.0,0.0,0.0,0.0,1.0,0.0904402581174589,0.9288449562777412,0.9613130395963532,,,,,-0.0309167929294956,0.0,,,,train
ea92236196_216cec93_2_0,20260916,ea922361960c68d14707e798350d69dd47c8b6bd6510e824e0e36d0e53777072,216cec93185069d84716a438ab8318d56f818f9d2727dd3c1730cbe3a0983711,fred-features-2,count_rate,count / s,5573.0,5573.5,5576.0,review_unscored,,unresolved,bayesian_blocks_coarsened;no_improvement_over_linear_background;parameter_near_bound;right_censored;timescale_unresolved,3.541061413975991,108.96308541353731,677.8375737661502,1.1607510259546765,0.5,2.5,3.0,1.0,143.13283412394264,53.497306209477415,118.62686416307338,,,3.63840651273868,2.058690171338332,4.0,1.0,1.0,1.0,0.0,0.0,0.0,1.0,0.0191026750332534,0.9372280703442386,0.9351395216012142,,,,,-0.1166044851101078,1.0,,,,train
ea92236196_216cec93_2_1,20260916,ea922361960c68d14707e798350d69dd47c8b6bd6510e824e0e36d0e53777072,216cec93185069d84716a438ab8318d56f818f9d2727dd3c1730cbe3a0983711,fred-features-2,count_rate,count / s,8237.0,8237.5,8238.0,review_unscored,,unresolved,bayesian_blocks_coarsened;insufficient_event_bins;single_bin_candidate,3.6317800122924657,109.78756836240746,643.31680175478,1.1706586367135745,0.5,0.5,1.0,1.0,109.78756836240746,,,,,1.726006481791589,1.313775658851841,4.0,1.0,1.0,1.0,0.0,0.0,0.0,0.0,,,,,,,,,,,,,train
ea92236196_216cec93_3_0,20260916,ea922361960c68d14707e798350d69dd47c8b6bd6510e824e0e36d0e53777072,216cec93185069d84716a438ab8318d56f818f9d2727dd3c1730cbe3a0983711,fred-features-2,count_rate,count / s,14179.0,14179.5,14180.0,review_unscored,,unresolved,bayesian_blocks_coarsened;insufficient_event_bins;single_bin_candidate,3.5195861769900088,107.69333503567748,639.46572258151,1.168411427278575,0.5,0.5,1.0,1.0,107.69333503567748,,,,,0.2113025318684371,0.4596765513580577,4.0,1.0,1.0,1.0,0.0,0.0,0.0,0.0,,,,,,,,,,,,,train
ea92236196_216cec93_4_0,20260916,ea922361960c68d14707e798350d69dd47c8b6bd6510e824e0e36d0e53777072,216cec93185069d84716a438ab8318d56f818f9d2727dd3c1730cbe3a0983711,fred-features-2,count_rate,count / s,20505.0,20506.5,20507.0,review_unscored,,unresolved,bayesian_blocks_coarsened;timescale_unresolved,3.7112849978987033,112.5383561916716,636.1442609958284,1.1769069739236546,1.5,0.5,2.0,2.0,172.95041538083854,52.12629700250466,-52.12629700250466,,,5.137536019595082,2.6038092350254285,4.0,1.0,1.0,1.0,0.0,0.0,0.0,1.0,0.0888517181120494,0.951431232602328,1.0235040354548708,,,,,-0.0457488592159586,0.0,,,,train
ea92236196_216cec93_4_1,20260916,ea922361960c68d14707e798350d69dd47c8b6bd6510e824e0e36d0e53777072,216cec93185069d84716a438ab8318d56f818f9d2727dd3c1730cbe3a0983711,fred-features-2,count_rate,count / s,21001.0,21001.5,21002.0,review_unscored,,unresolved,bayesian_blocks_coarsened;insufficient_event_bins;single_bin_candidate,3.5930543308920497,108.74618048816228,636.4556627735565,1.170862146177263,0.5,0.5,1.0,1.0,108.74618048816228,,,,,6.99990850286075,2.645734019674077,64.0,1.0,1.0,1.0,0.0,0.0,0.0,0.0,,,,,,,,,,,,,train
ea92236196_216cec93_5_0,20260916,ea922361960c68d14707e798350d69dd47c8b6bd6510e824e0e36d0e53777072,216cec93185069d84716a438ab8318d56f818f9d2727dd3c1730cbe3a0983711,fred-features-2,count_rate,count / s,27812.0,27812.5,27813.0,review_unscored,,unresolved,bayesian_blocks_coarsened;insufficient_event_bins;single_bin_candidate,3.5675898245773534,109.9620253467424,628.3552353954451,1.174999775847399,0.5,0.5,1.0,1.0,109.9620253467424,,,,,1.8992248291611828,1.3781236625068096,4.0,1.0,1.0,1.0,0.0,0.0,0.0,0.0,,,,,,,,,,,,,train
ea92236196_216cec93_5_1,20260916,ea922361960c68d14707e798350d69dd47c8b6bd6510e824e0e36d0e53777072,216cec93185069d84716a438ab8318d56f818f9d2727dd3c1730cbe3a0983711,fred-features-2,count_rate,count / s,28975.0,29021.5,29043.0,review_unscored,,complex_or_multi_peaked,bayesian_blocks_coarsened;multi_peak_single_component_fit;parameter_near_bound;right_censored,2.9112624316738622,93.37300827360468,721.7230000271766,1.1293751318304788,46.5,21.5,68.0,50.0,1958.8932070703072,39.33447395122164,34.33099795392417,0.1502198493196909,0.2507100860703408,7.22381709274838,4.36861677094377,16.0,6.0,1.0,0.0,1.0,1.0,0.0,1.0,0.7881179405557418,0.977260273854331,1.0499902544315012,,,,,-0.0576630545057419,1.0,,,,train
ea92236196_216cec93_6_0,20260916,ea922361960c68d14707e798350d69dd47c8b6bd6510e824e0e36d0e53777072,216cec93185069d84716a438ab8318d56f818f9d2727dd3c1730cbe3a0983711,fred-features-2,count_rate,count / s,29862.0,29889.5,29945.0,review_unscored,,complex_or_multi_peaked,left_censored;multi_peak_single_component_fit;parameter_near_bound;right_censored,2.8391111537932545,113.12000216760804,952.0651784964545,1.1188153970154149,27.5,55.5,83.0,76.0,2519.201123942425,63.71154925784134,138.78721386764562,0.5613482865296567,-0.136766944094659,2.9965572088379298,2.681424144600068,16.0,7.0,1.0,0.0,0.0,1.0,0.0,1.0,0.8285698110804723,0.9882311717047836,1.063484098755324,,,,,0.083408940798835,1.0,,,,train
ea92236196_216cec93_8_0,20260916,ea922361960c68d14707e798350d69dd47c8b6bd6510e824e0e36d0e53777072,216cec93185069d84716a438ab8318d56f818f9d2727dd3c1730cbe3a0983711,fred-features-2,count_rate,count / s,34871.0,34871.5,34872.0,review_unscored,,unresolved,bayesian_blocks_coarsened;insufficient_event_bins;single_bin_candidate,3.5450949637506537,111.82165873466488,652.0506557184601,1.1714922878368317,0.5,0.5,1.0,1.0,111.82165873466488,,,,,1.0438297644112182,1.021679873742856,64.0,1.0,1.0,1.0,0.0,0.0,0.0,0.0,,,,,,,,,,,,,train
ea92236196_216cec93_9_0,20260916,ea922361960c68d14707e798350d69dd47c8b6bd6510e824e0e36d0e53777072,216cec93185069d84716a438ab8318d56f818f9d2727dd3c1730cbe3a0983711,fred-features-2,count_rate,count / s,39779.0,39779.5,39781.0,review_unscored,,unresolved,bayesian_blocks_coarsened;no_improvement_over_linear_background;parameter_near_bound;right_censored,3.775250954053919,131.88293909023685,845.7867386441382,1.1559293058929434,0.5,1.5,2.0,2.0,200.12426775905408,-63.641610421419614,63.641610421419614,,,5.506565093027228,2.35139624105123,64.0,1.0,1.0,1.0,0.0,0.0,0.0,1.0,0.066091533360673,0.9023492562757052,0.9006896559498251,,,,,0.0297770516057034,1.0,,,,train
ea92236196_216cec93_9_1,20260916,ea922361960c68d14707e798350d69dd47c8b6bd6510e824e0e36d0e53777072,216cec93185069d84716a438ab8318d56f818f9d2727dd3c1730cbe3a0983711,fred-features-2,count_rate,count / s,42660.0,42660.5,42661.0,review_unscored,,unresolved,bayesian_blocks_coarsened;insufficient_event_bins;single_bin_candidate,3.5547401154496834,117.20100734675805,729.5240292743357,1.1606540739492008,0.5,0.5,1.0,1.0,117.20100734675805,,,,,0.4758488709402382,0.6898179984171464,4.0,1.0,1.0,1.0,0.0,0.0,0.0,0.0,,,,,,,,,,,,,train
ea92236196_216cec93_9_2,20260916,ea922361960c68d14707e798350d69dd47c8b6bd6510e824e0e36d0e53777072,216cec93185069d84716a438ab8318d56f818f9d2727dd3c1730cbe3a0983711,fred-features-2,count_rate,count / s,43128.0,43158.5,43208.0,review_unscored,,complex_or_multi_peaked,bayesian_blocks_coarsened;multi_peak_single_component_fit;parameter_near_bound;right_censored,3.96683445481452,140.23786978440535,865.7247766999697,1.161988975663806,30.5,49.5,80.0,75.0,2427.7860627662662,115.07378143149822,77.44690641331408,0.1834648295973627,0.4775840275476954,3.390266119679582,4.644974722024122,16.0,7.0,1.0,1.0,1.0,1.0,0.0,1.0,0.7883748652269122,1.0193072122739983,1.1312724016280822,,,,,0.1916170613786665,1.0,,,,train
ea92236196_216cec93_10_0,20260916,ea922361960c68d14707e798350d69dd47c8b6bd6510e824e0e36d0e53777072,216cec93185069d84716a438ab8318d56f818f9d2727dd3c1730cbe3a0983711,fred-features-2,count_rate,count / s,44023.0,44077.5,44100.0,review_unscored,,complex_or_multi_peaked,correlated_residuals;left_censored;multi_peak_single_component_fit;parameter_near_bound;right_censored,2.876854055560026,95.4906910802814,805.7469187829998,1.118512015192699,54.5,22.5,77.0,72.0,1969.5471307892235,61.4794800565453,57.72094820189557,-0.6379808774401874,0.7626343615992632,5.198528140356157,3.773224440515492,16.0,6.0,1.0,0.0,0.0,1.0,0.0,1.0,0.8216027966451629,1.108072364656544,1.391265554367396,,,,,0.3139439862660356,1.0,,,,train
ea92236196_216cec93_12_0,20260916,ea922361960c68d14707e798350d69dd47c8b6bd6510e824e0e36d0e53777072,216cec93185069d84716a438ab8318d56f818f9d2727dd3c1730cbe3a0983711,fred-features-2,count_rate,count / s,49013.0,49013.5,49014.0,review_unscored,,unresolved,bayesian_blocks_coarsened;insufficient_event_bins;single_bin_candidate,3.945605140401212,124.58938738570691,659.6350999189806,1.188876224750638,0.5,0.5,1.0,1.0,124.58938738570691,,,,,2.754166230180063,1.6595680854306831,64.0,1.0,1.0,1.0,0.0,0.0,0.0,0.0,,,,,,,,,,,,,train
ea92236196_216cec93_12_1,20260916,ea922361960c68d14707e798350d69dd47c8b6bd6510e824e0e36d0e53777072,216cec93185069d84716a438ab8318d56f818f9d2727dd3c1730cbe3a0983711,fred-features-2,count_rate,count / s,51514.0,51514.5,51521.0,review_unscored,,unresolved,bayesian_blocks_coarsened;no_improvement_over_linear_background;right_censored;timescale_unresolved,3.6634432938317545,115.49843829802614,664.8309074050989,1.1737260362169804,0.5,6.5,7.0,4.0,271.7016421591651,46.6332476869556,133.5238130538977,-0.2524863371333269,-0.3450276625914936,5.851545555044917,3.159904520610791,4.0,1.0,1.0,1.0,0.0,0.0,0.0,1.0,0.0572736269622814,1.0008518149155268,1.0713779180943086,,,,,0.0400419890434759,1.0,,,,train
ea92236196_216cec93_13_0,20260916,ea922361960c68d14707e798350d69dd47c8b6bd6510e824e0e36d0e53777072,216cec93185069d84716a438ab8318d56f818f9d2727dd3c1730cbe3a0983711,fred-features-2,count_rate,count / s,53882.0,53882.5,53883.0,review_unscored,,unresolved,bayesian_blocks_coarsened;insufficient_event_bins;single_bin_candidate,3.698132941765365,110.38097908533484,629.0028710123214,1.175485652247798,0.5,0.5,1.0,1.0,110.38097908533484,,,,,7.118240469305853,2.6680030864498363,4.0,1.0,1.0,1.0,0.0,0.0,0.0,0.0,,,,,,,,,,,,,train
ea92236196_216cec93_13_1,20260916,ea922361960c68d14707e798350d69dd47c8b6bd6510e824e0e36d0e53777072,216cec93185069d84716a438ab8318d56f818f9d2727dd3c1730cbe3a0983711,fred-features-2,count_rate,count / s,55747.0,55747.5,55750.0,review_unscored,,unresolved,bayesian_blocks_coarsened;no_improvement_over_linear_background;parameter_near_bound;right_censored,3.5547753212742523,105.32779267994135,621.8821682575586,1.169369372617738,0.5,2.5,3.0,3.0,100.48507120033526,125.90300212327202,170.7006544813804,,,0.7876137160836567,0.897942688143141,64.0,1.0,1.0,1.0,0.0,0.0,0.0,1.0,0.0120856591810035,1.1178103373983193,1.3667170641926774,,,,,-0.1255513838252175,1.0,,,,train
ea92236196_216cec93_13_2,20260916,ea922361960c68d14707e798350d69dd47c8b6bd6510e824e0e36d0e53777072,216cec93185069d84716a438ab8318d56f818f9d2727dd3c1730cbe3a0983711,fred-features-2,count_rate,count / s,56411.0,56411.5,56413.0,review_unscored,,unresolved,bayesian_blocks_coarsened;timescale_unresolved,3.959084015763371,118.344337411595,624.4077988188737,1.1895305241789973,0.5,1.5,2.0,2.0,181.27054664092412,-55.41812818226583,55.41812818226583,,,11.137891623270963,3.668017897672685,4.0,1.0,1.0,1.0,0.0,0.0,0.0,1.0,0.0828457794284103,1.0532511623107457,1.268258706995715,,,,,0.0156295373899544,0.0,,,,train
ea92236196_216cec93_14_0,20260916,ea922361960c68d14707e798350d69dd47c8b6bd6510e824e0e36d0e53777072,216cec93185069d84716a438ab8318d56f818f9d2727dd3c1730cbe3a0983711,fred-features-2,count_rate,count / s,60800.0,60800.5,60801.0,review_unscored,,unresolved,bayesian_blocks_coarsened;insufficient_event_bins;single_bin_candidate,3.721893983063838,113.51112682631585,606.9281431932154,1.1870256439734408,0.5,0.5,1.0,1.0,113.51112682631585,,,,,3.662580386063181,1.9137869228477813,4.0,1.0,1.0,1.0,0.0,0.0,0.0,0.0,,,,,,,,,,,,,train
ea92236196_216cec93_15_0,20260916,ea922361960c68d14707e798350d69dd47c8b6bd6510e824e0e36d0e53777072,216cec93185069d84716a438ab8318d56f818f9d2727dd3c1730cbe3a0983711,fred-features-2,count_rate,count / s,70131.0,70131.5,70132.0,review_unscored,,unresolved,bayesian_blocks_coarsened;insufficient_event_bins;single_bin_candidate,3.646324162931037,109.5688792251616,622.3388356185884,1.176059845463851,0.5,0.5,1.0,1.0,109.5688792251616,,,,,2.6189991761306524,1.6183322205686483,16.0,1.0,1.0,1.0,0.0,0.0,0.0,0.0,,,,,,,,,,,,,train
ea92236196_216cec93_15_1,20260916,ea922361960c68d14707e798350d69dd47c8b6bd6510e824e0e36d0e53777072,216cec93185069d84716a438ab8318d56f818f9d2727dd3c1730cbe3a0983711,fred-features-2,count_rate,count / s,70871.0,70871.5,70872.0,review_unscored,,unresolved,bayesian_blocks_coarsened;insufficient_event_bins;single_bin_candidate,3.659838601463355,111.10734960770992,639.4347036149463,1.173758710591686,0.5,0.5,1.0,1.0,111.10734960770992,,,,,8.15572661583041,2.8558232816178264,4.0,1.0,1.0,1.0,0.0,0.0,0.0,0.0,,,,,,,,,,,,,train
ea92236196_216cec93_15_2,20260916,ea922361960c68d14707e798350d69dd47c8b6bd6510e824e0e36d0e53777072,216cec93185069d84716a438ab8318d56f818f9d2727dd3c1730cbe3a0983711,fred-features-2,count_rate,count / s,71748.0,71748.5,71749.0,review_unscored,,unresolved,bayesian_blocks_coarsened;insufficient_event_bins;single_bin_candidate,3.563403464237169,107.27441780753838,627.2153893213679,1.1710328216334212,0.5,0.5,1.0,1.0,107.27441780753838,,,,,4.125178911415032,2.031053645627075,4.0,1.0,1.0,1.0,0.0,0.0,0.0,0.0,,,,,,,,,,,,,train
ea92236196_216cec93_16_0,20260916,ea922361960c68d14707e798350d69dd47c8b6bd6510e824e0e36d0e53777072,216cec93185069d84716a438ab8318d56f818f9d2727dd3c1730cbe3a0983711,fred-features-2,count_rate,count / s,78512.0,78568.5,78576.0,review_unscored,,complex_or_multi_peaked,bayesian_blocks_coarsened;multi_peak_single_component_fit;parameter_near_bound;right_censored,3.090800564345644,99.9580345505633,761.745639765843,1.1312223258426397,56.5,7.5,64.0,63.0,2212.284964849557,44.39251540453074,75.43071676913178,0.3011386523098164,-0.5795774830366969,5.770013387123942,3.939043027181007,16.0,9.0,1.0,0.0,0.0,1.0,0.0,1.0,0.8085409689024446,0.9756812788247308,1.042955107921211,,,,,-0.0010970986097537,1.0,,,,train
ea92236196_216cec93_17_0,20260916,ea922361960c68d14707e798350d69dd47c8b6bd6510e824e0e36d0e53777072,216cec93185069d84716a438ab8318d56f818f9d2727dd3c1730cbe3a0983711,fred-features-2,count_rate,count / s,79402.0,79465.5,79474.0,review_unscored,,complex_or_multi_peaked,left_censored;multi_peak_single_component_fit;parameter_near_bound;right_censored,2.99090071869743,98.4943394006658,729.8520961462092,1.134951094777612,63.5,8.5,72.0,64.0,2172.7176436191185,51.374743253605686,64.94733625604431,-0.5267973342869576,0.8295230333466197,7.6969756783604835,4.568278025218432,16.0,6.0,1.0,0.0,1.0,1.0,0.0,1.0,0.7965719667513733,1.0872914111325451,1.3055995986173976,,,,,0.2059075567409911,1.0,,,,train
ea92236196_216cec93_18_0,20260916,ea922361960c68d14707e798350d69dd47c8b6bd6510e824e0e36d0e53777072,216cec93185069d84716a438ab8318d56f818f9d2727dd3c1730cbe3a0983711,fred-features-2,count_rate,count / s,84190.0,84190.5,84191.0,review_unscored,,unresolved,bayesian_blocks_coarsened;insufficient_event_bins;single_bin_candidate,3.8625866843909935,157.38989814201273,1349.3852483423625,1.1166382234690624,0.5,0.5,1.0,1.0,157.38989814201273,,,,,5.137534598113585,2.26661302345892,16.0,1.0,1.0,1.0,0.0,0.0,0.0,0.0,,,,,,,,,,,,,train
d798d64d72_216cec93_0_0,20260917,d798d64d7278842d00a3ccde2dcd5680c3ed593a3789b115a1ceeedba9ab7973,216cec93185069d84716a438ab8318d56f818f9d2727dd3c1730cbe3a0983711,fred-features-2,count_rate,count / s,262.0,262.5,263.0,review_unscored,,unresolved,insufficient_event_bins;single_bin_candidate,1.9468698608666133,79.56909580977867,1485.8380086824088,1.0535516626609505,0.5,0.5,1.0,1.0,79.56909580977867,,,,,6069.108158387032,77.90448099042206,64.0,1.0,1.0,0.0,1.0,0.0,0.0,0.0,,,,,,,,,,,,,train
d798d64d72_216cec93_2_0,20260917,d798d64d7278842d00a3ccde2dcd5680c3ed593a3789b115a1ceeedba9ab7973,216cec93185069d84716a438ab8318d56f818f9d2727dd3c1730cbe3a0983711,fred-features-2,count_rate,count / s,2678.0,2678.5,2679.0,review_unscored,,unresolved,bayesian_blocks_coarsened;insufficient_event_bins;single_bin_candidate,4.348705097620039,185.98231927532007,1282.4572559199923,1.1450202869661357,0.5,0.5,1.0,1.0,185.98231927532007,,,,,4.045519634051892,2.011347715849224,16.0,1.0,1.0,1.0,0.0,0.0,0.0,0.0,,,,,,,,,,,,,train
d798d64d72_216cec93_2_1,20260917,d798d64d7278842d00a3ccde2dcd5680c3ed593a3789b115a1ceeedba9ab7973,216cec93185069d84716a438ab8318d56f818f9d2727dd3c1730cbe3a0983711,fred-features-2,count_rate,count / s,3180.0,3183.5,3185.0,review_unscored,,unresolved,bayesian_blocks_coarsened;no_improvement_over_linear_background,2.665045973902884,107.22251403607152,1153.602803346741,1.0929457814466177,3.5,1.5,5.0,5.0,330.2921717538609,23.28350101848605,49.01562567758037,0.861699483387414,1.9243737721440155,15.63810702120617,4.312257153602861,4.0,1.0,1.0,0.0,1.0,0.0,0.0,1.0,0.0672321517059202,0.894827114414734,0.8548300950943021,,,,,0.1198306523884031,0.0,,,,train
d798d64d72_216cec93_3_0,20260917,d798d64d7278842d00a3ccde2dcd5680c3ed593a3789b115a1ceeedba9ab7973,216cec93185069d84716a438ab8318d56f818f9d2727dd3c1730cbe3a0983711,fred-features-2,count_rate,count / s,11805.0,11806.5,11807.0,review_unscored,,unresolved,bayesian_blocks_coarsened;no_improvement_over_linear_background,3.685533225094913,112.74439882139836,647.3404400457891,1.1741655423434127,1.5,0.5,2.0,1.0,162.41875161673374,63.07004602606298,-63.07004602606298,,,1.98026531902022,1.4854165013421865,16.0,1.0,1.0,1.0,0.0,0.0,0.0,1.0,0.0297601153349036,1.0701611498558994,1.2834329534092803,,,,,0.0060246523481514,0.0,,,,train
d798d64d72_216cec93_3_1,20260917,d798d64d7278842d00a3ccde2dcd5680c3ed593a3789b115a1ceeedba9ab7973,216cec93185069d84716a438ab8318d56f818f9d2727dd3c1730cbe3a0983711,fred-features-2,count_rate,count / s,12149.0,12149.5,12150.0,review_unscored,,unresolved,bayesian_blocks_coarsened;insufficient_event_bins;single_bin_candidate,3.70185358838372,112.52510374534243,635.7571228171576,1.1769938545819556,0.5,0.5,1.0,1.0,112.52510374534243,,,,,2.393780404913161,1.5471846705914458,4.0,1.0,1.0,1.0,0.0,0.0,0.0,0.0,,,,,,,,,,,,,train
d798d64d72_216cec93_4_0,20260917,d798d64d7278842d00a3ccde2dcd5680c3ed593a3789b115a1ceeedba9ab7973,216cec93185069d84716a438ab8318d56f818f9d2727dd3c1730cbe3a0983711,fred-features-2,count_rate,count / s,19082.0,19082.5,19083.0,review_unscored,,unresolved,bayesian_blocks_coarsened;insufficient_event_bins;single_bin_candidate,3.650363936971062,105.2756967756967,569.0632314469595,1.1849982408949735,0.5,0.5,1.0,1.0,105.2756967756967,,,,,8.44251984159529,2.9056014595252546,4.0,1.0,1.0,1.0,0.0,0.0,0.0,0.0,,,,,,,,,,,,,train
d798d64d72_216cec93_4_1,20260917,d798d64d7278842d00a3ccde2dcd5680c3ed593a3789b115a1ceeedba9ab7973,216cec93185069d84716a438ab8318d56f818f9d2727dd3c1730cbe3a0983711,fred-features-2,count_rate,count / s,19474.0,19474.5,19475.0,review_unscored,,unresolved,bayesian_blocks_coarsened;insufficient_event_bins;single_bin_candidate,4.2827066003498055,125.35642007783484,573.2535042385714,1.2186753663971763,0.5,0.5,1.0,1.0,125.35642007783484,,,,,2.43850936815102,1.5615727226584803,4.0,1.0,1.0,1.0,0.0,0.0,0.0,0.0,,,,,,,,,,,,,train
d798d64d72_216cec93_5_0,20260917,d798d64d7278842d00a3ccde2dcd5680c3ed593a3789b115a1ceeedba9ab7973,216cec93185069d84716a438ab8318d56f818f9d2727dd3c1730cbe3a0983711,fred-features-2,count_rate,count / s,26705.0,26705.5,26706.0,review_unscored,,unresolved,bayesian_blocks_coarsened;insufficient_event_bins;single_bin_candidate,3.511198227319365,102.41096731966876,558.1406684225187,1.1834859438017915,0.5,0.5,1.0,1.0,102.41096731966876,,,,,2.57345110185996,1.6041979621792193,4.0,1.0,1.0,1.0,0.0,0.0,0.0,0.0,,,,,,,,,,,,,train
d798d64d72_216cec93_5_1,20260917,d798d64d7278842d00a3ccde2dcd5680c3ed593a3789b115a1ceeedba9ab7973,216cec93185069d84716a438ab8318d56f818f9d2727dd3c1730cbe3a0983711,fred-features-2,count_rate,count / s,27493.0,27520.5,27569.0,review_unscored,,complex_or_multi_peaked,bayesian_blocks_coarsened;multi_peak_single_component_fit;parameter_near_bound;right_censored,3.104897145004145,94.36998715875836,638.3056109857729,1.147844520766498,27.5,48.5,76.0,56.0,1726.8479188553974,73.1947701120074,59.41740174318261,-0.1057242649189192,0.0286642143833288,5.779690591691099,4.487841601093545,16.0,9.0,1.0,0.0,1.0,1.0,0.0,1.0,0.7513521033606405,1.017954357334545,1.1447337925281469,,,,,0.0629808143174752,1.0,,,,train
d798d64d72_216cec93_6_0,20260917,d798d64d7278842d00a3ccde2dcd5680c3ed593a3789b115a1ceeedba9ab7973,216cec93185069d84716a438ab8318d56f818f9d2727dd3c1730cbe3a0983711,fred-features-2,count_rate,count / s,28377.0,28392.5,28457.0,review_unscored,,complex_or_multi_peaked,correlated_residuals;left_censored;multi_peak_single_component_fit;parameter_near_bound;right_censored,3.753260651119788,114.88245932664027,724.0994132319535,1.1586556448290335,15.5,64.5,80.0,52.0,2046.212734028139,47.99054686928236,53.390427529919066,0.1611169409698363,0.2585589874494651,6.294402134959801,4.448174111582,16.0,7.0,1.0,1.0,1.0,1.0,0.0,1.0,0.7849371779694058,1.1794902007148045,1.5590429158706325,,,,,0.3125469566532929,1.0,,,,train
d798d64d72_216cec93_8_0,20260917,d798d64d7278842d00a3ccde2dcd5680c3ed593a3789b115a1ceeedba9ab7973,216cec93185069d84716a438ab8318d56f818f9d2727dd3c1730cbe3a0983711,fred-features-2,count_rate,count / s,34439.0,34439.5,34440.0,review_unscored,,unresolved,bayesian_blocks_coarsened;insufficient_event_bins;single_bin_candidate,3.517349221046052,97.51121983896496,540.13599695791,1.1805308670189658,0.5,0.5,1.0,1.0,97.51121983896496,,,,,1.02696060381937,1.013390647193554,4.0,1.0,1.0,1.0,0.0,0.0,0.0,0.0,,,,,,,,,,,,,train
d798d64d72_216cec93_9_0,20260917,d798d64d7278842d00a3ccde2dcd5680c3ed593a3789b115a1ceeedba9ab7973,216cec93185069d84716a438ab8318d56f818f9d2727dd3c1730cbe3a0983711,fred-features-2,count_rate,count / s,41644.0,41693.5,41716.0,review_unscored,,complex_or_multi_peaked,bayesian_blocks_coarsened;multi_peak_single_component_fit;parameter_near_bound;right_censored,3.6356027440929073,117.33089432944983,740.5366593814877,1.1584403592219823,49.5,22.5,72.0,42.0,1954.185260433192,44.36278063229946,63.19412966275206,0.0769480981140329,0.4414606809882988,2.5158311079224323,3.546387412001247,16.0,7.0,1.0,1.0,0.0,1.0,0.0,1.0,0.8247941476956508,0.9205850650171408,0.9198883531622248,,,,,0.2093133253760263,1.0,,,,train
d798d64d72_216cec93_10_0,20260917,d798d64d7278842d00a3ccde2dcd5680c3ed593a3789b115a1ceeedba9ab7973,216cec93185069d84716a438ab8318d56f818f9d2727dd3c1730cbe3a0983711,fred-features-2,count_rate,count / s,42540.0,42568.5,42601.0,review_unscored,,complex_or_multi_peaked,left_censored;multi_peak_single_component_fit;parameter_near_bound;right_censored,2.982147410958781,89.44675352793593,720.8566522337828,1.1240839676664691,28.5,32.5,61.0,55.0,2167.5625763548987,44.88146354529118,50.507075581158574,-0.018218770420452,-0.7960786003361457,12.444395275809134,5.812817086734893,16.0,9.0,1.0,0.0,1.0,1.0,0.0,1.0,0.8221652312085095,1.1241472258894238,1.4110693931084544,,,,,0.2486647598580994,1.0,,,,train
d798d64d72_216cec93_13_0,20260917,d798d64d7278842d00a3ccde2dcd5680c3ed593a3789b115a1ceeedba9ab7973,216cec93185069d84716a438ab8318d56f818f9d2727dd3c1730cbe3a0983711,fred-features-2,count_rate,count / s,51998.0,51998.5,51999.0,review_unscored,,unresolved,bayesian_blocks_coarsened;insufficient_event_bins;single_bin_candidate,3.519803213443081,105.02151054464208,617.8489118186392,1.169979275735084,0.5,0.5,1.0,1.0,105.02151054464208,,,,,0.6447138335711017,0.8029407410083895,16.0,1.0,1.0,1.0,0.0,0.0,0.0,0.0,,,,,,,,,,,,,train
d798d64d72_216cec93_13_1,20260917,d798d64d7278842d00a3ccde2dcd5680c3ed593a3789b115a1ceeedba9ab7973,216cec93185069d84716a438ab8318d56f818f9d2727dd3c1730cbe3a0983711,fred-features-2,count_rate,count / s,52059.0,52059.5,52060.0,review_unscored,,unresolved,bayesian_blocks_coarsened;insufficient_event_bins;single_bin_candidate,1.551078948053233,44.758437234509984,620.7062234100213,1.0721088907222762,0.5,0.5,1.0,1.0,44.758437234509984,,,,,17.99207489229107,4.241706601391835,64.0,1.0,1.0,0.0,1.0,0.0,0.0,0.0,,,,,,,,,,,,,train
d798d64d72_216cec93_13_2,20260917,d798d64d7278842d00a3ccde2dcd5680c3ed593a3789b115a1ceeedba9ab7973,216cec93185069d84716a438ab8318d56f818f9d2727dd3c1730cbe3a0983711,fred-features-2,count_rate,count / s,52063.0,52063.5,52064.0,review_unscored,,unresolved,bayesian_blocks_coarsened;insufficient_event_bins;single_bin_candidate,1.3289048809326678,38.19477323310582,620.6783957122067,1.061537139840801,0.5,0.5,1.0,1.0,38.19477323310582,,,,,16.579252753030822,4.071762855696636,64.0,1.0,1.0,0.0,1.0,0.0,0.0,0.0,,,,,,,,,,,,,train
d798d64d72_216cec93_13_3,20260917,d798d64d7278842d00a3ccde2dcd5680c3ed593a3789b115a1ceeedba9ab7973,216cec93185069d84716a438ab8318d56f818f9d2727dd3c1730cbe3a0983711,fred-features-2,count_rate,count / s,54026.0,54063.5,54110.0,review_unscored,,complex_or_multi_peaked,bayesian_blocks_coarsened;multi_peak_single_component_fit;parameter_near_bound;right_censored,5.194485954142007,161.3203398046379,635.5412324609871,1.253831429913622,37.5,46.5,84.0,58.0,3857.454065840873,74.41198818949613,55.4788827427688,0.1277755025305237,1.211871682686274,160.71386141781585,15.58141555127036,64.0,12.0,1.0,1.0,1.0,1.0,0.0,1.0,0.5993610424257008,1.0510864093820245,1.1906524310265558,,,,,-0.0495327310560289,1.0,,,,train
d798d64d72_216cec93_13_4,20260917,d798d64d7278842d00a3ccde2dcd5680c3ed593a3789b115a1ceeedba9ab7973,216cec93185069d84716a438ab8318d56f818f9d2727dd3c1730cbe3a0983711,fred-features-2,count_rate,count / s,54115.0,54117.5,54118.0,review_unscored,,unresolved,bayesian_blocks_coarsened;parameter_near_bound,1.9338699103032184,56.6907162451771,635.3551821923229,1.0892268101907394,2.5,0.5,3.0,3.0,108.36358571246194,48.13828202278057,34.568001022491785,,,61.69461279396851,8.17767115820911,64.0,1.0,1.0,0.0,1.0,0.0,0.0,1.0,0.2392928439336326,1.027799360656198,1.1911042610241185,,,,,-0.1602963574690226,0.0,,,,train
d798d64d72_216cec93_13_5,20260917,d798d64d7278842d00a3ccde2dcd5680c3ed593a3789b115a1ceeedba9ab7973,216cec93185069d84716a438ab8318d56f818f9d2727dd3c1730cbe3a0983711,fred-features-2,count_rate,count / s,54122.0,54122.5,54123.0,review_unscored,,unresolved,bayesian_blocks_coarsened;insufficient_event_bins;single_bin_candidate,1.31413719488365,38.08382980627732,634.5182209749727,1.0600200727849225,0.5,0.5,1.0,1.0,38.08382980627732,,,,,34.07908567604952,5.837729496649319,64.0,1.0,1.0,0.0,1.0,0.0,0.0,0.0,,,,,,,,,,,,,train
d798d64d72_216cec93_13_6,20260917,d798d64d7278842d00a3ccde2dcd5680c3ed593a3789b115a1ceeedba9ab7973,216cec93185069d84716a438ab8318d56f818f9d2727dd3c1730cbe3a0983711,fred-features-2,count_rate,count / s,54126.0,54126.5,54127.0,review_unscored,,unresolved,bayesian_blocks_coarsened;insufficient_event_bins;single_bin_candidate,1.4782866796789695,42.944608088588325,633.7162805832867,1.0677663007948306,0.5,0.5,1.0,1.0,42.944608088588325,,,,,19.957044706070167,4.467330825679935,64.0,1.0,1.0,0.0,1.0,0.0,0.0,0.0,,,,,,,,,,,,,train
d798d64d72_216cec93_13_7,20260917,d798d64d7278842d00a3ccde2dcd5680c3ed593a3789b115a1ceeedba9ab7973,216cec93185069d84716a438ab8318d56f818f9d2727dd3c1730cbe3a0983711,fred-features-2,count_rate,count / s,54978.0,54978.5,54979.0,review_unscored,,unresolved,bayesian_blocks_coarsened;insufficient_event_bins;single_bin_candidate,1.519571328933977,43.55929437021359,610.9625562157239,1.071296176708468,0.5,0.5,1.0,1.0,43.55929437021359,,,,,17.70496398461066,4.20772670032295,64.0,1.0,1.0,0.0,1.0,0.0,0.0,0.0,,,,,,,,,,,,,train
d798d64d72_216cec93_13_8,20260917,d798d64d7278842d00a3ccde2dcd5680c3ed593a3789b115a1ceeedba9ab7973,216cec93185069d84716a438ab8318d56f818f9d2727dd3c1730cbe3a0983711,fred-features-2,count_rate,count / s,54982.0,54982.5,54983.0,review_unscored,,unresolved,bayesian_blocks_coarsened;insufficient_event_bins;single_bin_candidate,2.386126051648721,69.47631727867497,611.0426646549188,1.1137012540980442,0.5,0.5,1.0,1.0,69.47631727867497,,,,,19.733984625398936,4.442294972803915,64.0,1.0,1.0,0.0,1.0,0.0,0.0,0.0,,,,,,,,,,,,,train
d798d64d72_216cec93_13_9,20260917,d798d64d7278842d00a3ccde2dcd5680c3ed593a3789b115a1ceeedba9ab7973,216cec93185069d84716a438ab8318d56f818f9d2727dd3c1730cbe3a0983711,fred-features-2,count_rate,count / s,54990.0,54990.5,54993.0,review_unscored,,unresolved,bayesian_blocks_coarsened;no_improvement_over_linear_background;parameter_near_bound,2.1490568726762147,62.30910982499154,611.078951698446,1.1019657274265595,0.5,2.5,3.0,3.0,148.3094039770449,32.25340872966876,35.43566711379924,,,23.42461805278998,4.872746091297278,64.0,1.0,1.0,0.0,1.0,0.0,0.0,1.0,0.0236819332856104,1.0406837214325533,1.1975258426758295,,,,,0.2335048908275344,0.0,,,,train
d798d64d72_216cec93_13_10,20260917,d798d64d7278842d00a3ccde2dcd5680c3ed593a3789b115a1ceeedba9ab7973,216cec93185069d84716a438ab8318d56f818f9d2727dd3c1730cbe3a0983711,fred-features-2,count_rate,count / s,54995.0,54995.5,54996.0,review_unscored,,unresolved,bayesian_blocks_coarsened;insufficient_event_bins;single_bin_candidate,1.8157249688864927,52.328451590786926,611.0239654014006,1.0856405878555202,0.5,0.5,1.0,1.0,52.328451590786926,,,,,24.53496223437673,4.953277928238706,64.0,1.0,1.0,0.0,1.0,0.0,0.0,0.0,,,,,,,,,,,,,train
d798d64d72_216cec93_13_11,20260917,d798d64d7278842d00a3ccde2dcd5680c3ed593a3789b115a1ceeedba9ab7973,216cec93185069d84716a438ab8318d56f818f9d2727dd3c1730cbe3a0983711,fred-features-2,count_rate,count / s,55002.0,55004.5,55005.0,review_unscored,,unresolved,bayesian_blocks_coarsened;left_censored;parameter_near_bound;right_censored,3.239939508748598,95.77929730948917,610.7898555225421,1.1568121939869944,2.5,0.5,3.0,3.0,107.01580835973414,135.13147592564883,89.94086828256434,,,25.47065427581844,5.047798162516695,64.0,1.0,1.0,0.0,1.0,0.0,0.0,1.0,0.0885563924872215,1.0200314103646302,1.1345019650874868,,,,,0.109501582026807,1.0,,,,train
d798d64d72_216cec93_13_12,20260917,d798d64d7278842d00a3ccde2dcd5680c3ed593a3789b115a1ceeedba9ab7973,216cec93185069d84716a438ab8318d56f818f9d2727dd3c1730cbe3a0983711,fred-features-2,count_rate,count / s,55008.0,55008.5,55009.0,review_unscored,,unresolved,bayesian_blocks_coarsened;insufficient_event_bins;single_bin_candidate,3.083174974233844,90.88007046112818,610.6310379373093,1.1488297594044972,0.5,0.5,1.0,1.0,90.88007046112818,,,,,25.147276913184605,5.014706064485196,64.0,1.0,1.0,0.0,1.0,0.0,0.0,0.0,,,,,,,,,,,,,train
d798d64d72_216cec93_13_13,20260917,d798d64d7278842d00a3ccde2dcd5680c3ed593a3789b115a1ceeedba9ab7973,216cec93185069d84716a438ab8318d56f818f9d2727dd3c1730cbe3a0983711,fred-features-2,count_rate,count / s,55013.0,55013.5,55014.0,review_unscored,,unresolved,bayesian_blocks_coarsened;insufficient_event_bins;single_bin_candidate,1.3359231817113573,38.15478278432772,610.3818383094223,1.0625096953900286,0.5,0.5,1.0,1.0,38.15478278432772,,,,,24.10610010882522,4.909796340870487,64.0,1.0,1.0,0.0,1.0,0.0,0.0,0.0,,,,,,,,,,,,,train
d798d64d72_216cec93_13_14,20260917,d798d64d7278842d00a3ccde2dcd5680c3ed593a3789b115a1ceeedba9ab7973,216cec93185069d84716a438ab8318d56f818f9d2727dd3c1730cbe3a0983711,fred-features-2,count_rate,count / s,55018.0,55018.5,55021.0,review_unscored,,unresolved,bayesian_blocks_coarsened;no_improvement_over_linear_background,1.665930669829998,47.85380794426794,610.0699591455758,1.0784398694393815,0.5,2.5,3.0,3.0,97.1193238623265,36.78978720409327,41.6159435872853,,,21.996510203076728,4.734188998098858,64.0,1.0,1.0,0.0,1.0,0.0,0.0,1.0,0.0266804183193059,1.0590962103303008,1.2202812958879283,,,,,0.1950630082738278,0.0,,,,train
d798d64d72_216cec93_13_15,20260917,d798d64d7278842d00a3ccde2dcd5680c3ed593a3789b115a1ceeedba9ab7973,216cec93185069d84716a438ab8318d56f818f9d2727dd3c1730cbe3a0983711,fred-features-2,count_rate,count / s,55024.0,55024.5,55025.0,review_unscored,,unresolved,bayesian_blocks_coarsened;insufficient_event_bins;single_bin_candidate,2.837145941660057,83.20703598284638,609.6033277866849,1.1364937364842644,0.5,0.5,1.0,1.0,83.20703598284638,,,,,19.6617074558387,4.434152394295746,64.0,1.0,1.0,0.0,1.0,0.0,0.0,0.0,,,,,,,,,,,,,train
d798d64d72_216cec93_13_16,20260917,d798d64d7278842d00a3ccde2dcd5680c3ed593a3789b115a1ceeedba9ab7973,216cec93185069d84716a438ab8318d56f818f9d2727dd3c1730cbe3a0983711,fred-features-2,count_rate,count / s,55029.0,55029.5,55034.0,review_unscored,,unresolved,bayesian_blocks_coarsened;no_improvement_over_linear_background,2.0045439061542263,57.89827125034299,609.1316359762195,1.095050507691253,0.5,4.5,5.0,5.0,152.3726579039229,64.11304456596224,47.86348438310483,-0.9169512025940983,-1.1779331266119637,15.764222582520366,4.115006083665073,64.0,1.0,1.0,0.0,1.0,0.0,0.0,1.0,0.0252223189635948,1.1026066253766225,1.326395148393494,,,,,0.2238852210208119,0.0,,,,train
d798d64d72_216cec93_14_0,20260917,d798d64d7278842d00a3ccde2dcd5680c3ed593a3789b115a1ceeedba9ab7973,216cec93185069d84716a438ab8318d56f818f9d2727dd3c1730cbe3a0983711,fred-features-2,count_rate,count / s,61063.0,61063.5,61066.0,review_unscored,,unresolved,bayesian_blocks_coarsened;no_improvement_over_linear_background;parameter_near_bound;timescale_unresolved,3.8406540296964367,110.38624035548332,572.9457908945167,1.192664370887762,0.5,2.5,3.0,1.0,171.17862887335048,20.72842476321364,90.35425847815657,,,5.745172806470169,2.556365003841637,4.0,1.0,1.0,1.0,0.0,0.0,0.0,1.0,0.063253464747116,1.088123082292854,1.283326623796066,,,,,-0.0121913203419017,0.0,,,,train
d798d64d72_216cec93_15_0,20260917,d798d64d7278842d00a3ccde2dcd5680c3ed593a3789b115a1ceeedba9ab7973,216cec93185069d84716a438ab8318d56f818f9d2727dd3c1730cbe3a0983711,fred-features-2,count_rate,count / s,68428.0,68428.5,68430.0,review_unscored,,unresolved,bayesian_blocks_coarsened;no_improvement_over_linear_background;parameter_near_bound,3.9444305455606057,114.69942658189824,592.526952812633,1.1935767242948832,0.5,1.5,2.0,2.0,191.91561586064483,-37.48323730315167,37.48323730315167,,,11.674874901508929,3.4348185503189472,64.0,1.0,1.0,1.0,0.0,0.0,0.0,1.0,0.0521047477433241,1.0502865866697884,1.268210734430735,,,,,-0.0437436779614004,0.0,,,,train
d798d64d72_216cec93_16_0,20260917,d798d64d7278842d00a3ccde2dcd5680c3ed593a3789b115a1ceeedba9ab7973,216cec93185069d84716a438ab8318d56f818f9d2727dd3c1730cbe3a0983711,fred-features-2,count_rate,count / s,75514.0,75514.5,75515.0,review_unscored,,unresolved,bayesian_blocks_coarsened;insufficient_event_bins;single_bin_candidate,3.633318288350897,108.37136724322112,581.1226513114664,1.1864862211078,0.5,0.5,1.0,1.0,108.37136724322112,,,,,8.163348503690006,2.857157416680084,64.0,1.0,1.0,1.0,0.0,0.0,0.0,0.0,,,,,,,,,,,,,train
d798d64d72_216cec93_16_1,20260917,d798d64d7278842d00a3ccde2dcd5680c3ed593a3789b115a1ceeedba9ab7973,216cec93185069d84716a438ab8318d56f818f9d2727dd3c1730cbe3a0983711,fred-features-2,count_rate,count / s,76406.0,76406.5,76407.0,review_unscored,,unresolved,bayesian_blocks_coarsened;insufficient_event_bins;single_bin_candidate,3.7124747655725625,110.1810563982857,570.5026594220268,1.1931297857750731,0.5,0.5,1.0,1.0,110.1810563982857,,,,,1.4909056147766746,1.221026459490815,64.0,1.0,1.0,1.0,0.0,0.0,0.0,0.0,,,,,,,,,,,,,train
d798d64d72_216cec93_17_0,20260917,d798d64d7278842d00a3ccde2dcd5680c3ed593a3789b115a1ceeedba9ab7973,216cec93185069d84716a438ab8318d56f818f9d2727dd3c1730cbe3a0983711,fred-features-2,count_rate,count / s,83342.0,83342.5,83343.0,review_unscored,,unresolved,bayesian_blocks_coarsened;insufficient_event_bins;single_bin_candidate,4.188822777941889,122.509735806614,559.4917900722922,1.2189661009874415,0.5,0.5,1.0,1.0,122.509735806614,,,,,0.5494743802920854,0.7412653912682592,16.0,1.0,1.0,1.0,0.0,0.0,0.0,0.0,,,,,,,,,,,,,train
d798d64d72_216cec93_17_1,20260917,d798d64d7278842d00a3ccde2dcd5680c3ed593a3789b115a1ceeedba9ab7973,216cec93185069d84716a438ab8318d56f818f9d2727dd3c1730cbe3a0983711,fred-features-2,count_rate,count / s,84088.0,84145.5,84164.0,review_unscored,,complex_or_multi_peaked,bayesian_blocks_coarsened;multi_peak_single_component_fit;parameter_near_bound;right_censored,2.5638964616931457,77.64486847236037,665.1659225432646,1.1167300756711722,57.5,18.5,76.0,69.0,1895.1260195955629,43.038317980749184,50.1363153642543,-0.225009467184012,0.2060126610019268,4.359476284770459,3.324193390574792,16.0,4.0,1.0,0.0,0.0,1.0,0.0,1.0,0.7796482670045274,1.0017699824159516,1.114626248111123,,,,,-0.033242517356038,1.0,,,,train
d798d64d72_216cec93_18_0,20260917,d798d64d7278842d00a3ccde2dcd5680c3ed593a3789b115a1ceeedba9ab7973,216cec93185069d84716a438ab8318d56f818f9d2727dd3c1730cbe3a0983711,fred-features-2,count_rate,count / s,84995.0,85031.5,85048.0,review_unscored,,complex_or_multi_peaked,correlated_residuals;left_censored;multi_peak_single_component_fit;parameter_near_bound;right_censored,4.1598608729986575,119.08037392099948,658.221994243063,1.1809121769896775,36.5,16.5,53.0,52.0,2110.6943741551067,52.08487006732753,48.728163102460144,-0.1388146777136563,0.6463559312453984,15.18842435738599,5.624248701320036,16.0,5.0,1.0,1.0,1.0,1.0,0.0,1.0,0.7447174060320401,1.2638997186894143,1.856729961514058,,,,,0.4745967319662201,1.0,,,,train
622f9eb961_216cec93_0_0,20260919,622f9eb961f076874eb7818d2282fef3693ee2f203fa18a5fcd63e2569f9bd2f,216cec93185069d84716a438ab8318d56f818f9d2727dd3c1730cbe3a0983711,fred-features-2,count_rate,count / s,171.0,180.5,218.0,review_unscored,,complex_or_multi_peaked,multi_peak_single_component_fit;parameter_near_bound,3.0307801529213423,96.42493523201802,775.8220130101695,1.124287444304257,9.5,37.5,47.0,44.0,1710.011025352908,40.5552394100003,32.61823818208666,0.0914967943931364,-0.574321903253229,2.554652160272152,2.494720457376069,4.0,7.0,1.0,0.0,0.0,1.0,0.0,1.0,0.3059514299479315,1.0304612486084874,1.1457337874297018,,,,,0.1760831283939667,0.0,,,,validation
622f9eb961_216cec93_1_0,20260919,622f9eb961f076874eb7818d2282fef3693ee2f203fa18a5fcd63e2569f9bd2f,216cec93185069d84716a438ab8318d56f818f9d2727dd3c1730cbe3a0983711,fred-features-2,count_rate,count / s,838.0,838.5,839.0,review_unscored,,unresolved,bayesian_blocks_coarsened;insufficient_event_bins;single_bin_candidate,3.5642654285739663,115.47192920323914,693.2563422811359,1.1665645478601503,0.5,0.5,1.0,1.0,115.47192920323914,,,,,1.0509782729247532,1.0251723137720572,4.0,1.0,1.0,1.0,0.0,0.0,0.0,0.0,,,,,,,,,,,,,validation
622f9eb961_216cec93_1_1,20260919,622f9eb961f076874eb7818d2282fef3693ee2f203fa18a5fcd63e2569f9bd2f,216cec93185069d84716a438ab8318d56f818f9d2727dd3c1730cbe3a0983711,fred-features-2,count_rate,count / s,1609.0,1644.5,1684.0,review_unscored,,complex_or_multi_peaked,bayesian_blocks_coarsened;multi_peak_single_component_fit;right_censored,3.520218605986311,119.45635759228946,790.831362134273,1.1510516189822113,35.5,39.5,75.0,69.0,4092.114934771835,60.96668417128046,64.08710774570955,-0.1169186824920539,-0.6224742878754279,46.63509891770802,7.9808437866238044,64.0,9.0,1.0,1.0,1.0,1.0,0.0,1.0,0.6138509404060555,1.0872817356855202,1.2874003716521514,,,,,0.1546704346254089,1.0,,,,validation
622f9eb961_216cec93_1_2,20260919,622f9eb961f076874eb7818d2282fef3693ee2f203fa18a5fcd63e2569f9bd2f,216cec93185069d84716a438ab8318d56f818f9d2727dd3c1730cbe3a0983711,fred-features-2,count_rate,count / s,1688.0,1688.5,1689.0,review_unscored,,unresolved,bayesian_blocks_coarsened;insufficient_event_bins;single_bin_candidate,1.4152359676803072,46.54287950500657,794.8835731317122,1.0585530775552892,0.5,0.5,1.0,1.0,46.54287950500657,,,,,46.20771688994253,6.797625827444648,64.0,1.0,1.0,0.0,1.0,0.0,0.0,0.0,,,,,,,,,,,,,validation
622f9eb961_216cec93_1_3,20260919,622f9eb961f076874eb7818d2282fef3693ee2f203fa18a5fcd63e2569f9bd2f,216cec93185069d84716a438ab8318d56f818f9d2727dd3c1730cbe3a0983711,fred-features-2,count_rate,count / s,1691.0,1692.5,1694.0,review_unscored,,unresolved,bayesian_blocks_coarsened;parameter_near_bound;right_censored,2.714158454701639,91.07450132011309,794.6238629376994,1.1146133479850624,1.5,1.5,3.0,2.0,189.0803121602495,36.7485891734932,47.394602626596566,,,39.74835080220277,6.43511339708544,64.0,1.0,1.0,0.0,1.0,0.0,0.0,1.0,0.5148435622866621,0.946145861818975,1.0191083874155424,,,,,0.0951057678920901,1.0,,,,validation
622f9eb961_216cec93_1_4,20260919,622f9eb961f076874eb7818d2282fef3693ee2f203fa18a5fcd63e2569f9bd2f,216cec93185069d84716a438ab8318d56f818f9d2727dd3c1730cbe3a0983711,fred-features-2,count_rate,count / s,1696.0,1696.5,1697.0,review_unscored,,unresolved,bayesian_blocks_coarsened;insufficient_event_bins;single_bin_candidate,2.113877973755191,70.25762877231364,794.2003180050301,1.0884633601618234,0.5,0.5,1.0,1.0,70.25762877231364,,,,,32.98316802836103,5.743097424592502,64.0,1.0,1.0,0.0,1.0,0.0,0.0,0.0,,,,,,,,,,,,,validation
622f9eb961_216cec93_1_5,20260919,622f9eb961f076874eb7818d2282fef3693ee2f203fa18a5fcd63e2569f9bd2f,216cec93185069d84716a438ab8318d56f818f9d2727dd3c1730cbe3a0983711,fred-features-2,count_rate,count / s,1699.0,1699.5,1700.0,review_unscored,,unresolved,bayesian_blocks_coarsened;insufficient_event_bins;single_bin_candidate,2.5767392894487453,86.24413281380839,793.7690507799416,1.1086514178514095,0.5,0.5,1.0,1.0,86.24413281380839,,,,,27.888354650653227,5.280942591115077,64.0,1.0,1.0,0.0,1.0,0.0,0.0,0.0,,,,,,,,,,,,,validation
622f9eb961_216cec93_1_6,20260919,622f9eb961f076874eb7818d2282fef3693ee2f203fa18a5fcd63e2569f9bd2f,216cec93185069d84716a438ab8318d56f818f9d2727dd3c1730cbe3a0983711,fred-features-2,count_rate,count / s,1705.0,1705.5,1706.0,review_unscored,,unresolved,bayesian_blocks_coarsened;insufficient_event_bins;single_bin_candidate,1.4517237511877457,47.718388390100245,792.6031448130248,1.060204641758464,0.5,0.5,1.0,1.0,47.718388390100245,,,,,18.22189997149875,4.268711746124204,64.0,1.0,1.0,0.0,1.0,0.0,0.0,0.0,,,,,,,,,,,,,validation
622f9eb961_216cec93_1_7,20260919,622f9eb961f076874eb7818d2282fef3693ee2f203fa18a5fcd63e2569f9bd2f,216cec93185069d84716a438ab8318d56f818f9d2727dd3c1730cbe3a0983711,fred-features-2,count_rate,count / s,1838.0,1894.5,1951.0,review_unscored,,complex_or_multi_peaked,bayesian_blocks_coarsened;multi_peak_single_component_fit;parameter_near_bound,2.735516473234541,90.4707248467232,763.162392829058,1.1185471476278417,56.5,56.5,113.0,102.0,1871.9632524702736,64.09242609601404,69.23363964528198,-0.0555962157284245,-0.390565984477778,7.636197793504396,3.7719126084365606,64.0,11.0,1.0,0.0,0.0,1.0,0.0,1.0,0.2230186146786128,1.0560771842904138,1.165521567226778,,,,,-0.0254791505953608,0.0,,,,validation
622f9eb961_216cec93_1_8,20260919,622f9eb961f076874eb7818d2282fef3693ee2f203fa18a5fcd63e2569f9bd2f,216cec93185069d84716a438ab8318d56f818f9d2727dd3c1730cbe3a0983711,fred-features-2,count_rate,count / s,3247.0,3302.5,3328.0,review_unscored,,complex_or_multi_peaked,bayesian_blocks_coarsened;multi_peak_single_component_fit;parameter_near_bound;right_censored,3.4967805460263066,121.92340799655494,850.3414845815701,1.1433817004195086,55.5,25.5,81.0,75.0,3452.809240244821,53.15695290716178,64.45786286198017,0.1097334626693859,-0.1906174348087619,4.301430666318296,4.483331550263104,16.0,7.0,1.0,0.0,1.0,1.0,0.0,1.0,0.8657638988445532,1.0127388659748258,1.137007739594467,,,,,0.2333652173901845,1.0,,,,validation
622f9eb961_216cec93_2_0,20260919,622f9eb961f076874eb7818d2282fef3693ee2f203fa18a5fcd63e2569f9bd2f,216cec93185069d84716a438ab8318d56f818f9d2727dd3c1730cbe3a0983711,fred-features-2,count_rate,count / s,4134.0,4163.5,4222.0,review_unscored,,complex_or_multi_peaked,left_censored;multi_peak_single_component_fit;parameter_near_bound;right_censored,2.9755631870529893,94.43497266567216,862.5423222562029,1.1094844510570252,29.5,58.5,88.0,77.0,2035.264379762434,69.27396913320842,54.58231263975949,-0.0331811967496851,0.1006380720597621,2.3259318430370515,2.7402484228762147,16.0,9.0,1.0,0.0,0.0,1.0,0.0,1.0,0.7738649390355514,1.0824091129236817,1.3145400279746808,,,,,0.2085257747314623,1.0,,,,validation
622f9eb961_216cec93_3_0,20260919,622f9eb961f076874eb7818d2282fef3693ee2f203fa18a5fcd63e2569f9bd2f,216cec93185069d84716a438ab8318d56f818f9d2727dd3c1730cbe3a0983711,fred-features-2,count_rate,count / s,8665.0,8693.5,8737.0,review_unscored,,complex_or_multi_peaked,bayesian_blocks_coarsened;correlated_residuals;multi_peak_single_component_fit;parameter_near_bound;right_censored,4.518247916957058,185.83028146506624,1216.6821697068087,1.1527352714553605,28.5,43.5,72.0,44.0,4252.920203792725,63.35827116572523,60.32066418861325,0.2448860732580182,0.0915540015789875,46.84927323107864,8.827623439295976,64.0,8.0,1.0,1.0,1.0,1.0,0.0,1.0,0.8735768336572377,1.3065165764902054,1.8746859933264224,,,,,0.3514013142714517,1.0,,,,validation
622f9eb961_216cec93_3_1,20260919,622f9eb961f076874eb7818d2282fef3693ee2f203fa18a5fcd63e2569f9bd2f,216cec93185069d84716a438ab8318d56f818f9d2727dd3c1730cbe3a0983711,fred-features-2,count_rate,count / s,8815.0,8912.5,8971.0,review_unscored,,complex_or_multi_peaked,bayesian_blocks_coarsened;correlated_residuals;left_censored;multi_peak_single_component_fit;parameter_near_bound;right_censored,5.968643780968164,259.69005272500704,1341.6606552828057,1.1935586705196088,97.5,58.5,156.0,129.0,14640.477342376083,96.6154851928942,102.92697222233812,0.04989405263621,-0.7465718986325083,308.5300259714285,26.95426054832646,64.0,19.0,1.0,1.0,1.0,1.0,0.0,1.0,0.8496310804135006,1.5849119396548204,2.7315198231998594,,,,,0.50418593596945,1.0,,,,validation
622f9eb961_216cec93_3_2,20260919,622f9eb961f076874eb7818d2282fef3693ee2f203fa18a5fcd63e2569f9bd2f,216cec93185069d84716a438ab8318d56f818f9d2727dd3c1730cbe3a0983711,fred-features-2,count_rate,count / s,9188.0,9189.5,9190.0,review_unscored,,unresolved,bayesian_blocks_coarsened;no_improvement_over_linear_background;parameter_near_bound;timescale_unresolved,1.4255446620857326,50.82848986284637,934.50702039106,1.054390698789589,1.5,0.5,2.0,2.0,98.98930819525629,2.6676715304364507,-2.6676715304364507,,,17.227506549577484,4.1692742083469145,64.0,1.0,1.0,0.0,1.0,0.0,0.0,1.0,0.0208292316837926,1.0663235587866915,1.225187285683476,,,,,0.203576877812333,0.0,,,,validation
622f9eb961_216cec93_3_3,20260919,622f9eb961f076874eb7818d2282fef3693ee2f203fa18a5fcd63e2569f9bd2f,216cec93185069d84716a438ab8318d56f818f9d2727dd3c1730cbe3a0983711,fred-features-2,count_rate,count / s,9192.0,9193.5,9194.0,review_unscored,,unresolved,bayesian_blocks_coarsened;no_improvement_over_linear_background;timescale_unresolved,1.6221622697050764,57.97200700914027,933.1944358619536,1.0621221095854412,1.5,0.5,2.0,2.0,107.17923499830296,8.764779019977595,-8.764779019977595,,,18.298981498481343,4.2908036356767,64.0,1.0,1.0,0.0,1.0,0.0,0.0,1.0,0.0207065732639659,1.0561949698830084,1.2049467526454216,,,,,0.182205490094261,0.0,,,,validation
622f9eb961_216cec93_3_4,20260919,622f9eb961f076874eb7818d2282fef3693ee2f203fa18a5fcd63e2569f9bd2f,216cec93185069d84716a438ab8318d56f818f9d2727dd3c1730cbe3a0983711,fred-features-2,count_rate,count / s,9199.0,9199.5,9200.0,review_unscored,,unresolved,bayesian_blocks_coarsened;insufficient_event_bins;single_bin_candidate,3.145229673089472,114.80466062445704,931.310573750543,1.1232721541667023,0.5,0.5,1.0,1.0,114.80466062445704,,,,,19.276742245508345,4.390528697720622,64.0,1.0,1.0,0.0,1.0,0.0,0.0,0.0,,,,,,,,,,,,,validation
622f9eb961_216cec93_3_5,20260919,622f9eb961f076874eb7818d2282fef3693ee2f203fa18a5fcd63e2569f9bd2f,216cec93185069d84716a438ab8318d56f818f9d2727dd3c1730cbe3a0983711,fred-features-2,count_rate,count / s,9206.0,9206.5,9207.0,review_unscored,,unresolved,bayesian_blocks_coarsened;insufficient_event_bins;single_bin_candidate,1.5946091514330247,56.873435369453546,929.213600763359,1.0612059867857415,0.5,0.5,1.0,1.0,56.873435369453546,,,,,19.2557379429286,4.388136044259407,64.0,1.0,1.0,0.0,1.0,0.0,0.0,0.0,,,,,,,,,,,,,validation
622f9eb961_216cec93_3_6,20260919,622f9eb961f076874eb7818d2282fef3693ee2f203fa18a5fcd63e2569f9bd2f,216cec93185069d84716a438ab8318d56f818f9d2727dd3c1730cbe3a0983711,fred-features-2,count_rate,count / s,9211.0,9211.5,9212.0,review_unscored,,unresolved,bayesian_blocks_coarsened;insufficient_event_bins;single_bin_candidate,1.932227490817807,69.21030142745599,927.7597913459816,1.074599375908549,0.5,0.5,1.0,1.0,69.21030142745599,,,,,18.611928977796275,4.314154491646802,64.0,1.0,1.0,0.0,1.0,0.0,0.0,0.0,,,,,,,,,,,,,validation
622f9eb961_216cec93_3_7,20260919,622f9eb961f076874eb7818d2282fef3693ee2f203fa18a5fcd63e2569f9bd2f,216cec93185069d84716a438ab8318d56f818f9d2727dd3c1730cbe3a0983711,fred-features-2,count_rate,count / s,9215.0,9215.5,9216.0,review_unscored,,unresolved,bayesian_blocks_coarsened;insufficient_event_bins;single_bin_candidate,1.5276425065497832,54.37525262487782,926.6128455196534,1.0586817384280742,0.5,0.5,1.0,1.0,54.37525262487782,,,,,17.770488904790586,4.2155057709355095,64.0,1.0,1.0,0.0,1.0,0.0,0.0,0.0,,,,,,,,,,,,,validation
622f9eb961_216cec93_3_8,20260919,622f9eb961f076874eb7818d2282fef3693ee2f203fa18a5fcd63e2569f9bd2f,216cec93185069d84716a438ab8318d56f818f9d2727dd3c1730cbe3a0983711,fred-features-2,count_rate,count / s,11661.0,11713.5,11768.0,review_unscored,,complex_or_multi_peaked,bayesian_blocks_coarsened;multi_peak_single_component_fit;parameter_near_bound;right_censored,7.221932219068996,291.2146968652778,1044.6976566503472,1.2787550015178653,52.5,54.5,107.0,76.0,15284.090098865272,82.41604195106964,75.68588778216963,-0.1368103436518814,-0.501885868806613,20.33488554714577,7.160604664713941,64.0,12.0,1.0,1.0,1.0,1.0,0.0,1.0,0.8949122154498794,1.0665899234426597,1.2889097210509886,,,,,0.2594347120714934,1.0,,,,validation
622f9eb961_216cec93_4_0,20260919,622f9eb961f076874eb7818d2282fef3693ee2f203fa18a5fcd63e2569f9bd2f,216cec93185069d84716a438ab8318d56f818f9d2727dd3c1730cbe3a0983711,fred-features-2,count_rate,count / s,14166.0,14166.5,14167.0,review_unscored,,unresolved,bayesian_blocks_coarsened;insufficient_event_bins;single_bin_candidate,1.5345994397136498,51.59071062944645,824.8738889799286,1.0625437552560253,0.5,0.5,1.0,1.0,51.59071062944645,,,,,22.28336579913023,4.720526008733585,64.0,1.0,1.0,0.0,1.0,0.0,0.0,0.0,,,,,,,,,,,,,validation
622f9eb961_216cec93_4_1,20260919,622f9eb961f076874eb7818d2282fef3693ee2f203fa18a5fcd63e2569f9bd2f,216cec93185069d84716a438ab8318d56f818f9d2727dd3c1730cbe3a0983711,fred-features-2,count_rate,count / s,14172.0,14172.5,14173.0,review_unscored,,unresolved,bayesian_blocks_coarsened;insufficient_event_bins;single_bin_candidate,1.4238179920559304,47.88546991864303,829.4752478547945,1.0577298358721197,0.5,0.5,1.0,1.0,47.88546991864303,,,,,25.2347877266154,5.023423904730259,64.0,1.0,1.0,0.0,1.0,0.0,0.0,0.0,,,,,,,,,,,,,validation
622f9eb961_216cec93_4_2,20260919,622f9eb961f076874eb7818d2282fef3693ee2f203fa18a5fcd63e2569f9bd2f,216cec93185069d84716a438ab8318d56f818f9d2727dd3c1730cbe3a0983711,fred-features-2,count_rate,count / s,14205.0,14228.5,14253.0,review_unscored,,complex_or_multi_peaked,bayesian_blocks_coarsened;correlated_residuals;multi_peak_single_component_fit;parameter_near_bound;right_censored,3.0194187123904785,105.999507495309,871.3065838132848,1.121655809177294,23.5,24.5,48.0,22.0,1658.176265126785,51.88414989996079,55.67078878604656,-0.7589443729812613,2.586029051216257,25.38339712117824,6.671812699472111,16.0,6.0,1.0,0.0,1.0,1.0,0.0,1.0,0.3274970346510274,1.5487262917229456,2.544013502721349,,,,,0.5976927736433225,1.0,,,,validation
622f9eb961_216cec93_4_3,20260919,622f9eb961f076874eb7818d2282fef3693ee2f203fa18a5fcd63e2569f9bd2f,216cec93185069d84716a438ab8318d56f818f9d2727dd3c1730cbe3a0983711,fred-features-2,count_rate,count / s,14343.0,14428.5,14505.0,review_unscored,,complex_or_multi_peaked,bayesian_blocks_coarsened;correlated_residuals;multi_peak_single_component_fit;parameter_near_bound;poor_likelihood_fit;right_censored,7.235171803750527,289.2958967279242,1051.1767595220758,1.2752114657286129,85.5,76.5,162.0,102.0,19398.825947002064,69.30803295640021,79.52467040513943,-0.0919946656850211,-0.915653103270087,231.1977050589124,23.30318067174622,64.0,17.0,1.0,1.0,1.0,1.0,0.0,1.0,0.8397134292715814,1.7098005604729494,3.3136720775761628,,,,,0.7084767419175774,1.0,,,,validation
622f9eb961_216cec93_4_4,20260919,622f9eb961f076874eb7818d2282fef3693ee2f203fa18a5fcd63e2569f9bd2f,216cec93185069d84716a438ab8318d56f818f9d2727dd3c1730cbe3a0983711,fred-features-2,count_rate,count / s,15723.0,15761.5,15789.0,review_unscored,,complex_or_multi_peaked,bayesian_blocks_coarsened;multi_peak_single_component_fit;right_censored,4.174771559744364,147.91643726938003,853.2111872423387,1.17336439029528,38.5,27.5,66.0,54.0,4137.915190334643,76.32747768910986,51.86420664290307,0.0891215900624457,-0.7110841571843043,29.64908625269743,7.447975268522559,16.0,7.0,1.0,1.0,1.0,1.0,0.0,1.0,0.8135744591076799,1.2912172835507905,1.8241126362217035,,,,,0.2779237302832252,1.0,,,,validation
622f9eb961_216cec93_4_5,20260919,622f9eb961f076874eb7818d2282fef3693ee2f203fa18a5fcd63e2569f9bd2f,216cec93185069d84716a438ab8318d56f818f9d2727dd3c1730cbe3a0983711,fred-features-2,count_rate,count / s,15850.0,15850.5,15851.0,review_unscored,,unresolved,bayesian_blocks_coarsened;insufficient_event_bins;single_bin_candidate,1.6693713710500353,59.19035742794358,943.7481801697128,1.0627183804659623,0.5,0.5,1.0,1.0,59.19035742794358,,,,,21.850090528131435,4.6744080403973545,64.0,1.0,1.0,0.0,1.0,0.0,0.0,0.0,,,,,,,,,,,,,validation
622f9eb961_216cec93_4_6,20260919,622f9eb961f076874eb7818d2282fef3693ee2f203fa18a5fcd63e2569f9bd2f,216cec93185069d84716a438ab8318d56f818f9d2727dd3c1730cbe3a0983711,fred-features-2,count_rate,count / s,15855.0,15889.5,15951.0,review_unscored,,complex_or_multi_peaked,bayesian_blocks_coarsened;correlated_residuals;multi_peak_single_component_fit;parameter_near_bound,8.87202555422598,350.2645340749791,951.6274336984584,1.3680689749702688,34.5,61.5,96.0,43.0,14020.279188613033,64.7281650263829,87.25253213186323,0.4443724177993328,-0.4528945134606168,164.27293762431577,16.127790481437017,64.0,10.0,1.0,1.0,1.0,1.0,0.0,1.0,0.8361345148160457,1.262873716327222,1.7595707227621515,,,,,0.3466265552662025,0.0,,,,validation
622f9eb961_216cec93_4_7,20260919,622f9eb961f076874eb7818d2282fef3693ee2f203fa18a5fcd63e2569f9bd2f,216cec93185069d84716a438ab8318d56f818f9d2727dd3c1730cbe3a0983711,fred-features-2,count_rate,count / s,16635.0,16690.5,16851.0,review_unscored,,complex_or_multi_peaked,bayesian_blocks_coarsened;multi_peak_single_component_fit;parameter_near_bound;right_censored,3.114934206395392,108.11731675368652,842.5936207463135,1.128314900672905,55.5,160.5,216.0,194.0,4303.937080834461,51.65696807705234,63.024008255032925,-0.174776515524491,0.1223186883209441,4.649435669609186,3.2112704912164305,64.0,22.0,1.0,0.0,0.0,1.0,0.0,1.0,0.6333471236495494,1.0733156837405942,1.2219441570830365,,,,,0.1373642487572353,1.0,,,,validation
622f9eb961_216cec93_4_8,20260919,622f9eb961f076874eb7818d2282fef3693ee2f203fa18a5fcd63e2569f9bd2f,216cec93185069d84716a438ab8318d56f818f9d2727dd3c1730cbe3a0983711,fred-features-2,count_rate,count / s,18049.0,18074.5,18114.0,review_unscored,,complex_or_multi_peaked,bayesian_blocks_coarsened;multi_peak_single_component_fit;parameter_near_bound;right_censored,3.5513843454444287,121.23987724008236,789.4299225646051,1.1535790242738873,25.5,39.5,65.0,49.0,2607.82064017973,35.43183614172011,41.99987776829806,0.172062739746459,-0.316400122258957,12.932456075681898,4.399112185324783,4.0,5.0,1.0,1.0,1.0,1.0,0.0,1.0,0.7917473135880112,0.9809379416114812,1.0127931651471644,,,,,0.2431254958953364,1.0,,,,validation
622f9eb961_216cec93_5_0,20260919,622f9eb961f076874eb7818d2282fef3693ee2f203fa18a5fcd63e2569f9bd2f,216cec93185069d84716a438ab8318d56f818f9d2727dd3c1730cbe3a0983711,fred-features-2,count_rate,count / s,21651.0,21651.5,21652.0,review_unscored,,unresolved,bayesian_blocks_coarsened;insufficient_event_bins;single_bin_candidate,3.536159672420117,132.49995911440828,1018.4278973309042,1.1301024446224068,0.5,0.5,1.0,1.0,132.49995911440828,,,,,0.5531677659679818,0.7437524897222071,4.0,1.0,1.0,1.0,0.0,0.0,0.0,0.0,,,,,,,,,,,,,validation
622f9eb961_216cec93_6_0,20260919,622f9eb961f076874eb7818d2282fef3693ee2f203fa18a5fcd63e2569f9bd2f,216cec93185069d84716a438ab8318d56f818f9d2727dd3c1730cbe3a0983711,fred-features-2,count_rate,count / s,28532.0,28548.5,28628.0,review_unscored,,complex_or_multi_peaked,bayesian_blocks_coarsened;multi_peak_single_component_fit;parameter_near_bound;right_censored,3.8408314598528746,130.16873721640695,813.935266689843,1.1599251716242551,16.5,79.5,96.0,95.0,3573.9782855050644,74.18825743981728,76.09530368665139,0.3340156996334885,0.0368844564015926,25.44143409894504,6.241853828072437,64.0,11.0,1.0,1.0,1.0,1.0,0.0,1.0,0.5462664193602242,1.0136451672603517,1.0858765978784592,,,,,-0.0503415773033053,1.0,,,,validation
622f9eb961_216cec93_6_1,20260919,622f9eb961f076874eb7818d2282fef3693ee2f203fa18a5fcd63e2569f9bd2f,216cec93185069d84716a438ab8318d56f818f9d2727dd3c1730cbe3a0983711,fred-features-2,count_rate,count / s,29634.0,29635.5,29636.0,review_unscored,,unresolved,bayesian_blocks_coarsened;no_improvement_over_linear_background;parameter_near_bound;right_censored;timescale_unresolved,2.602035164857809,85.62124050112948,793.8817502215268,1.1078513777111485,1.5,0.5,2.0,2.0,135.14709894792236,36.0953820543366,-36.0953820543366,,,36.9471295922948,6.170086961799087,64.0,1.0,1.0,0.0,1.0,0.0,0.0,1.0,0.3649412770590682,1.0312541819624774,1.1823522954098455,,,,,0.0354037997977017,1.0,,,,validation
622f9eb961_216cec93_6_2,20260919,622f9eb961f076874eb7818d2282fef3693ee2f203fa18a5fcd63e2569f9bd2f,216cec93185069d84716a438ab8318d56f818f9d2727dd3c1730cbe3a0983711,fred-features-2,count_rate,count / s,29642.0,29642.5,29643.0,review_unscored,,unresolved,bayesian_blocks_coarsened;insufficient_event_bins;single_bin_candidate,1.3023039962607224,42.0215358255341,796.8819675924346,1.0527324466288162,0.5,0.5,1.0,1.0,42.0215358255341,,,,,55.84479506484932,7.472937512441097,64.0,1.0,1.0,0.0,1.0,0.0,0.0,0.0,,,,,,,,,,,,,validation
622f9eb961_216cec93_6_3,20260919,622f9eb961f076874eb7818d2282fef3693ee2f203fa18a5fcd63e2569f9bd2f,216cec93185069d84716a438ab8318d56f818f9d2727dd3c1730cbe3a0983711,fred-features-2,count_rate,count / s,29645.0,29646.5,29648.0,review_unscored,,unresolved,bayesian_blocks_coarsened;no_improvement_over_linear_background;parameter_near_bound;right_censored;timescale_unresolved,2.6531934982916043,87.57470867279028,798.6109602725222,1.1096587863543794,1.5,1.5,3.0,2.0,191.31079654421453,27.35115731655526,44.06217215760103,,,67.43383690891277,8.39286326346493,64.0,1.0,1.0,0.0,1.0,0.0,0.0,1.0,0.3945491156086034,1.0771463116256546,1.276633613439999,,,,,0.0508812368359387,1.0,,,,validation
622f9eb961_216cec93_6_4,20260919,622f9eb961f076874eb7818d2282fef3693ee2f203fa18a5fcd63e2569f9bd2f,216cec93185069d84716a438ab8318d56f818f9d2727dd3c1730cbe3a0983711,fred-features-2,count_rate,count / s,29657.0,29657.5,29658.0,review_unscored,,unresolved,bayesian_blocks_coarsened;insufficient_event_bins;single_bin_candidate,2.751276596417202,91.16332634340677,803.4307288323745,1.1134675623820045,0.5,0.5,1.0,1.0,91.16332634340677,,,,,102.16603869702492,10.107721736228443,64.0,1.0,1.0,0.0,1.0,0.0,0.0,0.0,,,,,,,,,,,,,validation
622f9eb961_216cec93_6_5,20260919,622f9eb961f076874eb7818d2282fef3693ee2f203fa18a5fcd63e2569f9bd2f,216cec93185069d84716a438ab8318d56f818f9d2727dd3c1730cbe3a0983711,fred-features-2,count_rate,count / s,29661.0,29661.5,29662.0,review_unscored,,unresolved,bayesian_blocks_coarsened;insufficient_event_bins;single_bin_candidate,2.334225338834717,76.90151111707348,805.2057276524578,1.0955054198897425,0.5,0.5,1.0,1.0,76.90151111707348,,,,,114.75698891016862,10.712468852237969,64.0,1.0,1.0,0.0,1.0,0.0,0.0,0.0,,,,,,,,,,,,,validation
622f9eb961_216cec93_6_6,20260919,622f9eb961f076874eb7818d2282fef3693ee2f203fa18a5fcd63e2569f9bd2f,216cec93185069d84716a438ab8318d56f818f9d2727dd3c1730cbe3a0983711,fred-features-2,count_rate,count / s,29664.0,29664.5,29665.0,review_unscored,,unresolved,bayesian_blocks_coarsened;insufficient_event_bins;single_bin_candidate,1.325824302740277,43.01698993861794,806.5434959012258,1.0533349908061078,0.5,0.5,1.0,1.0,43.01698993861794,,,,,123.73031687181576,11.123413004640966,64.0,1.0,1.0,0.0,1.0,0.0,0.0,0.0,,,,,,,,,,,,,validation
622f9eb961_216cec93_6_7,20260919,622f9eb961f076874eb7818d2282fef3693ee2f203fa18a5fcd63e2569f9bd2f,216cec93185069d84716a438ab8318d56f818f9d2727dd3c1730cbe3a0983711,fred-features-2,count_rate,count / s,29667.0,29667.5,29668.0,review_unscored,,unresolved,bayesian_blocks_coarsened;insufficient_event_bins;single_bin_candidate,1.3606062296840404,44.18025027616807,807.8859118332069,1.054686249170897,0.5,0.5,1.0,1.0,44.18025027616807,,,,,132.05531026486673,11.491532111292504,64.0,1.0,1.0,0.0,1.0,0.0,0.0,0.0,,,,,,,,,,,,,validation
622f9eb961_216cec93_6_8,20260919,622f9eb961f076874eb7818d2282fef3693ee2f203fa18a5fcd63e2569f9bd2f,216cec93185069d84716a438ab8318d56f818f9d2727dd3c1730cbe3a0983711,fred-features-2,count_rate,count / s,29674.0,29678.5,29679.0,review_unscored,,unresolved,bayesian_blocks_coarsened;parameter_near_bound;right_censored,1.9470092171594424,63.98737134432599,812.8267766048928,1.0787220268648083,4.5,0.5,5.0,5.0,139.61911302328144,55.31468507068098,87.29385676982633,-1.1557188359642487,0.1553525893188863,150.67784070067935,12.383151374574252,64.0,1.0,1.0,0.0,1.0,0.0,0.0,1.0,0.3623771311787385,1.0445836192875202,1.1890521425926923,,,,,0.0092937721406147,1.0,,,,validation
622f9eb961_216cec93_6_9,20260919,622f9eb961f076874eb7818d2282fef3693ee2f203fa18a5fcd63e2569f9bd2f,216cec93185069d84716a438ab8318d56f818f9d2727dd3c1730cbe3a0983711,fred-features-2,count_rate,count / s,29681.0,29681.5,29682.0,review_unscored,,unresolved,bayesian_blocks_coarsened;insufficient_event_bins;single_bin_candidate,1.4993141049539682,48.959721122322776,814.1702227253335,1.0601345022892583,0.5,0.5,1.0,1.0,48.959721122322776,,,,,155.67106905503903,12.476821272064411,64.0,1.0,1.0,0.0,1.0,0.0,0.0,0.0,,,,,,,,,,,,,validation
622f9eb961_216cec93_6_10,20260919,622f9eb961f076874eb7818d2282fef3693ee2f203fa18a5fcd63e2569f9bd2f,216cec93185069d84716a438ab8318d56f818f9d2727dd3c1730cbe3a0983711,fred-features-2,count_rate,count / s,29689.0,29689.5,29693.0,review_unscored,,unresolved,bayesian_blocks_coarsened;right_censored;timescale_unresolved,2.367408908773934,78.5017828358989,817.7065911875386,1.096002384818609,0.5,3.5,4.0,4.0,148.6791701457688,69.5939066784656,51.04993312204937,-1.2585697545428391,2.4027224634723705,150.1847226911227,12.350684447897512,64.0,1.0,1.0,0.0,1.0,0.0,0.0,1.0,0.1937694732541811,1.1265462276495088,1.387520758961729,,,,,0.2143481440559025,1.0,,,,validation
622f9eb961_216cec93_6_11,20260919,622f9eb961f076874eb7818d2282fef3693ee2f203fa18a5fcd63e2569f9bd2f,216cec93185069d84716a438ab8318d56f818f9d2727dd3c1730cbe3a0983711,fred-features-2,count_rate,count / s,29695.0,29696.5,29697.0,review_unscored,,unresolved,bayesian_blocks_coarsened;parameter_near_bound;right_censored,2.532548130814716,84.3146689260908,820.7002236520342,1.1027350383199592,1.5,0.5,2.0,2.0,129.35367748977956,39.27566036240205,-39.27566036240205,,,139.17937794351934,11.856441210201432,64.0,1.0,1.0,0.0,1.0,0.0,0.0,1.0,0.2726597854508806,1.0345393379322203,1.187463759246968,,,,,0.0970939652774679,1.0,,,,validation
622f9eb961_216cec93_6_12,20260919,622f9eb961f076874eb7818d2282fef3693ee2f203fa18a5fcd63e2569f9bd2f,216cec93185069d84716a438ab8318d56f818f9d2727dd3c1730cbe3a0983711,fred-features-2,count_rate,count / s,29700.0,29700.5,29701.0,review_unscored,,unresolved,bayesian_blocks_coarsened;insufficient_event_bins;single_bin_candidate,2.121629170784991,70.23547021802506,822.3516269499437,1.085408075957148,0.5,0.5,1.0,1.0,70.23547021802506,,,,,124.4921625652804,11.157605592835786,64.0,1.0,1.0,0.0,1.0,0.0,0.0,0.0,,,,,,,,,,,,,validation
622f9eb961_216cec93_6_13,20260919,622f9eb961f076874eb7818d2282fef3693ee2f203fa18a5fcd63e2569f9bd2f,216cec93185069d84716a438ab8318d56f818f9d2727dd3c1730cbe3a0983711,fred-features-2,count_rate,count / s,29719.0,29719.5,29720.0,review_unscored,,unresolved,bayesian_blocks_coarsened;insufficient_event_bins;single_bin_candidate,1.4286551613950678,46.97468728922138,830.8813918123411,1.0565359722243377,0.5,0.5,1.0,1.0,46.97468728922138,,,,,35.23231033664949,5.93568111817418,64.0,1.0,1.0,0.0,1.0,0.0,0.0,0.0,,,,,,,,,,,,,validation
622f9eb961_216cec93_6_14,20260919,622f9eb961f076874eb7818d2282fef3693ee2f203fa18a5fcd63e2569f9bd2f,216cec93185069d84716a438ab8318d56f818f9d2727dd3c1730cbe3a0983711,fred-features-2,count_rate,count / s,29722.0,29722.5,29723.0,review_unscored,,unresolved,bayesian_blocks_coarsened;insufficient_event_bins;single_bin_candidate,1.7523686198518715,57.96292648634312,832.8050788847506,1.0695996313614755,0.5,0.5,1.0,1.0,57.96292648634312,,,,,22.42931623287415,4.735959906172576,64.0,1.0,1.0,0.0,1.0,0.0,0.0,0.0,,,,,,,,,,,,,validation
622f9eb961_216cec93_6_15,20260919,622f9eb961f076874eb7818d2282fef3693ee2f203fa18a5fcd63e2569f9bd2f,216cec93185069d84716a438ab8318d56f818f9d2727dd3c1730cbe3a0983711,fred-features-2,count_rate,count / s,29853.0,29857.5,29858.0,review_unscored,,unresolved,bayesian_blocks_coarsened;parameter_near_bound;right_censored,2.317091622470376,87.21331582057769,1123.6701070309848,1.07761469783246,4.5,0.5,5.0,5.0,284.00477278696553,101.4368478721824,35.03102326246653,-1.5348073980036565,1.8251389718142803,47.0137428962377,7.472532494346368,16.0,1.0,1.0,0.0,1.0,0.0,0.0,1.0,0.9313251524725544,0.9856373535926606,1.2749716581699424,,,,,0.2223252051280347,1.0,,,,validation
622f9eb961_216cec93_6_16,20260919,622f9eb961f076874eb7818d2282fef3693ee2f203fa18a5fcd63e2569f9bd2f,216cec93185069d84716a438ab8318d56f818f9d2727dd3c1730cbe3a0983711,fred-features-2,count_rate,count / s,29873.0,29956.5,30006.0,review_unscored,,complex_or_multi_peaked,bayesian_blocks_coarsened;correlated_residuals;multi_peak_single_component_fit;parameter_near_bound;poor_likelihood_fit;right_censored,10.305967063037109,440.8553483825108,1179.4748518128015,1.3737725715007278,83.5,49.5,133.0,92.0,28944.46603972849,108.06289461996424,79.40074024588182,0.2148408148184292,-0.9874904196728238,845.5596671073482,39.74081708503365,64.0,14.0,1.0,1.0,1.0,1.0,0.0,1.0,0.8887979651964852,2.0576136643669045,4.407469045370799,,,,,0.7654315445439276,1.0,,,,validation
622f9eb961_216cec93_6_17,20260919,622f9eb961f076874eb7818d2282fef3693ee2f203fa18a5fcd63e2569f9bd2f,216cec93185069d84716a438ab8318d56f818f9d2727dd3c1730cbe3a0983711,fred-features-2,count_rate,count / s,30012.0,30012.5,30013.0,review_unscored,,unresolved,bayesian_blocks_coarsened;insufficient_event_bins;single_bin_candidate,2.6130506496325934,100.8777747812967,1183.3072838124533,1.0852507004404488,0.5,0.5,1.0,1.0,100.8777747812967,,,,,86.9753059476956,9.326055218992412,64.0,1.0,1.0,0.0,1.0,0.0,0.0,0.0,,,,,,,,,,,,,validation
622f9eb961_216cec93_8_0,20260919,622f9eb961f076874eb7818d2282fef3693ee2f203fa18a5fcd63e2569f9bd2f,216cec93185069d84716a438ab8318d56f818f9d2727dd3c1730cbe3a0983711,fred-features-2,count_rate,count / s,38424.0,38424.5,38425.0,review_unscored,,unresolved,bayesian_blocks_coarsened;insufficient_event_bins;single_bin_candidate,1.606247970007449,51.76800208701957,729.9838900028242,1.0709166363751113,0.5,0.5,1.0,1.0,51.76800208701957,,,,,23.11947525196356,4.808271545156695,64.0,1.0,1.0,0.0,1.0,0.0,0.0,0.0,,,,,,,,,,,,,validation
622f9eb961_216cec93_8_1,20260919,622f9eb961f076874eb7818d2282fef3693ee2f203fa18a5fcd63e2569f9bd2f,216cec93185069d84716a438ab8318d56f818f9d2727dd3c1730cbe3a0983711,fred-features-2,count_rate,count / s,38428.0,38428.5,38429.0,review_unscored,,unresolved,bayesian_blocks_coarsened;insufficient_event_bins;single_bin_candidate,1.5019015923255563,48.31454793996341,729.5702787201928,1.0662232952042898,0.5,0.5,1.0,1.0,48.31454793996341,,,,,24.78846377426566,4.978801439529966,64.0,1.0,1.0,0.0,1.0,0.0,0.0,0.0,,,,,,,,,,,,,validation
622f9eb961_216cec93_8_2,20260919,622f9eb961f076874eb7818d2282fef3693ee2f203fa18a5fcd63e2569f9bd2f,216cec93185069d84716a438ab8318d56f818f9d2727dd3c1730cbe3a0983711,fred-features-2,count_rate,count / s,38442.0,38442.5,38443.0,review_unscored,,unresolved,bayesian_blocks_coarsened;insufficient_event_bins;single_bin_candidate,1.770105790736305,57.16631817204234,728.0609767498327,1.07851858566468,0.5,0.5,1.0,1.0,57.16631817204234,,,,,28.08532106249527,5.299558572418581,64.0,1.0,1.0,0.0,1.0,0.0,0.0,0.0,,,,,,,,,,,,,validation
622f9eb961_216cec93_8_3,20260919,622f9eb961f076874eb7818d2282fef3693ee2f203fa18a5fcd63e2569f9bd2f,216cec93185069d84716a438ab8318d56f818f9d2727dd3c1730cbe3a0983711,fred-features-2,count_rate,count / s,38619.0,38672.5,38691.0,review_unscored,,complex_or_multi_peaked,bayesian_blocks_coarsened;multi_peak_single_component_fit;parameter_near_bound;right_censored,2.738909560623958,95.1430085477366,852.1802946749197,1.1116465719076862,53.5,18.5,72.0,69.0,2465.1469366952506,49.930843769984165,47.56605465264772,-0.2029477787780226,-0.4814918997064135,9.471157924533408,4.9363009003177405,16.0,6.0,1.0,0.0,1.0,1.0,0.0,1.0,0.8328096373010876,0.971618160373464,1.0446232342670685,,,,,0.1419582947414706,1.0,,,,validation
622f9eb961_216cec93_9_0,20260919,622f9eb961f076874eb7818d2282fef3693ee2f203fa18a5fcd63e2569f9bd2f,216cec93185069d84716a438ab8318d56f818f9d2727dd3c1730cbe3a0983711,fred-features-2,count_rate,count / s,39497.0,39551.5,39592.0,review_unscored,,complex_or_multi_peaked,left_censored;multi_peak_single_component_fit;parameter_near_bound;right_censored,2.681217027358457,90.20362724950552,852.007676461432,1.1058718480379663,54.5,40.5,95.0,76.0,1667.8021806127722,70.76818811541892,48.0915769013144,-0.0585703969654793,-0.4477397529351843,3.809514152260826,3.52123876286476,16.0,11.0,1.0,0.0,0.0,1.0,0.0,1.0,0.8072987062568839,1.1398989389721643,1.4758008738933033,,,,,0.2406428955060729,1.0,,,,validation
622f9eb961_216cec93_10_0,20260919,622f9eb961f076874eb7818d2282fef3693ee2f203fa18a5fcd63e2569f9bd2f,216cec93185069d84716a438ab8318d56f818f9d2727dd3c1730cbe3a0983711,fred-features-2,count_rate,count / s,41801.0,41801.5,41802.0,review_unscored,,unresolved,insufficient_event_bins;single_bin_candidate,1.6528185880041817,49.14830249213696,747.1430183086443,1.0657816526257544,0.5,0.5,1.0,1.0,49.14830249213696,,,,,26.75305181536201,5.172335238106866,64.0,1.0,1.0,0.0,1.0,0.0,0.0,0.0,,,,,,,,,,,,,validation
622f9eb961_216cec93_10_1,20260919,622f9eb961f076874eb7818d2282fef3693ee2f203fa18a5fcd63e2569f9bd2f,216cec93185069d84716a438ab8318d56f818f9d2727dd3c1730cbe3a0983711,fred-features-2,count_rate,count / s,41805.0,41805.5,41806.0,review_unscored,,unresolved,insufficient_event_bins;single_bin_candidate,1.452326153253552,43.0362325934899,747.1391214104164,1.0576013641371744,0.5,0.5,1.0,1.0,43.0362325934899,,,,,37.849395907830576,6.1521862705732975,64.0,1.0,1.0,0.0,1.0,0.0,0.0,0.0,,,,,,,,,,,,,validation
622f9eb961_216cec93_10_2,20260919,622f9eb961f076874eb7818d2282fef3693ee2f203fa18a5fcd63e2569f9bd2f,216cec93185069d84716a438ab8318d56f818f9d2727dd3c1730cbe3a0983711,fred-features-2,count_rate,count / s,41815.0,41817.5,41818.0,review_unscored,,unresolved,no_improvement_over_linear_background,1.972223713268364,58.97369242950924,747.1825575704908,1.0789280903736107,2.5,0.5,3.0,3.0,152.6466323029208,15.519902092640564,6.765359199674208,,,57.3107396466559,7.624660792114589,64.0,1.0,1.0,0.0,1.0,0.0,0.0,1.0,0.0578189874530785,0.8662172306244609,0.826791103767833,,,,,0.0212804915696355,0.0,,,,validation
622f9eb961_216cec93_10_3,20260919,622f9eb961f076874eb7818d2282fef3693ee2f203fa18a5fcd63e2569f9bd2f,216cec93185069d84716a438ab8318d56f818f9d2727dd3c1730cbe3a0983711,fred-features-2,count_rate,count / s,41837.0,41839.5,41840.0,review_unscored,,unresolved,no_improvement_over_linear_background;parameter_near_bound;timescale_unresolved,1.7282084582198198,51.46536160294363,747.4074411314314,1.0688585084529465,2.5,0.5,3.0,3.0,54.68693693119371,91.53973294912193,83.37031802060665,,,47.8994509841723,6.996408766586398,64.0,1.0,1.0,0.0,1.0,0.0,0.0,1.0,0.0175434171098691,0.8887812248998184,0.860578912264205,,,,,-0.0034043804610991,0.0,,,,validation
622f9eb961_216cec93_10_4,20260919,622f9eb961f076874eb7818d2282fef3693ee2f203fa18a5fcd63e2569f9bd2f,216cec93185069d84716a438ab8318d56f818f9d2727dd3c1730cbe3a0983711,fred-features-2,count_rate,count / s,41863.0,41863.5,41864.0,review_unscored,,unresolved,insufficient_event_bins;single_bin_candidate,1.605002018541856,47.70649585496801,747.8494733833132,1.06379157511356,0.5,0.5,1.0,1.0,47.70649585496801,,,,,30.56339721041532,5.528417242793394,64.0,1.0,1.0,0.0,1.0,0.0,0.0,0.0,,,,,,,,,,,,,validation
622f9eb961_216cec93_10_5,20260919,622f9eb961f076874eb7818d2282fef3693ee2f203fa18a5fcd63e2569f9bd2f,216cec93185069d84716a438ab8318d56f818f9d2727dd3c1730cbe3a0983711,fred-features-2,count_rate,count / s,41876.0,41876.5,41877.0,review_unscored,,unresolved,insufficient_event_bins;single_bin_candidate,2.062122493487266,61.79290757998115,748.1528321661126,1.082593963323073,0.5,0.5,1.0,1.0,61.79290757998115,,,,,31.35286032212469,5.599362492474004,64.0,1.0,1.0,0.0,1.0,0.0,0.0,0.0,,,,,,,,,,,,,validation
622f9eb961_216cec93_10_6,20260919,622f9eb961f076874eb7818d2282fef3693ee2f203fa18a5fcd63e2569f9bd2f,216cec93185069d84716a438ab8318d56f818f9d2727dd3c1730cbe3a0983711,fred-features-2,count_rate,count / s,41880.0,41880.5,41883.0,review_unscored,,unresolved,no_improvement_over_linear_background;right_censored,1.6117185767839977,47.92327403429829,748.262333875858,1.064046086331868,0.5,2.5,3.0,3.0,104.8425902741642,22.61709221152193,30.772162020126306,,,32.74432668090582,5.7480685716596165,64.0,1.0,1.0,0.0,1.0,0.0,0.0,1.0,0.020185312706399,0.8927204575991449,0.8632626218954088,,,,,0.0634663195445896,1.0,,,,validation
622f9eb961_216cec93_10_7,20260919,622f9eb961f076874eb7818d2282fef3693ee2f203fa18a5fcd63e2569f9bd2f,216cec93185069d84716a438ab8318d56f818f9d2727dd3c1730cbe3a0983711,fred-features-2,count_rate,count / s,41891.0,41891.5,41892.0,review_unscored,,unresolved,insufficient_event_bins;single_bin_candidate,1.824434379793629,54.4597093520382,748.605293089368,1.0727482290798294,0.5,0.5,1.0,1.0,54.4597093520382,,,,,35.0272075529471,5.918378794310744,64.0,1.0,1.0,0.0,1.0,0.0,0.0,0.0,,,,,,,,,,,,,validation
622f9eb961_216cec93_12_0,20260919,622f9eb961f076874eb7818d2282fef3693ee2f203fa18a5fcd63e2569f9bd2f,216cec93185069d84716a438ab8318d56f818f9d2727dd3c1730cbe3a0983711,fred-features-2,count_rate,count / s,43290.0,43293.5,43386.0,review_unscored,,complex_or_multi_peaked,multi_peak_single_component_fit;right_censored,3.5788734674377647,119.0480963495122,851.928038904394,1.139739615217515,3.5,92.5,96.0,75.0,2335.2687901224426,62.55979755421004,59.292178682025,0.3944282151889428,0.356098247533029,3.554757613425353,2.371774160703984,16.0,7.0,1.0,1.0,0.0,1.0,0.0,1.0,0.3559128502091121,0.968873177943814,0.9808551351622808,,,,,0.0595777795233252,1.0,,,,validation
622f9eb961_216cec93_16_0,20260919,622f9eb961f076874eb7818d2282fef3693ee2f203fa18a5fcd63e2569f9bd2f,216cec93185069d84716a438ab8318d56f818f9d2727dd3c1730cbe3a0983711,fred-features-2,count_rate,count / s,45084.0,45084.5,45085.0,review_unscored,,unresolved,insufficient_event_bins;single_bin_candidate,3.8080865828316415,130.33403600878808,808.9448336201182,1.1611160991356215,0.5,0.5,1.0,1.0,130.33403600878808,,,,,0.0,0.0,,1.0,1.0,1.0,0.0,0.0,0.0,0.0,,,,,,,,,,,,,validation
622f9eb961_216cec93_17_0,20260919,622f9eb961f076874eb7818d2282fef3693ee2f203fa18a5fcd63e2569f9bd2f,216cec93185069d84716a438ab8318d56f818f9d2727dd3c1730cbe3a0983711,fred-features-2,count_rate,count / s,45482.0,45482.5,45485.0,review_unscored,,unresolved,no_improvement_over_linear_background;parameter_near_bound,3.556978030420301,110.6598395293488,789.1629143769012,1.140224328225969,0.5,2.5,3.0,1.0,145.0884649779075,45.88276965684099,116.38691163348994,,,2.2321418388757173,1.612641707229487,4.0,1.0,1.0,1.0,0.0,0.0,0.0,1.0,0.0377390328843176,1.0194958492260595,1.1154234339027598,,,,,0.0041915736608754,0.0,,,,validation
622f9eb961_216cec93_21_0,20260919,622f9eb961f076874eb7818d2282fef3693ee2f203fa18a5fcd63e2569f9bd2f,216cec93185069d84716a438ab8318d56f818f9d2727dd3c1730cbe3a0983711,fred-features-2,count_rate,count / s,50755.0,50756.5,50758.0,review_unscored,,unresolved,bayesian_blocks_coarsened;no_improvement_over_linear_background;parameter_near_bound,3.60116337939468,122.21596539206509,765.2780531626224,1.1597013855120892,1.5,1.5,3.0,3.0,249.4650145714529,60.80959371001597,56.37328789472633,,,7.4041495315045935,2.8698846277825845,4.0,1.0,1.0,1.0,0.0,0.0,0.0,1.0,0.0340016290426909,1.0344190094633452,1.1571135275681312,,,,,-0.0082571054299025,0.0,,,,validation
622f9eb961_216cec93_21_1,20260919,622f9eb961f076874eb7818d2282fef3693ee2f203fa18a5fcd63e2569f9bd2f,216cec93185069d84716a438ab8318d56f818f9d2727dd3c1730cbe3a0983711,fred-features-2,count_rate,count / s,52776.0,52809.5,52848.0,review_unscored,,complex_or_multi_peaked,bayesian_blocks_coarsened;multi_peak_single_component_fit;parameter_near_bound;right_censored,3.291329605733904,114.03117721253682,820.8876460296507,1.1389120396245045,33.5,38.5,72.0,51.0,2517.0086259598784,49.14200702432299,63.23859745689458,-0.0430923098113889,0.5870731630349093,6.214169237288718,5.27036385723093,16.0,4.0,1.0,0.0,1.0,1.0,0.0,1.0,0.8314688177126356,0.9448281495074274,0.9950637715443026,,,,,0.0864791343594998,1.0,,,,validation
622f9eb961_216cec93_22_0,20260919,622f9eb961f076874eb7818d2282fef3693ee2f203fa18a5fcd63e2569f9bd2f,216cec93185069d84716a438ab8318d56f818f9d2727dd3c1730cbe3a0983711,fred-features-2,count_rate,count / s,53650.0,53693.5,53729.0,review_unscored,,complex_or_multi_peaked,left_censored;multi_peak_single_component_fit;parameter_near_bound;right_censored,2.8280815788264326,95.27200638492047,849.0743681267983,1.1122069043199438,43.5,35.5,79.0,61.0,2075.8950762391605,46.15333092599673,52.25951088317305,-0.1560147774188467,-0.3042735016855129,4.495403423391523,3.570309381681993,16.0,8.0,1.0,0.0,0.0,1.0,0.0,1.0,0.8546218454547541,1.0155301578683091,1.1483438005152955,,,,,0.2211401568084411,1.0,,,,validation
622f9eb961_216cec93_22_1,20260919,622f9eb961f076874eb7818d2282fef3693ee2f203fa18a5fcd63e2569f9bd2f,216cec93185069d84716a438ab8318d56f818f9d2727dd3c1730cbe3a0983711,fred-features-2,count_rate,count / s,53899.0,53899.5,53900.0,review_unscored,,unresolved,insufficient_event_bins;single_bin_candidate,1.392468748015523,42.91274536344895,717.9848986795198,1.0597683118995564,0.5,0.5,1.0,1.0,42.91274536344895,,,,,22.508058764051768,4.744265882520895,64.0,1.0,1.0,0.0,1.0,0.0,0.0,0.0,,,,,,,,,,,,,validation
622f9eb961_216cec93_22_2,20260919,622f9eb961f076874eb7818d2282fef3693ee2f203fa18a5fcd63e2569f9bd2f,216cec93185069d84716a438ab8318d56f818f9d2727dd3c1730cbe3a0983711,fred-features-2,count_rate,count / s,53902.0,53902.5,53903.0,review_unscored,,unresolved,insufficient_event_bins;single_bin_candidate,1.6056008880798556,49.66114834068492,718.1370083975963,1.0691527490715116,0.5,0.5,1.0,1.0,49.66114834068492,,,,,22.19399536714496,4.711050346488027,64.0,1.0,1.0,0.0,1.0,0.0,0.0,0.0,,,,,,,,,,,,,validation
622f9eb961_216cec93_22_3,20260919,622f9eb961f076874eb7818d2282fef3693ee2f203fa18a5fcd63e2569f9bd2f,216cec93185069d84716a438ab8318d56f818f9d2727dd3c1730cbe3a0983711,fred-features-2,count_rate,count / s,53913.0,53913.5,53914.0,review_unscored,,unresolved,insufficient_event_bins;single_bin_candidate,1.4230951747883471,43.89492415897632,718.6573829699299,1.0610790693857144,0.5,0.5,1.0,1.0,43.89492415897632,,,,,19.26728515456009,4.389451577880783,64.0,1.0,1.0,0.0,1.0,0.0,0.0,0.0,,,,,,,,,,,,,validation
622f9eb961_216cec93_23_0,20260919,622f9eb961f076874eb7818d2282fef3693ee2f203fa18a5fcd63e2569f9bd2f,216cec93185069d84716a438ab8318d56f818f9d2727dd3c1730cbe3a0983711,fred-features-2,count_rate,count / s,55673.0,55673.5,55674.0,review_unscored,,unresolved,bayesian_blocks_coarsened;insufficient_event_bins;single_bin_candidate,3.7561290837739785,118.0198737302834,754.1172112306541,1.1565007030375094,0.5,0.5,1.0,1.0,118.0198737302834,,,,,2.30729162299798,1.5189771634221432,4.0,1.0,1.0,1.0,0.0,0.0,0.0,0.0,,,,,,,,,,,,,validation
622f9eb961_216cec93_23_1,20260919,622f9eb961f076874eb7818d2282fef3693ee2f203fa18a5fcd63e2569f9bd2f,216cec93185069d84716a438ab8318d56f818f9d2727dd3c1730cbe3a0983711,fred-features-2,count_rate,count / s,58186.0,58186.5,58187.0,review_unscored,,unresolved,bayesian_blocks_coarsened;insufficient_event_bins;single_bin_candidate,3.914125344269448,123.25354914710078,754.0751862044617,1.163449946904474,0.5,0.5,1.0,1.0,123.25354914710078,,,,,1.3011368728578254,1.1406738678771533,16.0,1.0,1.0,1.0,0.0,0.0,0.0,0.0,,,,,,,,,,,,,validation
622f9eb961_216cec93_23_2,20260919,622f9eb961f076874eb7818d2282fef3693ee2f203fa18a5fcd63e2569f9bd2f,216cec93185069d84716a438ab8318d56f818f9d2727dd3c1730cbe3a0983711,fred-features-2,count_rate,count / s,59964.0,59964.5,59965.0,review_unscored,,unresolved,bayesian_blocks_coarsened;insufficient_event_bins;single_bin_candidate,3.679311227963219,110.06225874275992,670.0263643041151,1.164265564172344,0.5,0.5,1.0,1.0,110.06225874275992,,,,,0.1716953391192391,0.4143613629662389,4.0,1.0,1.0,1.0,0.0,0.0,0.0,0.0,,,,,,,,,,,,,validation
622f9eb961_216cec93_24_0,20260919,622f9eb961f076874eb7818d2282fef3693ee2f203fa18a5fcd63e2569f9bd2f,216cec93185069d84716a438ab8318d56f818f9d2727dd3c1730cbe3a0983711,fred-features-2,count_rate,count / s,62786.0,62857.5,62894.0,review_unscored,,complex_or_multi_peaked,bayesian_blocks_coarsened;multi_peak_single_component_fit;parameter_near_bound;right_censored,4.212592605709699,161.19658336294628,1114.5778306995535,1.144625685997875,71.5,36.5,108.0,108.0,4151.025163712931,101.15295455580964,83.0058694596355,8.227350908001171e-05,-0.2505304097955778,1.4199508607674165,2.175519332738212,16.0,19.0,1.0,1.0,0.0,1.0,0.0,1.0,0.4240219584229687,1.382474892196797,2.015219161852926,,,,,0.2996160668666575,1.0,,,,validation
622f9eb961_216cec93_24_1,20260919,622f9eb961f076874eb7818d2282fef3693ee2f203fa18a5fcd63e2569f9bd2f,216cec93185069d84716a438ab8318d56f818f9d2727dd3c1730cbe3a0983711,fred-features-2,count_rate,count / s,65196.0,65196.5,65197.0,review_unscored,,unresolved,bayesian_blocks_coarsened;insufficient_event_bins;single_bin_candidate,1.7538526768602367,72.39909527723603,1441.7360365587017,1.050216609310846,0.5,0.5,1.0,1.0,72.39909527723603,,,,,33.963124138536315,5.827788957961356,64.0,1.0,1.0,0.0,1.0,0.0,0.0,0.0,,,,,,,,,,,,,validation
622f9eb961_216cec93_24_2,20260919,622f9eb961f076874eb7818d2282fef3693ee2f203fa18a5fcd63e2569f9bd2f,216cec93185069d84716a438ab8318d56f818f9d2727dd3c1730cbe3a0983711,fred-features-2,count_rate,count / s,65200.0,65200.5,65201.0,review_unscored,,unresolved,bayesian_blocks_coarsened;insufficient_event_bins;single_bin_candidate,1.6628352617243172,68.91642037989573,1458.7943950497918,1.047242038092382,0.5,0.5,1.0,1.0,68.91642037989573,,,,,37.89115828440485,6.155579443432182,64.0,1.0,1.0,0.0,1.0,0.0,0.0,0.0,,,,,,,,,,,,,validation
622f9eb961_216cec93_24_3,20260919,622f9eb961f076874eb7818d2282fef3693ee2f203fa18a5fcd63e2569f9bd2f,216cec93185069d84716a438ab8318d56f818f9d2727dd3c1730cbe3a0983711,fred-features-2,count_rate,count / s,65218.0,65218.5,65219.0,review_unscored,,unresolved,bayesian_blocks_coarsened;insufficient_event_bins;single_bin_candidate,2.0103778917080386,85.60348098052577,1536.9597514413492,1.0556966315482543,0.5,0.5,1.0,1.0,85.60348098052577,,,,,45.23153353941709,6.725439282263806,64.0,1.0,1.0,0.0,1.0,0.0,0.0,0.0,,,,,,,,,,,,,validation
622f9eb961_216cec93_24_4,20260919,622f9eb961f076874eb7818d2282fef3693ee2f203fa18a5fcd63e2569f9bd2f,216cec93185069d84716a438ab8318d56f818f9d2727dd3c1730cbe3a0983711,fred-features-2,count_rate,count / s,65228.0,65228.5,65229.0,review_unscored,,unresolved,bayesian_blocks_coarsened;insufficient_event_bins;single_bin_candidate,2.0785716110807457,89.69092176264485,1581.4013633936052,1.0567161024638128,0.5,0.5,1.0,1.0,89.69092176264485,,,,,41.180948337009774,6.417238373086181,64.0,1.0,1.0,0.0,1.0,0.0,0.0,0.0,,,,,,,,,,,,,validation
622f9eb961_216cec93_24_5,20260919,622f9eb961f076874eb7818d2282fef3693ee2f203fa18a5fcd63e2569f9bd2f,216cec93185069d84716a438ab8318d56f818f9d2727dd3c1730cbe3a0983711,fred-features-2,count_rate,count / s,65232.0,65232.5,65233.0,review_unscored,,unresolved,bayesian_blocks_coarsened;insufficient_event_bins;single_bin_candidate,1.974616946707746,85.56274437230763,1599.39562965113,1.053496922703841,0.5,0.5,1.0,1.0,85.56274437230763,,,,,38.20849515202128,6.181302059600491,64.0,1.0,1.0,0.0,1.0,0.0,0.0,0.0,,,,,,,,,,,,,validation
622f9eb961_216cec93_24_6,20260919,622f9eb961f076874eb7818d2282fef3693ee2f203fa18a5fcd63e2569f9bd2f,216cec93185069d84716a438ab8318d56f818f9d2727dd3c1730cbe3a0983711,fred-features-2,count_rate,count / s,65235.0,65235.5,65236.0,review_unscored,,unresolved,bayesian_blocks_coarsened;insufficient_event_bins;single_bin_candidate,2.2047732216054405,96.15297655307243,1612.9759296969276,1.0596121583606888,0.5,0.5,1.0,1.0,96.15297655307243,,,,,35.59658378099884,5.966287269399525,64.0,1.0,1.0,0.0,1.0,0.0,0.0,0.0,,,,,,,,,,,,,validation
622f9eb961_216cec93_24_7,20260919,622f9eb961f076874eb7818d2282fef3693ee2f203fa18a5fcd63e2569f9bd2f,216cec93185069d84716a438ab8318d56f818f9d2727dd3c1730cbe3a0983711,fred-features-2,count_rate,count / s,65241.0,65241.5,65242.0,review_unscored,,unresolved,bayesian_blocks_coarsened;insufficient_event_bins;single_bin_candidate,1.3754327680606109,59.84247511427202,1640.3612602372905,1.0364812779750818,0.5,0.5,1.0,1.0,59.84247511427202,,,,,29.687856101778586,5.448656357468195,64.0,1.0,1.0,0.0,1.0,0.0,0.0,0.0,,,,,,,,,,,,,validation
622f9eb961_216cec93_24_8,20260919,622f9eb961f076874eb7818d2282fef3693ee2f203fa18a5fcd63e2569f9bd2f,216cec93185069d84716a438ab8318d56f818f9d2727dd3c1730cbe3a0983711,fred-features-2,count_rate,count / s,65246.0,65246.5,65250.0,review_unscored,,unresolved,bayesian_blocks_coarsened;correlated_residuals;no_improvement_over_linear_background;parameter_near_bound;poor_likelihood_fit;right_censored,2.08147321421812,91.87853021089812,1663.4184668594144,1.055234766260812,0.5,3.5,4.0,4.0,210.1514976018396,124.45158411158673,66.00058112497493,-1.9183929621923104,3.721983901049573,22.82553137316288,4.940908266279573,64.0,1.0,1.0,0.0,1.0,0.0,0.0,1.0,0.7272992243901202,3.2795778263424924,10.925482103398489,,,,,0.875643955042821,1.0,,,,validation
622f9eb961_216cec93_24_9,20260919,622f9eb961f076874eb7818d2282fef3693ee2f203fa18a5fcd63e2569f9bd2f,216cec93185069d84716a438ab8318d56f818f9d2727dd3c1730cbe3a0983711,fred-features-2,count_rate,count / s,65588.0,65790.5,66008.0,review_unscored,,complex_or_multi_peaked,bayesian_blocks_coarsened;correlated_residuals;multi_peak_single_component_fit;parameter_near_bound;poor_likelihood_fit;right_censored,4.237654040802511,317.08701493755143,4992.724508499949,1.0635098160128245,202.5,217.5,420.0,396.0,23358.10879317585,191.10834961229511,202.0842796607485,0.231337153888711,0.178083435677157,4.448824146299852,3.601901601865551,64.0,57.0,1.0,1.0,0.0,1.0,0.0,1.0,0.9676920025958335,2.16643177359446,5.845334144637818,,,,,0.7604113599211416,1.0,,,,validation
622f9eb961_216cec93_24_10,20260919,622f9eb961f076874eb7818d2282fef3693ee2f203fa18a5fcd63e2569f9bd2f,216cec93185069d84716a438ab8318d56f818f9d2727dd3c1730cbe3a0983711,fred-features-2,count_rate,count / s,68125.0,68125.5,68126.0,review_unscored,,unresolved,bayesian_blocks_coarsened;insufficient_event_bins;single_bin_candidate,3.543697343693029,158.79646056939282,1653.8407464618572,1.0960167784649846,0.5,0.5,1.0,1.0,158.79646056939282,,,,,0.2329471154739914,0.4826459525096957,4.0,1.0,1.0,1.0,0.0,0.0,0.0,0.0,,,,,,,,,,,,,validation
622f9eb961_216cec93_25_0,20260919,622f9eb961f076874eb7818d2282fef3693ee2f203fa18a5fcd63e2569f9bd2f,216cec93185069d84716a438ab8318d56f818f9d2727dd3c1730cbe3a0983711,fred-features-2,count_rate,count / s,74801.0,74801.5,74805.0,review_unscored,,unresolved,bayesian_blocks_coarsened;no_improvement_over_linear_background;right_censored,2.0956655243818263,74.09732660610155,937.4815308157736,1.0790387054789483,0.5,3.5,4.0,4.0,209.16878354798385,37.29128629651007,25.125810930836,-0.8197490371429477,0.7245713777523228,20.35343737101532,4.5834130528703865,64.0,1.0,1.0,0.0,1.0,0.0,0.0,1.0,0.1529156813695866,0.902958830917404,0.8779986274974103,,,,,0.0426251666738795,1.0,,,,validation
622f9eb961_216cec93_25_1,20260919,622f9eb961f076874eb7818d2282fef3693ee2f203fa18a5fcd63e2569f9bd2f,216cec93185069d84716a438ab8318d56f818f9d2727dd3c1730cbe3a0983711,fred-features-2,count_rate,count / s,74808.0,74808.5,74809.0,review_unscored,,unresolved,bayesian_blocks_coarsened;insufficient_event_bins;single_bin_candidate,1.783466409337272,62.80017908453533,938.5977090990584,1.066908515198504,0.5,0.5,1.0,1.0,62.80017908453533,,,,,22.41842839741965,4.734810281037631,64.0,1.0,1.0,0.0,1.0,0.0,0.0,0.0,,,,,,,,,,,,,validation
622f9eb961_216cec93_25_2,20260919,622f9eb961f076874eb7818d2282fef3693ee2f203fa18a5fcd63e2569f9bd2f,216cec93185069d84716a438ab8318d56f818f9d2727dd3c1730cbe3a0983711,fred-features-2,count_rate,count / s,74812.0,74812.5,74813.0,review_unscored,,unresolved,bayesian_blocks_coarsened;insufficient_event_bins;single_bin_candidate,1.6991002336459329,59.76998177640621,939.1769176376564,1.0636408121344674,0.5,0.5,1.0,1.0,59.76998177640621,,,,,23.34514327825105,4.8316812061901455,64.0,1.0,1.0,0.0,1.0,0.0,0.0,0.0,,,,,,,,,,,,,validation
622f9eb961_216cec93_25_3,20260919,622f9eb961f076874eb7818d2282fef3693ee2f203fa18a5fcd63e2569f9bd2f,216cec93185069d84716a438ab8318d56f818f9d2727dd3c1730cbe3a0983711,fred-features-2,count_rate,count / s,74821.0,74823.5,74824.0,review_unscored,,unresolved,bayesian_blocks_coarsened;no_improvement_over_linear_background;right_censored,1.7158859052984103,60.40964910171169,940.544879706882,1.0642283535906742,2.5,0.5,3.0,3.0,101.55069580295948,74.35569847110082,69.03314544002603,,,23.271821911000696,4.842040991656292,64.0,1.0,1.0,0.0,1.0,0.0,0.0,1.0,0.0487407813731239,0.9279415460849076,0.9282809110018728,,,,,0.0559624720457896,1.0,,,,validation
622f9eb961_216cec93_25_4,20260919,622f9eb961f076874eb7818d2282fef3693ee2f203fa18a5fcd63e2569f9bd2f,216cec93185069d84716a438ab8318d56f818f9d2727dd3c1730cbe3a0983711,fred-features-2,count_rate,count / s,74827.0,74827.5,74828.0,review_unscored,,unresolved,bayesian_blocks_coarsened;insufficient_event_bins;single_bin_candidate,1.3414625084737208,46.977795626740885,940.9615964631028,1.0499253059883864,0.5,0.5,1.0,1.0,46.977795626740885,,,,,21.97924291046357,4.68820252447178,64.0,1.0,1.0,0.0,1.0,0.0,0.0,0.0,,,,,,,,,,,,,validation
622f9eb961_216cec93_25_5,20260919,622f9eb961f076874eb7818d2282fef3693ee2f203fa18a5fcd63e2569f9bd2f,216cec93185069d84716a438ab8318d56f818f9d2727dd3c1730cbe3a0983711,fred-features-2,count_rate,count / s,74830.0,74830.5,74833.0,review_unscored,,unresolved,bayesian_blocks_coarsened;no_improvement_over_linear_background;parameter_near_bound;right_censored,2.300530225701427,81.71206697819855,941.247527748364,1.0868125169727338,0.5,2.5,3.0,3.0,199.0868219534169,25.262135662974742,35.65575732207674,,,20.39025211728969,4.564434039267661,64.0,1.0,1.0,0.0,1.0,0.0,0.0,1.0,0.0872399720293645,0.9312855328674114,0.9449874913272532,,,,,0.0544934563635283,1.0,,,,validation
622f9eb961_216cec93_25_6,20260919,622f9eb961f076874eb7818d2282fef3693ee2f203fa18a5fcd63e2569f9bd2f,216cec93185069d84716a438ab8318d56f818f9d2727dd3c1730cbe3a0983711,fred-features-2,count_rate,count / s,74836.0,74836.5,74837.0,review_unscored,,unresolved,bayesian_blocks_coarsened;insufficient_event_bins;single_bin_candidate,2.2124801661727385,78.4999064417251,941.7542439489,1.0833549802893,0.5,0.5,1.0,1.0,78.4999064417251,,,,,17.88009075314999,4.22848563355133,64.0,1.0,1.0,0.0,1.0,0.0,0.0,0.0,,,,,,,,,,,,,validation
622f9eb961_216cec93_26_0,20260919,622f9eb961f076874eb7818d2282fef3693ee2f203fa18a5fcd63e2569f9bd2f,216cec93185069d84716a438ab8318d56f818f9d2727dd3c1730cbe3a0983711,fred-features-2,count_rate,count / s,79784.0,79785.5,79786.0,review_unscored,,unresolved,bayesian_blocks_coarsened;no_improvement_over_linear_background;parameter_near_bound;right_censored,2.0301823435699315,76.29937713340303,972.5015261869096,1.0784568199420377,1.5,0.5,2.0,2.0,141.2100000737655,11.38875419304054,-11.38875419304054,,,17.348189141192265,4.177909149941844,64.0,1.0,1.0,0.0,1.0,0.0,0.0,1.0,0.2764930402715108,1.0370106043202316,1.1572337182398007,,,,,0.1062547853797325,1.0,,,,validation
622f9eb961_216cec93_26_1,20260919,622f9eb961f076874eb7818d2282fef3693ee2f203fa18a5fcd63e2569f9bd2f,216cec93185069d84716a438ab8318d56f818f9d2727dd3c1730cbe3a0983711,fred-features-2,count_rate,count / s,79788.0,79788.5,79789.0,review_unscored,,unresolved,bayesian_blocks_coarsened;insufficient_event_bins;single_bin_candidate,2.941959301674687,112.00383503432715,973.6171366453603,1.1150388903591415,0.5,0.5,1.0,1.0,112.00383503432715,,,,,17.955344444876186,4.237374711407546,64.0,1.0,1.0,0.0,1.0,0.0,0.0,0.0,,,,,,,,,,,,,validation
622f9eb961_216cec93_26_2,20260919,622f9eb961f076874eb7818d2282fef3693ee2f203fa18a5fcd63e2569f9bd2f,216cec93185069d84716a438ab8318d56f818f9d2727dd3c1730cbe3a0983711,fred-features-2,count_rate,count / s,79800.0,79800.5,79801.0,review_unscored,,unresolved,bayesian_blocks_coarsened;insufficient_event_bins;single_bin_candidate,1.8591809846644056,69.8444739436851,977.8195885563148,1.0714287939831575,0.5,0.5,1.0,1.0,69.8444739436851,,,,,17.917203281744513,4.23287175351965,64.0,1.0,1.0,0.0,1.0,0.0,0.0,0.0,,,,,,,,,,,,,validation
622f9eb961_216cec93_26_3,20260919,622f9eb961f076874eb7818d2282fef3693ee2f203fa18a5fcd63e2569f9bd2f,216cec93185069d84716a438ab8318d56f818f9d2727dd3c1730cbe3a0983711,fred-features-2,count_rate,count / s,79805.0,79805.5,79806.0,review_unscored,,unresolved,bayesian_blocks_coarsened;insufficient_event_bins;single_bin_candidate,1.377351309934116,51.43336870905921,979.4355277753158,1.0525132765255971,0.5,0.5,1.0,1.0,51.43336870905921,,,,,17.069949492687368,4.131579539678181,64.0,1.0,1.0,0.0,1.0,0.0,0.0,0.0,,,,,,,,,,,,,validation
622f9eb961_216cec93_27_0,20260919,622f9eb961f076874eb7818d2282fef3693ee2f203fa18a5fcd63e2569f9bd2f,216cec93185069d84716a438ab8318d56f818f9d2727dd3c1730cbe3a0983711,fred-features-2,count_rate,count / s,85602.0,85602.5,85603.0,review_unscored,,unresolved,bayesian_blocks_coarsened;insufficient_event_bins;single_bin_candidate,3.635682223668171,125.79106639546228,913.2876689561002,1.137734331329846,0.5,0.5,1.0,1.0,125.79106639546228,,,,,3.2626418683263445,1.8062784581360496,4.0,1.0,1.0,1.0,0.0,0.0,0.0,0.0,,,,,,,,,,,,,validation
7d948bb81e_216cec93_1_0,20260920,7d948bb81e4c9b61020e50169ed0282c8618d911c004fe5faf02b8e6ca72d58a,216cec93185069d84716a438ab8318d56f818f9d2727dd3c1730cbe3a0983711,fred-features-2,count_rate,count / s,1552.0,1552.5,1553.0,review_unscored,,unresolved,bayesian_blocks_coarsened;insufficient_event_bins;single_bin_candidate,2.356186675823773,83.87015264253671,818.382471869182,1.1024828311033807,0.5,0.5,1.0,1.0,83.87015264253671,,,,,34.02989390527267,5.833514712870164,64.0,1.0,1.0,0.0,1.0,0.0,0.0,0.0,,,,,,,,,,,,,test
7d948bb81e_216cec93_1_1,20260920,7d948bb81e4c9b61020e50169ed0282c8618d911c004fe5faf02b8e6ca72d58a,216cec93185069d84716a438ab8318d56f818f9d2727dd3c1730cbe3a0983711,fred-features-2,count_rate,count / s,1562.0,1562.5,1563.0,review_unscored,,unresolved,bayesian_blocks_coarsened;insufficient_event_bins;single_bin_candidate,2.182450665415675,77.48638914462117,818.2927246249101,1.0946927509103046,0.5,0.5,1.0,1.0,77.48638914462117,,,,,47.89558829205353,6.920663862091088,64.0,1.0,1.0,0.0,1.0,0.0,0.0,0.0,,,,,,,,,,,,,test
7d948bb81e_216cec93_1_2,20260920,7d948bb81e4c9b61020e50169ed0282c8618d911c004fe5faf02b8e6ca72d58a,216cec93185069d84716a438ab8318d56f818f9d2727dd3c1730cbe3a0983711,fred-features-2,count_rate,count / s,1566.0,1569.5,1570.0,review_unscored,,unresolved,bayesian_blocks_coarsened;no_improvement_over_linear_background;right_censored;timescale_unresolved,1.5296287888313762,53.792217008173225,818.233722933233,1.0657418724021015,3.5,0.5,4.0,4.0,183.4235789932303,11.25900410404563,21.04049541113511,-1.4283155096090816,1.666133244737722,54.32888675085905,7.473867299831691,64.0,1.0,1.0,0.0,1.0,0.0,0.0,1.0,0.0249038933486274,0.9272694900137084,0.9284267738605104,,,,,-0.0101744528064244,1.0,,,,test
7d948bb81e_216cec93_1_3,20260920,7d948bb81e4c9b61020e50169ed0282c8618d911c004fe5faf02b8e6ca72d58a,216cec93185069d84716a438ab8318d56f818f9d2727dd3c1730cbe3a0983711,fred-features-2,count_rate,count / s,1575.0,1575.5,1576.0,review_unscored,,unresolved,bayesian_blocks_coarsened;insufficient_event_bins;single_bin_candidate,1.4883565320949457,52.308264237704975,818.1867308794825,1.063931939083732,0.5,0.5,1.0,1.0,52.308264237704975,,,,,60.268068345996895,7.763251145364093,64.0,1.0,1.0,0.0,1.0,0.0,0.0,0.0,,,,,,,,,,,,,test
7d948bb81e_216cec93_1_4,20260920,7d948bb81e4c9b61020e50169ed0282c8618d911c004fe5faf02b8e6ca72d58a,216cec93185069d84716a438ab8318d56f818f9d2727dd3c1730cbe3a0983711,fred-features-2,count_rate,count / s,1741.0,1781.5,1822.0,review_unscored,,complex_or_multi_peaked,bayesian_blocks_coarsened;multi_peak_single_component_fit;parameter_near_bound;right_censored,2.8132933077895985,106.30992474353673,954.0756953736508,1.1114271386002574,40.5,40.5,81.0,57.0,2609.0527662810905,59.10209270331024,51.6924935011005,-0.3589949316688746,-0.3330178579294274,7.106793731534175,4.452634762516071,16.0,6.0,1.0,0.0,1.0,1.0,0.0,1.0,0.8427559204304091,0.967443717100914,1.029037988088383,,,,,0.2314437475622566,1.0,,,,test
7d948bb81e_216cec93_2_0,20260920,7d948bb81e4c9b61020e50169ed0282c8618d911c004fe5faf02b8e6ca72d58a,216cec93185069d84716a438ab8318d56f818f9d2727dd3c1730cbe3a0983711,fred-features-2,count_rate,count / s,2639.0,2668.5,2683.0,review_unscored,,complex_or_multi_peaked,correlated_residuals;left_censored;multi_peak_single_component_fit;parameter_near_bound;right_censored,2.944751643821782,98.85949558448476,961.8780532436402,1.102777576898767,29.5,14.5,44.0,40.0,2027.3439839590728,39.96185408407001,57.07871028153375,-0.1957091412409677,-0.4603737182461578,6.623713885767293,4.478903955732931,16.0,3.0,1.0,0.0,1.0,1.0,0.0,1.0,0.8675247938814804,1.1504562576335078,1.5422488233420526,,,,,0.4575116155473392,1.0,,,,test
7d948bb81e_216cec93_2_1,20260920,7d948bb81e4c9b61020e50169ed0282c8618d911c004fe5faf02b8e6ca72d58a,216cec93185069d84716a438ab8318d56f818f9d2727dd3c1730cbe3a0983711,fred-features-2,count_rate,count / s,2853.0,2854.5,2856.0,review_unscored,,unresolved,no_improvement_over_linear_background;timescale_unresolved,1.9589003227347288,59.73318087660118,806.7236672679301,1.0740441656793025,1.5,1.5,3.0,3.0,144.780644933634,20.160899320035355,14.257998376134196,,,8.71608018059097,4.517969875767845,64.0,1.0,1.0,0.0,1.0,0.0,0.0,1.0,0.0436733408034182,0.9460047719916226,0.9730934449675668,,,,,-0.0461848146969287,0.0,,,,test
7d948bb81e_216cec93_2_2,20260920,7d948bb81e4c9b61020e50169ed0282c8618d911c004fe5faf02b8e6ca72d58a,216cec93185069d84716a438ab8318d56f818f9d2727dd3c1730cbe3a0983711,fred-features-2,count_rate,count / s,2880.0,2880.5,2882.0,review_unscored,,unresolved,no_improvement_over_linear_background;parameter_near_bound;timescale_unresolved,1.7987285393045649,54.72492664628396,807.545825306841,1.067766961243952,0.5,1.5,2.0,2.0,99.97535421945464,-9.474499073113291,9.474499073113291,,,22.48755417343896,4.754970203199102,64.0,1.0,1.0,0.0,1.0,0.0,0.0,1.0,0.0292759819048815,0.939235676827852,0.9599373579792626,,,,,-0.0729871035407912,0.0,,,,test
7d948bb81e_216cec93_2_3,20260920,7d948bb81e4c9b61020e50169ed0282c8618d911c004fe5faf02b8e6ca72d58a,216cec93185069d84716a438ab8318d56f818f9d2727dd3c1730cbe3a0983711,fred-features-2,count_rate,count / s,2897.0,2897.5,2898.0,review_unscored,,unresolved,insufficient_event_bins;single_bin_candidate,1.626780772523803,49.36019218670162,807.9491950203296,1.0610931881496084,0.5,0.5,1.0,1.0,49.36019218670162,,,,,16.899901269106262,4.110948949951369,64.0,1.0,1.0,0.0,1.0,0.0,0.0,0.0,,,,,,,,,,,,,test
7d948bb81e_216cec93_3_0,20260920,7d948bb81e4c9b61020e50169ed0282c8618d911c004fe5faf02b8e6ca72d58a,216cec93185069d84716a438ab8318d56f818f9d2727dd3c1730cbe3a0983711,fred-features-2,count_rate,count / s,5096.0,5096.5,5097.0,review_unscored,,unresolved,bayesian_blocks_coarsened;insufficient_event_bins;single_bin_candidate,3.552360086980559,114.80271114186088,784.4579089753266,1.1463465532418664,0.5,0.5,1.0,1.0,114.80271114186088,,,,,3.785486725138803,1.945632731308456,4.0,1.0,1.0,1.0,0.0,0.0,0.0,0.0,,,,,,,,,,,,,test
7d948bb81e_216cec93_5_0,20260920,7d948bb81e4c9b61020e50169ed0282c8618d911c004fe5faf02b8e6ca72d58a,216cec93185069d84716a438ab8318d56f818f9d2727dd3c1730cbe3a0983711,fred-features-2,count_rate,count / s,23546.0,23546.5,23548.0,review_unscored,,unresolved,bayesian_blocks_coarsened;no_improvement_over_linear_background;timescale_unresolved,2.3809166154345087,82.4180777117482,755.3822152570018,1.1091077815271402,0.5,1.5,2.0,2.0,142.99652314307787,-21.839632280418527,21.839632280418527,,,20.08869150614191,4.499890662642788,64.0,1.0,1.0,0.0,1.0,0.0,0.0,1.0,0.0693166675868399,0.8126450523139703,0.7190539957686664,,,,,-0.020540259493167,0.0,,,,test
7d948bb81e_216cec93_5_1,20260920,7d948bb81e4c9b61020e50169ed0282c8618d911c004fe5faf02b8e6ca72d58a,216cec93185069d84716a438ab8318d56f818f9d2727dd3c1730cbe3a0983711,fred-features-2,count_rate,count / s,23551.0,23552.5,23555.0,review_unscored,,unresolved,bayesian_blocks_coarsened;no_improvement_over_linear_background,2.667596578219125,92.72851848390542,755.0884370825008,1.1228048450088688,1.5,2.5,4.0,4.0,216.26016828075933,71.62284249285096,36.00713960432955,-1.418150420101774,2.6667497541031224,21.84664403234201,4.715704137312786,64.0,1.0,1.0,0.0,1.0,0.0,0.0,1.0,0.0711489152695594,0.822236757768615,0.731045400006011,,,,,-0.0437934708444424,0.0,,,,test
7d948bb81e_216cec93_5_2,20260920,7d948bb81e4c9b61020e50169ed0282c8618d911c004fe5faf02b8e6ca72d58a,216cec93185069d84716a438ab8318d56f818f9d2727dd3c1730cbe3a0983711,fred-features-2,count_rate,count / s,23570.0,23570.5,23571.0,review_unscored,,unresolved,bayesian_blocks_coarsened;insufficient_event_bins;single_bin_candidate,1.3711807914097116,46.72088253708648,753.9543493965073,1.0619677870079052,0.5,0.5,1.0,1.0,46.72088253708648,,,,,24.49467217106023,4.949209247047475,64.0,1.0,1.0,0.0,1.0,0.0,0.0,0.0,,,,,,,,,,,,,test
7d948bb81e_216cec93_5_3,20260920,7d948bb81e4c9b61020e50169ed0282c8618d911c004fe5faf02b8e6ca72d58a,216cec93185069d84716a438ab8318d56f818f9d2727dd3c1730cbe3a0983711,fred-features-2,count_rate,count / s,23766.0,23838.5,23946.0,review_unscored,,complex_or_multi_peaked,bayesian_blocks_coarsened;multi_peak_single_component_fit;parameter_near_bound;right_censored,3.2363542597993566,119.92537478415932,891.0092565634969,1.134594981927231,72.5,107.5,180.0,158.0,4476.27541172942,69.3877687193467,62.86190020974584,0.1128365728705484,-0.1241778632653973,60.319728435160656,11.837236961512229,64.0,16.0,1.0,0.0,1.0,1.0,0.0,1.0,0.8492231607131375,0.8947316973066931,0.8387348302347855,,,,,0.0822771276474915,1.0,,,,test
7d948bb81e_216cec93_7_0,20260920,7d948bb81e4c9b61020e50169ed0282c8618d911c004fe5faf02b8e6ca72d58a,216cec93185069d84716a438ab8318d56f818f9d2727dd3c1730cbe3a0983711,fred-features-2,count_rate,count / s,36730.0,36730.5,36732.0,review_unscored,,unresolved,bayesian_blocks_coarsened;optimizer_failed,3.9457252566750056,130.7751414834731,708.7269337118394,1.184521196052985,0.5,1.5,2.0,1.0,180.0543209404035,-81.49596202654277,81.49596202654277,,,1.072993829818378,1.2179469112410837,4.0,1.0,1.0,1.0,0.0,0.0,0.0,0.0,,,,,,,,,,,,,test
7d948bb81e_216cec93_8_0,20260920,7d948bb81e4c9b61020e50169ed0282c8618d911c004fe5faf02b8e6ca72d58a,216cec93185069d84716a438ab8318d56f818f9d2727dd3c1730cbe3a0983711,fred-features-2,count_rate,count / s,43107.0,43107.5,43108.0,review_unscored,,unresolved,bayesian_blocks_coarsened;insufficient_event_bins;single_bin_candidate,3.571721211256121,115.50120718665936,710.0644056063094,1.1626630010949996,0.5,0.5,1.0,1.0,115.50120718665936,,,,,2.768409223376078,1.6638537265565378,64.0,1.0,1.0,1.0,0.0,0.0,0.0,0.0,,,,,,,,,,,,,test
7d948bb81e_216cec93_8_1,20260920,7d948bb81e4c9b61020e50169ed0282c8618d911c004fe5faf02b8e6ca72d58a,216cec93185069d84716a438ab8318d56f818f9d2727dd3c1730cbe3a0983711,fred-features-2,count_rate,count / s,43617.0,43617.5,43618.0,review_unscored,,unresolved,bayesian_blocks_coarsened;insufficient_event_bins;single_bin_candidate,4.522824824442564,149.5031970620886,721.9715343832239,1.2070763041784027,0.5,0.5,1.0,1.0,149.5031970620886,,,,,3.414070436298424,1.847720334979952,4.0,1.0,1.0,1.0,0.0,0.0,0.0,0.0,,,,,,,,,,,,,test
7d948bb81e_216cec93_8_2,20260920,7d948bb81e4c9b61020e50169ed0282c8618d911c004fe5faf02b8e6ca72d58a,216cec93185069d84716a438ab8318d56f818f9d2727dd3c1730cbe3a0983711,fred-features-2,count_rate,count / s,44029.0,44029.5,44030.0,review_unscored,,unresolved,bayesian_blocks_coarsened;insufficient_event_bins;single_bin_candidate,2.253628686627001,72.45478421782161,740.2452279892096,1.0978794343796536,0.5,0.5,1.0,1.0,72.45478421782161,,,,,18.28103674172209,4.275632905397994,64.0,1.0,1.0,0.0,1.0,0.0,0.0,0.0,,,,,,,,,,,,,test
7d948bb81e_216cec93_8_3,20260920,7d948bb81e4c9b61020e50169ed0282c8618d911c004fe5faf02b8e6ca72d58a,216cec93185069d84716a438ab8318d56f818f9d2727dd3c1730cbe3a0983711,fred-features-2,count_rate,count / s,44188.0,44233.5,44272.0,review_unscored,,complex_or_multi_peaked,bayesian_blocks_coarsened;multi_peak_single_component_fit;parameter_near_bound;right_censored,3.4304093797277235,119.96432087428946,879.287754321023,1.13643351711059,45.5,38.5,84.0,81.0,2534.6414677942093,71.4229941341473,105.53358232305892,-0.0504360060937429,-0.12151570846394,3.946448893023805,3.728259385348886,16.0,8.0,1.0,0.0,0.0,1.0,0.0,1.0,0.8286260945415351,1.0633586777726995,1.2456390565817663,,,,,0.1975732383647385,1.0,,,,test
7d948bb81e_216cec93_9_0,20260920,7d948bb81e4c9b61020e50169ed0282c8618d911c004fe5faf02b8e6ca72d58a,216cec93185069d84716a438ab8318d56f818f9d2727dd3c1730cbe3a0983711,fred-features-2,count_rate,count / s,45081.0,45097.5,45148.0,review_unscored,,complex_or_multi_peaked,correlated_residuals;left_censored;multi_peak_single_component_fit;parameter_near_bound;right_censored,3.11515453835822,107.39372755261536,926.436228502072,1.115921338402598,16.5,50.5,67.0,62.0,2384.1175020274336,64.73285121153219,56.99513880906022,-0.1821980845005918,-0.0536802306322541,5.261665645760868,3.731241384438285,16.0,7.0,1.0,0.0,0.0,1.0,0.0,1.0,0.8550342862644773,1.1052445534398083,1.3812552153335629,,,,,0.3966356293599557,1.0,,,,test
7d948bb81e_216cec93_10_0,20260920,7d948bb81e4c9b61020e50169ed0282c8618d911c004fe5faf02b8e6ca72d58a,216cec93185069d84716a438ab8318d56f818f9d2727dd3c1730cbe3a0983711,fred-features-2,count_rate,count / s,47397.0,47397.5,47398.0,review_unscored,,unresolved,bayesian_blocks_coarsened;insufficient_event_bins;single_bin_candidate,1.5732088835754463,51.708705103000966,822.1072739009053,1.0628977588990822,0.5,0.5,1.0,1.0,51.708705103000966,,,,,17.5637370894016,4.190911248094094,64.0,1.0,1.0,0.0,1.0,0.0,0.0,0.0,,,,,,,,,,,,,test
7d948bb81e_216cec93_10_1,20260920,7d948bb81e4c9b61020e50169ed0282c8618d911c004fe5faf02b8e6ca72d58a,216cec93185069d84716a438ab8318d56f818f9d2727dd3c1730cbe3a0983711,fred-features-2,count_rate,count / s,47401.0,47401.5,47402.0,review_unscored,,unresolved,bayesian_blocks_coarsened;insufficient_event_bins;single_bin_candidate,1.5606808596593496,51.2857013718409,822.0592082961278,1.0623868705006545,0.5,0.5,1.0,1.0,51.2857013718409,,,,,18.46732425884582,4.297362477013758,64.0,1.0,1.0,0.0,1.0,0.0,0.0,0.0,,,,,,,,,,,,,test
7d948bb81e_216cec93_10_2,20260920,7d948bb81e4c9b61020e50169ed0282c8618d911c004fe5faf02b8e6ca72d58a,216cec93185069d84716a438ab8318d56f818f9d2727dd3c1730cbe3a0983711,fred-features-2,count_rate,count / s,47408.0,47408.5,47409.0,review_unscored,,unresolved,bayesian_blocks_coarsened;insufficient_event_bins;single_bin_candidate,1.832201888632844,60.46017783176603,821.9065824221402,1.0735608877271563,0.5,0.5,1.0,1.0,60.46017783176603,,,,,19.14424124247035,4.375413265335099,64.0,1.0,1.0,0.0,1.0,0.0,0.0,0.0,,,,,,,,,,,,,test
7d948bb81e_216cec93_10_3,20260920,7d948bb81e4c9b61020e50169ed0282c8618d911c004fe5faf02b8e6ca72d58a,216cec93185069d84716a438ab8318d56f818f9d2727dd3c1730cbe3a0983711,fred-features-2,count_rate,count / s,47412.0,47412.5,47414.0,review_unscored,,unresolved,bayesian_blocks_coarsened;no_improvement_over_linear_background;parameter_near_bound;timescale_unresolved,1.539080386131121,50.55209285149624,821.7810370313163,1.0615152827499106,0.5,1.5,2.0,2.0,93.54570606862274,-7.558479634369746,7.558479634369746,,,18.94453809769962,4.358155129363071,64.0,1.0,1.0,0.0,1.0,0.0,0.0,1.0,0.0275063594620259,0.9266327579404856,0.9216625096535348,,,,,-0.0038343864305225,0.0,,,,test
7d948bb81e_216cec93_10_4,20260920,7d948bb81e4c9b61020e50169ed0282c8618d911c004fe5faf02b8e6ca72d58a,216cec93185069d84716a438ab8318d56f818f9d2727dd3c1730cbe3a0983711,fred-features-2,count_rate,count / s,47419.0,47419.5,47420.0,review_unscored,,unresolved,bayesian_blocks_coarsened;insufficient_event_bins;single_bin_candidate,2.5087264497224866,83.64953285546369,821.4993318906301,1.1018254423444866,0.5,0.5,1.0,1.0,83.64953285546369,,,,,17.83027918727213,4.222591525032007,64.0,1.0,1.0,0.0,1.0,0.0,0.0,0.0,,,,,,,,,,,,,test
7d948bb81e_216cec93_10_5,20260920,7d948bb81e4c9b61020e50169ed0282c8618d911c004fe5faf02b8e6ca72d58a,216cec93185069d84716a438ab8318d56f818f9d2727dd3c1730cbe3a0983711,fred-features-2,count_rate,count / s,47422.0,47424.5,47425.0,review_unscored,,unresolved,bayesian_blocks_coarsened;no_improvement_over_linear_background;parameter_near_bound,2.678520688519865,89.53833516737575,821.2536570201243,1.1090264066430595,2.5,0.5,3.0,3.0,149.43863177726087,95.46258953338976,71.74880534191311,,,16.703201810750414,4.125140388584416,64.0,1.0,1.0,0.0,1.0,0.0,0.0,1.0,0.0267362618822121,0.9440657892497132,0.9713060337197312,,,,,-0.0329243706978584,0.0,,,,test
7d948bb81e_216cec93_10_6,20260920,7d948bb81e4c9b61020e50169ed0282c8618d911c004fe5faf02b8e6ca72d58a,216cec93185069d84716a438ab8318d56f818f9d2727dd3c1730cbe3a0983711,fred-features-2,count_rate,count / s,52227.0,52227.5,52228.0,review_unscored,,unresolved,bayesian_blocks_coarsened;insufficient_event_bins;single_bin_candidate,3.523707903464344,116.58718133254968,771.5627210112003,1.1511052545148268,0.5,0.5,1.0,1.0,116.58718133254968,,,,,0.0603780635806791,0.2457194814838235,16.0,1.0,1.0,1.0,0.0,0.0,0.0,0.0,,,,,,,,,,,,,test
7d948bb81e_216cec93_11_0,20260920,7d948bb81e4c9b61020e50169ed0282c8618d911c004fe5faf02b8e6ca72d58a,216cec93185069d84716a438ab8318d56f818f9d2727dd3c1730cbe3a0983711,fred-features-2,count_rate,count / s,58351.0,58402.5,58419.0,review_unscored,,complex_or_multi_peaked,bayesian_blocks_coarsened;multi_peak_single_component_fit;parameter_near_bound;right_censored,3.2185786907075125,110.9465847998307,833.6120699853255,1.1330913848233792,51.5,16.5,68.0,57.0,2420.0644343871863,57.46079841048567,77.74276561406612,0.1089456140928381,-0.4078698193602763,6.266976409966972,4.614195165417024,16.0,8.0,1.0,0.0,1.0,1.0,0.0,1.0,0.8105143733389087,1.0066493942775918,1.099963238345812,,,,,0.2304607656679073,1.0,,,,test
7d948bb81e_216cec93_12_0,20260920,7d948bb81e4c9b61020e50169ed0282c8618d911c004fe5faf02b8e6ca72d58a,216cec93185069d84716a438ab8318d56f818f9d2727dd3c1730cbe3a0983711,fred-features-2,count_rate,count / s,59219.0,59253.5,59304.0,review_unscored,,complex_or_multi_peaked,correlated_residuals;left_censored;multi_peak_single_component_fit;parameter_near_bound;right_censored,3.3046347514884795,113.36821303453394,903.1701780787472,1.1255225380400562,34.5,50.5,85.0,67.0,2564.154719008204,63.19218917590837,66.73763872639432,-0.105594081118878,-0.346120052863252,4.82475405009019,3.6190826843592543,16.0,8.0,1.0,0.0,0.0,1.0,0.0,1.0,0.8157613542315956,1.1764995074891011,1.5464026065801162,,,,,0.3013964059322415,1.0,,,,test
7d948bb81e_216cec93_12_1,20260920,7d948bb81e4c9b61020e50169ed0282c8618d911c004fe5faf02b8e6ca72d58a,216cec93185069d84716a438ab8318d56f818f9d2727dd3c1730cbe3a0983711,fred-features-2,count_rate,count / s,59457.0,59457.5,59458.0,review_unscored,,unresolved,insufficient_event_bins;single_bin_candidate,1.4409391504713245,44.590535046591526,755.6028243284085,1.059013192660078,0.5,0.5,1.0,1.0,44.590535046591526,,,,,17.000413678248076,4.123155791168711,64.0,1.0,1.0,0.0,1.0,0.0,0.0,0.0,,,,,,,,,,,,,test
7d948bb81e_216cec93_12_2,20260920,7d948bb81e4c9b61020e50169ed0282c8618d911c004fe5faf02b8e6ca72d58a,216cec93185069d84716a438ab8318d56f818f9d2727dd3c1730cbe3a0983711,fred-features-2,count_rate,count / s,59464.0,59464.5,59465.0,review_unscored,,unresolved,insufficient_event_bins;single_bin_candidate,2.090746135812783,65.40766635358511,755.7908810096961,1.0865420157837893,0.5,0.5,1.0,1.0,65.40766635358511,,,,,18.290577417432942,4.276748463194083,64.0,1.0,1.0,0.0,1.0,0.0,0.0,0.0,,,,,,,,,,,,,test
7d948bb81e_216cec93_14_0,20260920,7d948bb81e4c9b61020e50169ed0282c8618d911c004fe5faf02b8e6ca72d58a,216cec93185069d84716a438ab8318d56f818f9d2727dd3c1730cbe3a0983711,fred-features-2,count_rate,count / s,62745.0,62766.5,62805.0,review_unscored,,complex_or_multi_peaked,bayesian_blocks_coarsened;correlated_residuals;multi_peak_single_component_fit;no_improvement_over_linear_background;parameter_near_bound;right_censored,2.823730635595312,96.24365724749556,817.8114574985982,1.117684408019755,21.5,38.5,60.0,45.0,1054.507548340781,33.79746003728218,59.73283993686852,0.1718310017315997,0.7456540156857883,3.646860881179701,2.288075230395742,16.0,3.0,1.0,0.0,0.0,1.0,0.0,1.0,0.5434950553792819,1.167389847305177,1.406729105898517,,,,,0.3522016517029878,1.0,,,,test
7d948bb81e_216cec93_14_1,20260920,7d948bb81e4c9b61020e50169ed0282c8618d911c004fe5faf02b8e6ca72d58a,216cec93185069d84716a438ab8318d56f818f9d2727dd3c1730cbe3a0983711,fred-features-2,count_rate,count / s,62917.0,62960.5,63021.0,review_unscored,,complex_or_multi_peaked,bayesian_blocks_coarsened;multi_peak_single_component_fit;parameter_near_bound;right_censored,4.38865203642226,162.43406612926617,957.8620764488588,1.1695798070756367,43.5,60.5,104.0,99.0,4861.0970539139325,60.06021739645871,78.36717254107327,-0.0332401589702541,0.0919461990210979,32.75648542860701,7.27963519258364,64.0,15.0,1.0,1.0,1.0,1.0,0.0,1.0,0.6989064763055672,1.0299544643697347,1.145999193795579,,,,,0.1216992816191863,1.0,,,,test
7d948bb81e_216cec93_14_2,20260920,7d948bb81e4c9b61020e50169ed0282c8618d911c004fe5faf02b8e6ca72d58a,216cec93185069d84716a438ab8318d56f818f9d2727dd3c1730cbe3a0983711,fred-features-2,count_rate,count / s,64842.0,64910.5,64982.0,review_unscored,,complex_or_multi_peaked,bayesian_blocks_coarsened;multi_peak_single_component_fit;parameter_near_bound;right_censored,3.619701046104764,131.98743550024847,948.196768601314,1.139198360372967,68.5,71.5,140.0,128.0,2815.8822220551806,80.5651173122331,89.36976639310615,0.0803950799391933,-0.4519459447598271,7.265236328052083,3.8441117252603374,4.0,21.0,1.0,1.0,0.0,1.0,0.0,1.0,0.7067757913670951,1.09115734859379,1.2371491670924817,,,,,0.0185890472860496,1.0,,,,test
7d948bb81e_216cec93_14_3,20260920,7d948bb81e4c9b61020e50169ed0282c8618d911c004fe5faf02b8e6ca72d58a,216cec93185069d84716a438ab8318d56f818f9d2727dd3c1730cbe3a0983711,fred-features-2,count_rate,count / s,65346.0,65417.5,65476.0,review_unscored,,complex_or_multi_peaked,bayesian_blocks_coarsened;correlated_residuals;multi_peak_single_component_fit;parameter_near_bound;right_censored,6.729255160365097,290.12714370458434,1313.4279100063532,1.2208930855620244,71.5,58.5,130.0,66.0,13401.465747618246,91.80072141241362,69.91902114495235,0.325124236624655,-0.663652746570822,142.53000800680095,16.40590208821627,64.0,14.0,1.0,1.0,1.0,1.0,0.0,1.0,0.7963516252636921,1.4998382859647847,2.4996991264018207,,,,,0.6127434724274767,1.0,,,,test
7d948bb81e_216cec93_14_4,20260920,7d948bb81e4c9b61020e50169ed0282c8618d911c004fe5faf02b8e6ca72d58a,216cec93185069d84716a438ab8318d56f818f9d2727dd3c1730cbe3a0983711,fred-features-2,count_rate,count / s,66262.0,66396.5,66402.0,review_unscored,,complex_or_multi_peaked,bayesian_blocks_coarsened;multi_peak_single_component_fit;parameter_near_bound;right_censored,3.0304061977937926,120.50007764145766,1208.6426225538548,1.0996986829629107,134.5,5.5,140.0,132.0,3774.74172723305,100.55528533608856,66.62529448232885,-0.1517776465425481,-0.2310985338858544,8.369664109387518,3.721723460511832,64.0,20.0,1.0,0.0,0.0,1.0,0.0,1.0,0.7718452728674511,0.9781624956371424,0.9981918549045008,,,,,-0.0191178210295325,1.0,,,,test
7d948bb81e_216cec93_15_0,20260920,7d948bb81e4c9b61020e50169ed0282c8618d911c004fe5faf02b8e6ca72d58a,216cec93185069d84716a438ab8318d56f818f9d2727dd3c1730cbe3a0983711,fred-features-2,count_rate,count / s,73190.0,73192.5,73193.0,review_unscored,,unresolved,bayesian_blocks_coarsened;no_improvement_over_linear_background;right_censored,3.241554539025973,108.59781867695222,786.6808678464853,1.1380455825425568,2.5,0.5,3.0,1.0,144.52013147559455,119.85402486570774,58.43472517615339,,,16.74000929778194,4.123580796490024,64.0,1.0,1.0,0.0,1.0,0.0,0.0,1.0,0.1495485255794857,0.9202933446309192,0.9062460313340508,,,,,-0.0229483470885295,1.0,,,,test
7d948bb81e_216cec93_15_1,20260920,7d948bb81e4c9b61020e50169ed0282c8618d911c004fe5faf02b8e6ca72d58a,216cec93185069d84716a438ab8318d56f818f9d2727dd3c1730cbe3a0983711,fred-features-2,count_rate,count / s,73196.0,73196.5,73199.0,review_unscored,,unresolved,bayesian_blocks_coarsened;no_improvement_over_linear_background;parameter_near_bound;right_censored,2.025213221563693,66.579720426059,787.289420198941,1.0845682905395009,0.5,2.5,3.0,3.0,138.08716846727327,35.4982425730293,48.57511769196651,,,17.834356599521737,4.233697520073771,64.0,1.0,1.0,0.0,1.0,0.0,0.0,1.0,0.1181070668021907,0.922082732680772,0.919037437365394,,,,,0.0301957381476226,1.0,,,,test
7d948bb81e_216cec93_16_0,20260920,7d948bb81e4c9b61020e50169ed0282c8618d911c004fe5faf02b8e6ca72d58a,216cec93185069d84716a438ab8318d56f818f9d2727dd3c1730cbe3a0983711,fred-features-2,count_rate,count / s,77677.0,77679.5,77680.0,review_unscored,,unresolved,bayesian_blocks_coarsened;no_improvement_over_linear_background;parameter_near_bound;right_censored,3.643079654345722,155.37364580504754,1256.09937665589,1.123695345044035,2.5,0.5,3.0,3.0,256.7103236428118,134.36052329547238,59.31043281861389,,,4.149702025010577,2.736564489856704,4.0,1.0,1.0,1.0,0.0,0.0,0.0,1.0,0.1742192468386411,1.0144623306018483,1.0984140445380095,,,,,0.1111230900469641,1.0,,,,test
7d948bb81e_216cec93_16_1,20260920,7d948bb81e4c9b61020e50169ed0282c8618d911c004fe5faf02b8e6ca72d58a,216cec93185069d84716a438ab8318d56f818f9d2727dd3c1730cbe3a0983711,fred-features-2,count_rate,count / s,78427.0,78427.5,78428.0,review_unscored,,unresolved,bayesian_blocks_coarsened;insufficient_event_bins;single_bin_candidate,3.7371824451162254,170.22573967004632,1493.8319995877662,1.1139523987416398,0.5,0.5,1.0,1.0,170.22573967004632,,,,,7.954222522482473,2.8203231237718973,4.0,1.0,1.0,1.0,0.0,0.0,0.0,0.0,,,,,,,,,,,,,test
7d948bb81e_216cec93_16_2,20260920,7d948bb81e4c9b61020e50169ed0282c8618d911c004fe5faf02b8e6ca72d58a,216cec93185069d84716a438ab8318d56f818f9d2727dd3c1730cbe3a0983711,fred-features-2,count_rate,count / s,78830.0,78832.5,78835.0,review_unscored,,unresolved,bayesian_blocks_coarsened;correlated_residuals;no_improvement_over_linear_background,3.64496276879176,156.0218934717459,1268.686114340754,1.122979113358405,2.5,2.5,5.0,3.0,356.7057303614713,36.47820305537334,84.60661312366233,0.7501184769287773,-0.5798984865122763,5.260235398604341,2.435429034014928,4.0,1.0,1.0,1.0,0.0,0.0,0.0,1.0,0.0401442478263138,1.2285458295736882,1.595423840002955,,,,,0.3265028622388248,0.0,,,,test
7d948bb81e_216cec93_16_3,20260920,7d948bb81e4c9b61020e50169ed0282c8618d911c004fe5faf02b8e6ca72d58a,216cec93185069d84716a438ab8318d56f818f9d2727dd3c1730cbe3a0983711,fred-features-2,count_rate,count / s,79471.0,79472.5,79473.0,review_unscored,,unresolved,bayesian_blocks_coarsened;no_improvement_over_linear_background;parameter_near_bound;right_censored,3.556530198956012,149.82982830012543,1217.7482966998746,1.1230384215737912,1.5,0.5,2.0,1.0,212.5280198340697,87.13163676618115,-87.13163676618115,,,6.347535832125461,2.576477433611214,16.0,1.0,1.0,1.0,0.0,0.0,0.0,1.0,0.5762259690536248,1.171038627985606,1.4813396073211618,,,,,0.189050648798356,1.0,,,,test
7d948bb81e_216cec93_16_4,20260920,7d948bb81e4c9b61020e50169ed0282c8618d911c004fe5faf02b8e6ca72d58a,216cec93185069d84716a438ab8318d56f818f9d2727dd3c1730cbe3a0983711,fred-features-2,count_rate,count / s,80225.0,80242.5,80370.0,review_unscored,,complex_or_multi_peaked,bayesian_blocks_coarsened;multi_peak_single_component_fit;parameter_near_bound;right_censored,3.2355708858741865,139.1152248818005,1300.413461641637,1.1069776874704005,17.5,127.5,145.0,144.0,3505.913519083016,97.2186317344624,83.9129837138513,0.070306494669285,-0.1235597208163894,9.432309727684128,4.052035494913171,64.0,17.0,1.0,0.0,1.0,1.0,0.0,1.0,0.5771438541035006,0.9760113959645386,0.9861918285372242,,,,,0.0872093949379987,1.0,,,,test
7d948bb81e_216cec93_16_5,20260920,7d948bb81e4c9b61020e50169ed0282c8618d911c004fe5faf02b8e6ca72d58a,216cec93185069d84716a438ab8318d56f818f9d2727dd3c1730cbe3a0983711,fred-features-2,count_rate,count / s,80579.0,80628.5,80675.0,review_unscored,,complex_or_multi_peaked,bayesian_blocks_coarsened;multi_peak_single_component_fit;parameter_near_bound,3.482117737914784,148.75971033254382,1267.402032831519,1.1173737349940949,49.5,46.5,96.0,88.0,2204.776730749853,93.62993782212698,104.19380026272984,0.0229474281823478,0.139918935705448,28.94536143808861,6.56548973304008,64.0,12.0,1.0,0.0,1.0,1.0,0.0,1.0,0.1465383369958158,1.0333755087503385,1.0970910709425006,,,,,0.1844379692143736,0.0,,,,test
7d948bb81e_216cec93_16_6,20260920,7d948bb81e4c9b61020e50169ed0282c8618d911c004fe5faf02b8e6ca72d58a,216cec93185069d84716a438ab8318d56f818f9d2727dd3c1730cbe3a0983711,fred-features-2,count_rate,count / s,80909.0,80937.5,80981.0,review_unscored,,complex_or_multi_peaked,bayesian_blocks_coarsened;correlated_residuals;multi_peak_single_component_fit;no_improvement_over_linear_background;parameter_near_bound;poor_likelihood_fit;right_censored,5.921687836964873,337.1303824935567,2468.169422193944,1.1365912645469385,28.5,43.5,72.0,46.0,9137.673671427288,164.3709934697854,105.4463468325696,0.1216765500481778,-0.5931801783535136,243.8977464302025,19.30344967723288,64.0,10.0,1.0,1.0,1.0,1.0,0.0,1.0,0.8551060420228969,4.747247071305257,20.621064053315006,,,,,0.9412636817285184,1.0,,,,test
7d948bb81e_216cec93_16_7,20260920,7d948bb81e4c9b61020e50169ed0282c8618d911c004fe5faf02b8e6ca72d58a,216cec93185069d84716a438ab8318d56f818f9d2727dd3c1730cbe3a0983711,fred-features-2,count_rate,count / s,81095.0,81136.5,81245.0,review_unscored,,complex_or_multi_peaked,bayesian_blocks_coarsened;correlated_residuals;multi_peak_single_component_fit;parameter_near_bound;poor_likelihood_fit;right_censored,4.054471077870535,293.8071013963827,4456.523465009867,1.065927421610857,41.5,108.5,150.0,141.0,16076.856209256724,130.94582588312096,129.40025650880307,-0.1008957582010491,-0.1177705078843214,3.3592684026985062,3.170435979936133,16.0,17.0,1.0,1.0,0.0,1.0,0.0,1.0,0.94004653583355,3.168294194679015,10.023358274189142,,,,,0.8911322653753514,1.0,,,,test
7d948bb81e_216cec93_17_0,20260920,7d948bb81e4c9b61020e50169ed0282c8618d911c004fe5faf02b8e6ca72d58a,216cec93185069d84716a438ab8318d56f818f9d2727dd3c1730cbe3a0983711,fred-features-2,count_rate,count / s,82366.0,82366.5,82367.0,review_unscored,,unresolved,bayesian_blocks_coarsened;insufficient_event_bins;single_bin_candidate,3.5360447676144955,183.7514800946024,2132.9787445147726,1.0861478252266428,0.5,0.5,1.0,1.0,183.7514800946024,,,,,2.846511717391337,1.6871608451452806,4.0,1.0,1.0,1.0,0.0,0.0,0.0,0.0,,,,,,,,,,,,,test
7d948bb81e_216cec93_17_1,20260920,7d948bb81e4c9b61020e50169ed0282c8618d911c004fe5faf02b8e6ca72d58a,216cec93185069d84716a438ab8318d56f818f9d2727dd3c1730cbe3a0983711,fred-features-2,count_rate,count / s,84870.0,84870.5,84871.0,review_unscored,,unresolved,bayesian_blocks_coarsened;insufficient_event_bins;single_bin_candidate,1.313496808596844,46.99756121140558,869.3093845893757,1.054063101174969,0.5,0.5,1.0,1.0,46.99756121140558,,,,,17.450201103272413,4.177343785621721,64.0,1.0,1.0,0.0,1.0,0.0,0.0,0.0,,,,,,,,,,,,,test
7d948bb81e_216cec93_17_2,20260920,7d948bb81e4c9b61020e50169ed0282c8618d911c004fe5faf02b8e6ca72d58a,216cec93185069d84716a438ab8318d56f818f9d2727dd3c1730cbe3a0983711,fred-features-2,count_rate,count / s,84874.0,84874.5,84875.0,review_unscored,,unresolved,bayesian_blocks_coarsened;insufficient_event_bins;single_bin_candidate,2.8860195220057205,105.63700523620412,869.9686466192646,1.1214262211020063,0.5,0.5,1.0,1.0,105.63700523620412,,,,,19.08312357679544,4.368423465827854,64.0,1.0,1.0,0.0,1.0,0.0,0.0,0.0,,,,,,,,,,,,,test
7d948bb81e_216cec93_17_3,20260920,7d948bb81e4c9b61020e50169ed0282c8618d911c004fe5faf02b8e6ca72d58a,216cec93185069d84716a438ab8318d56f818f9d2727dd3c1730cbe3a0983711,fred-features-2,count_rate,count / s,84880.0,84880.5,84881.0,review_unscored,,unresolved,bayesian_blocks_coarsened;insufficient_event_bins;single_bin_candidate,1.3783227411176304,49.39341418320771,870.8646424574173,1.0567176708929515,0.5,0.5,1.0,1.0,49.39341418320771,,,,,20.913442753954385,4.573121773357275,64.0,1.0,1.0,0.0,1.0,0.0,0.0,0.0,,,,,,,,,,,,,test
7d948bb81e_216cec93_17_4,20260920,7d948bb81e4c9b61020e50169ed0282c8618d911c004fe5faf02b8e6ca72d58a,216cec93185069d84716a438ab8318d56f818f9d2727dd3c1730cbe3a0983711,fred-features-2,count_rate,count / s,84884.0,84884.5,84886.0,review_unscored,,unresolved,bayesian_blocks_coarsened;right_censored,1.5651743553700022,56.251103199155295,871.3923294180322,1.0645531310066996,0.5,1.5,2.0,2.0,105.5409123372092,-6.961294061101398,6.961294061101398,,,21.733655823319125,4.668804405339692,64.0,1.0,1.0,0.0,1.0,0.0,0.0,1.0,0.1625341027796175,0.9833107288869296,1.0456918101032648,,,,,-0.0804768932483746,1.0,,,,test
7d948bb81e_216cec93_17_5,20260920,7d948bb81e4c9b61020e50169ed0282c8618d911c004fe5faf02b8e6ca72d58a,216cec93185069d84716a438ab8318d56f818f9d2727dd3c1730cbe3a0983711,fred-features-2,count_rate,count / s,84908.0,84908.5,84909.0,review_unscored,,unresolved,bayesian_blocks_coarsened;insufficient_event_bins;single_bin_candidate,1.709125509130388,61.59461885533074,873.1806496993568,1.0705405220289046,0.5,0.5,1.0,1.0,61.59461885533074,,,,,18.46123936465969,4.2966544385905285,64.0,1.0,1.0,0.0,1.0,0.0,0.0,0.0,,,,,,,,,,,,,test
7d948bb81e_216cec93_17_6,20260920,7d948bb81e4c9b61020e50169ed0282c8618d911c004fe5faf02b8e6ca72d58a,216cec93185069d84716a438ab8318d56f818f9d2727dd3c1730cbe3a0983711,fred-features-2,count_rate,count / s,85111.0,85162.5,85203.0,review_unscored,,complex_or_multi_peaked,bayesian_blocks_coarsened;multi_peak_single_component_fit;parameter_near_bound;right_censored,2.9913730024590657,110.2125127975047,882.9821893509328,1.124818500448486,51.5,40.5,92.0,72.0,2301.6953880522087,62.02511492315296,68.39908444605646,0.2601373858162131,-0.0742237454124263,29.293217912632432,6.759975563774359,64.0,12.0,1.0,0.0,1.0,1.0,0.0,1.0,0.2879945336011994,1.0248745888088888,1.1049572083392776,,,,,0.0621813608894177,1.0,,,,test
7d948bb81e_216cec93_17_7,20260920,7d948bb81e4c9b61020e50169ed0282c8618d911c004fe5faf02b8e6ca72d58a,216cec93185069d84716a438ab8318d56f818f9d2727dd3c1730cbe3a0983711,fred-features-2,count_rate,count / s,85209.0,85209.5,85210.0,review_unscored,,unresolved,bayesian_blocks_coarsened;insufficient_event_bins;single_bin_candidate,1.715135533863482,61.81562829606787,873.1445157469009,1.0707965602271348,0.5,0.5,1.0,1.0,61.81562829606787,,,,,16.203322240974313,4.025335047045688,64.0,1.0,1.0,0.0,1.0,0.0,0.0,0.0,,,,,,,,,,,,,test
