candidate_id,group_id,source_hash,pipeline_hash,feature_version,quantity,unit,observed_start_s,observed_peak_s,observed_end_s,status,burst_score,operational_morphology,quality_flags,peak_snr,net_peak_observed,background_at_peak,peak_background_ratio,rise_observed_s,decay_observed_s,duration_observed_s,fwhm_observed_s,fluence_observed,max_rise_rate,max_decay_rate,skewness,kurtosis,wavelet_energy,wavelet_max,dominant_scale_s,n_peaks,cadence_s,sigma_evidence,wavelet_evidence,bb_evidence,edge_candidate,fit_success,fit_r2,fit_rmse_over_noise,fit_reduced_statistic,fit_rise_constant_s,fit_decay_constant_s,fit_duration_s,fit_net_peak,fit_residual_autocorrelation,fit_censored,ctx_peak_fraction,ctx_roughness,ctx_flat_top_fraction,ctx_longest_above2_s,ctx_positive_area_over_peak_s,label,split,label_origin
efcac24cef_216cec93_0_0,train_20261009,efcac24cef59f3bfae1a35e675cb085f005e6780f52bfce461018991eb2d2051,216cec93185069d84716a438ab8318d56f818f9d2727dd3c1730cbe3a0983711,fred-features-2,count_rate,count / s,81.0,91.5,97.0,review_unscored,,unresolved,correlated_residuals;parameter_near_bound,11.851626803947473,353.7444951206194,619.849245831605,1.570694402710819,10.5,5.5,16.0,12.0,4023.7268128746928,133.07970778693345,190.12980586990273,-1.0973222663477178,-0.5923357184217695,119.73209467460279,12.35123135491029,16.0,1.0,1.0,1.0,1.0,1.0,0.0,1.0,0.8264122277236287,1.219359302071805,1.5313531886133818,,,,,0.5163027006317004,0.0,0.08656496778812846,0.09013402439681682,0.7692307692307693,13.0,14.440127583558505,0,train,SIMULATION_TRUTH_ONLY
efcac24cef_216cec93_0_1,train_20261009,efcac24cef59f3bfae1a35e675cb085f005e6780f52bfce461018991eb2d2051,216cec93185069d84716a438ab8318d56f818f9d2727dd3c1730cbe3a0983711,fred-features-2,count_rate,count / s,116.0,140.5,141.0,review_unscored,,unresolved,no_improvement_over_linear_background,2.9392902191936074,87.73122473408466,623.5006715408583,1.140707506404563,24.5,0.5,25.0,22.0,715.2458484965987,53.23208921521871,20.274477930908915,0.9594374283067717,1.3503061702173094,1.0168338309157514,1.809999695814519,4.0,1.0,1.0,0.0,0.0,1.0,0.0,1.0,0.08624781752393118,0.9144771184795386,0.8567651747379006,,,,,0.2956017944337553,0.0,0.4525625151416946,0.10853913056575018,0.16666666666666666,1.0,5.450458352225424,0,train,SIMULATION_TRUTH_ONLY
efcac24cef_216cec93_0_2,train_20261009,efcac24cef59f3bfae1a35e675cb085f005e6780f52bfce461018991eb2d2051,216cec93185069d84716a438ab8318d56f818f9d2727dd3c1730cbe3a0983711,fred-features-2,count_rate,count / s,286.0,317.5,331.0,review_unscored,,complex_or_multi_peaked,multi_peak_single_component_fit;parameter_near_bound,5.554731698395691,165.79629047423327,648.7320499314759,1.2555697540945387,31.5,13.5,45.0,29.0,3795.995909942156,41.84641695831567,42.92810702482228,-0.04302747065719597,-0.952811485429947,25.583801171295065,7.61246715183217,16.0,3.0,1.0,1.0,1.0,1.0,0.0,1.0,0.6689226410843159,0.9761270687658771,0.9726745555103269,,,,,0.2801479666807336,0.0,0.05055473513587265,0.16296658174973772,0.18604651162790697,25.0,26.6999747324603,1,train,SIMULATION_TRUTH_ONLY
efcac24cef_216cec93_0_3,train_20261009,efcac24cef59f3bfae1a35e675cb085f005e6780f52bfce461018991eb2d2051,216cec93185069d84716a438ab8318d56f818f9d2727dd3c1730cbe3a0983711,fred-features-2,count_rate,count / s,545.0,547.5,549.0,review_unscored,,unresolved,correlated_residuals,5.05836067053614,150.98072788967772,653.8278594423272,1.2309181624938015,2.5,1.5,4.0,3.0,461.9521824540884,27.75807492668241,88.17523966516751,-1.0131596238081133,0.22311811054809993,12.192340118194533,3.8957103343378825,4.0,1.0,1.0,1.0,0.0,1.0,0.0,1.0,0.2246446497869774,1.02359820814447,1.074078751307438,,,,,0.38640695602000086,0.0,0.20361993907946951,0.18596394602895294,0.11764705882352941,4.0,10.317597556785252,0,train,SIMULATION_TRUTH_ONLY
efcac24cef_216cec93_0_4,train_20261009,efcac24cef59f3bfae1a35e675cb085f005e6780f52bfce461018991eb2d2051,216cec93185069d84716a438ab8318d56f818f9d2727dd3c1730cbe3a0983711,fred-features-2,count_rate,count / s,790.0,790.5,792.0,review_unscored,,unresolved,correlated_residuals;no_improvement_over_linear_background;parameter_near_bound;timescale_unresolved,3.6081270259012195,107.69450424167655,644.3536164027844,1.1671357178732071,0.5,1.5,2.0,2.0,166.09724478688543,-49.29176369646768,49.29176369646768,,,5.4876346879340545,2.390531085563972,4.0,1.0,1.0,1.0,0.0,0.0,0.0,1.0,0.013750626535890431,0.9959838647572957,1.0171611141578152,,,,,0.32175734927271554,0.0,0.19274864249838647,0.2819690192561032,0.07692307692307693,1.0,12.877767788531676,0,train,SIMULATION_TRUTH_ONLY
575c260e6c_216cec93_0_0,train_20261010,575c260e6ccdfad39263cf16336ec00e103417e042e36635e51cb83647bb72e8,216cec93185069d84716a438ab8318d56f818f9d2727dd3c1730cbe3a0983711,fred-features-2,count_rate,count / s,271.0,283.5,318.0,review_unscored,,complex_or_multi_peaked,multi_peak_single_component_fit;parameter_near_bound,6.454239797856593,229.75024741178265,881.8984473520308,1.2605178046311634,12.5,34.5,47.0,30.0,5233.313894338797,62.958867605218586,68.74690898717586,-0.20575566131207765,-0.8057548660845733,81.46617529775259,14.025558882632524,16.0,6.0,1.0,1.0,1.0,1.0,0.0,1.0,0.6817891420834229,0.9820827891875975,0.9844140140089556,,,,,0.12574833816731795,0.0,0.05195778061498121,0.1657709951707795,0.125,29.0,24.07104517916651,1,train,SIMULATION_TRUTH_ONLY
575c260e6c_216cec93_0_1,train_20261010,575c260e6ccdfad39263cf16336ec00e103417e042e36635e51cb83647bb72e8,216cec93185069d84716a438ab8318d56f818f9d2727dd3c1730cbe3a0983711,fred-features-2,count_rate,count / s,622.0,622.5,623.0,review_unscored,,unresolved,insufficient_event_bins;single_bin_candidate,3.7843720976241357,134.71151567937306,856.3346678360372,1.1573117622573776,0.5,0.5,1.0,1.0,134.71151567937306,,,,,2.4668843509103286,1.5706318317512633,4.0,1.0,1.0,1.0,0.0,0.0,0.0,0.0,,,,,,,,,,0.37319591266154606,0.30344346415310525,0.05555555555555555,1.0,9.295714448385478,0,train,SIMULATION_TRUTH_ONLY
d10c01a671_216cec93_0_0,train_20261011,d10c01a6710e681ab35775988b6202fcad817bac6a2157eb5e7c9d562fae27ed,216cec93185069d84716a438ab8318d56f818f9d2727dd3c1730cbe3a0983711,fred-features-2,count_rate,count / s,240.0,245.5,252.0,review_unscored,,unresolved,parameter_near_bound,9.392679750817177,282.2418817504823,629.3970388069924,1.4484321729340597,5.5,6.5,12.0,7.0,1971.1381129226656,84.46106095245693,66.35375275861242,0.012173299494912361,-1.790518340294308,77.65197757210387,12.620018368008086,4.0,1.0,1.0,1.0,1.0,1.0,0.0,1.0,0.6346386540826617,1.095780113610654,1.229878087903621,,,,,0.23377959203276724,0.0,0.12791428012420766,0.12127653555950638,0.2857142857142857,8.0,10.723148952028772,1,train,SIMULATION_TRUTH_ONLY
d10c01a671_216cec93_0_1,train_20261011,d10c01a6710e681ab35775988b6202fcad817bac6a2157eb5e7c9d562fae27ed,216cec93185069d84716a438ab8318d56f818f9d2727dd3c1730cbe3a0983711,fred-features-2,count_rate,count / s,255.0,255.5,256.0,review_unscored,,unresolved,insufficient_event_bins;single_bin_candidate,1.7265977755278679,51.8827659538573,630.5998286943575,1.0822752617318012,0.5,0.5,1.0,1.0,51.8827659538573,,,,,17.688052887748963,4.205716691332045,16.0,1.0,1.0,0.0,1.0,0.0,0.0,0.0,,,,,,,,,,0.13408620406292213,0.11489850882582621,0.3333333333333333,8.0,10.503110005689319,0,train,SIMULATION_TRUTH_ONLY
d10c01a671_216cec93_0_2,train_20261011,d10c01a6710e681ab35775988b6202fcad817bac6a2157eb5e7c9d562fae27ed,216cec93185069d84716a438ab8318d56f818f9d2727dd3c1730cbe3a0983711,fred-features-2,count_rate,count / s,509.0,509.5,511.0,review_unscored,,unresolved,parameter_near_bound;timescale_unresolved,13.575523478728492,407.932708666111,641.7176419833722,1.6356887858113165,0.5,1.5,2.0,2.0,767.9256621707328,-47.93975516148919,47.93975516148919,,,72.53432814140798,8.82718540775628,4.0,1.0,1.0,1.0,1.0,1.0,0.0,1.0,0.6206183426138361,0.9924044240054859,1.0098631534959561,,,,,0.26036903923143306,0.0,0.36345734678225516,0.09082932614594293,1.0,2.0,5.156863875108363,0,train,SIMULATION_TRUTH_ONLY
d10c01a671_216cec93_0_3,train_20261011,d10c01a6710e681ab35775988b6202fcad817bac6a2157eb5e7c9d562fae27ed,216cec93185069d84716a438ab8318d56f818f9d2727dd3c1730cbe3a0983711,fred-features-2,count_rate,count / s,645.0,648.5,652.0,review_unscored,,unresolved,parameter_near_bound,4.360835074961281,131.0393125511913,629.0436192422763,1.2083151446779423,3.5,3.5,7.0,7.0,640.870648771723,21.154117904061764,28.062307434370723,0.6931052468150857,-0.32194857447464154,17.40570130737486,5.3945664141662295,4.0,1.0,1.0,1.0,1.0,1.0,0.0,1.0,0.2273376025609768,0.9886962594040872,1.0017163402249718,,,,,0.21423499897995238,0.0,0.16781307364797446,0.2083183826650895,0.08695652173913043,7.0,12.556969530223048,0,train,SIMULATION_TRUTH_ONLY
2883fb1422_216cec93_0_0,train_20261012,2883fb14226608f2b6b7bdb485c0431d3e5ca58f44a352ce346e505e8840c9e1,216cec93185069d84716a438ab8318d56f818f9d2727dd3c1730cbe3a0983711,fred-features-2,count_rate,count / s,77.0,77.5,78.0,review_unscored,,unresolved,insufficient_event_bins;single_bin_candidate,4.886520122141837,227.3869380072672,1570.9780706839188,1.144742273778701,0.5,0.5,1.0,1.0,227.3869380072672,,,,,0.01999951062947993,0.14141962604065933,16.0,1.0,1.0,1.0,0.0,0.0,0.0,0.0,,,,,,,,,,0.3665110631097774,0.18670592223405721,0.058823529411764705,1.0,8.072456381553996,0,train,SIMULATION_TRUTH_ONLY
2883fb1422_216cec93_0_1,train_20261012,2883fb14226608f2b6b7bdb485c0431d3e5ca58f44a352ce346e505e8840c9e1,216cec93185069d84716a438ab8318d56f818f9d2727dd3c1730cbe3a0983711,fred-features-2,count_rate,count / s,242.0,261.5,297.0,review_unscored,,complex_or_multi_peaked,correlated_residuals;multi_peak_single_component_fit;parameter_near_bound,12.596540689140488,586.1612651115299,1527.2569767393245,1.3838000245138689,19.5,35.5,55.0,33.0,17757.906400208525,68.90380452788986,66.36794016432464,0.003685300266838611,-1.1616525134320022,63.23205144942126,12.685171075137196,16.0,2.0,1.0,1.0,1.0,1.0,0.0,1.0,0.8038061396180364,1.5002627267232422,2.2958040141789606,,,,,0.7834006159042769,0.0,0.035330747610901145,0.07283827389947417,0.16666666666666666,55.0,31.219835688562725,1,train,SIMULATION_TRUTH_ONLY
2883fb1422_216cec93_0_2,train_20261012,2883fb14226608f2b6b7bdb485c0431d3e5ca58f44a352ce346e505e8840c9e1,216cec93185069d84716a438ab8318d56f818f9d2727dd3c1730cbe3a0983711,fred-features-2,count_rate,count / s,480.0,501.5,512.0,review_unscored,,complex_or_multi_peaked,correlated_residuals;multi_peak_single_component_fit;no_improvement_over_linear_background;parameter_near_bound;right_censored;timescale_unresolved,2.250326339593449,104.71558554699504,1496.9580339907975,1.0699522519464555,21.5,10.5,32.0,23.0,1099.4256896819697,71.98729351239626,61.719438487257094,-0.06406768782586432,-0.8366404731648944,2.782284612752513,2.3157782529476076,16.0,2.0,1.0,0.0,0.0,1.0,0.0,1.0,0.1692134148618586,1.0231113304266133,1.0698131115056257,,,,,0.4917343581181537,1.0,0.20494495970089507,0.372290704442311,0.08695652173913043,1.0,13.663638230637764,0,train,SIMULATION_TRUTH_ONLY
2883fb1422_216cec93_0_3,train_20261012,2883fb14226608f2b6b7bdb485c0431d3e5ca58f44a352ce346e505e8840c9e1,216cec93185069d84716a438ab8318d56f818f9d2727dd3c1730cbe3a0983711,fred-features-2,count_rate,count / s,642.0,659.5,663.0,review_unscored,,unresolved,correlated_residuals;parameter_near_bound,5.848678729377532,272.1595561707152,1544.8530498478563,1.1761718088316029,17.5,3.5,21.0,18.0,3513.1743141306574,57.83164642709744,67.74842956079624,0.1890359205067346,-0.6437567765183179,19.87274801831914,5.245097913781151,16.0,1.0,1.0,1.0,1.0,1.0,0.0,1.0,0.46736077426601363,1.0922503994884791,1.2206269290527136,,,,,0.5438058178623217,0.0,0.08204839794888547,0.13239370475007461,0.17857142857142858,19.0,16.927737510352475,0,train,SIMULATION_TRUTH_ONLY
9303df83e2_216cec93_0_0,train_20261014,9303df83e26fcb6f25319c7e170dc1ef219510bbb49c9c4f619e47770fd19bbf,216cec93185069d84716a438ab8318d56f818f9d2727dd3c1730cbe3a0983711,fred-features-2,count_rate,count / s,211.0,224.5,227.0,review_unscored,,complex_or_multi_peaked,correlated_residuals;multi_peak_single_component_fit;parameter_near_bound,10.465055701058056,319.1655297901283,583.2177778984664,1.5472493155818932,13.5,2.5,16.0,16.0,4327.797917542515,30.507190331180936,35.58637843856491,0.6687833005583474,-0.5366092806429998,216.01444337698274,16.404612267890695,16.0,2.0,1.0,1.0,1.0,1.0,0.0,1.0,0.7258701897627036,1.3365738144380679,1.8287620155041215,,,,,0.3530520835594563,0.0,0.07416799861704532,0.11745120407292675,0.625,16.0,15.509162517621416,0,train,SIMULATION_TRUTH_ONLY
9303df83e2_216cec93_0_1,train_20261014,9303df83e26fcb6f25319c7e170dc1ef219510bbb49c9c4f619e47770fd19bbf,216cec93185069d84716a438ab8318d56f818f9d2727dd3c1730cbe3a0983711,fred-features-2,count_rate,count / s,664.0,664.5,666.0,review_unscored,,unresolved,correlated_residuals;parameter_near_bound;timescale_unresolved,12.26681338358579,374.11592486917766,610.3135942434474,1.612989663671078,0.5,1.5,2.0,1.0,421.83961800529505,-326.39223173306027,326.39223173306027,,,35.04792464282454,6.070536276016463,4.0,1.0,1.0,1.0,1.0,1.0,0.0,1.0,0.3563210660135532,1.1689303320991655,1.4010782766644465,,,,,0.30523672540590024,0.0,0.6502109898353151,0.10888584997922722,0.5,1.0,3.750400083054417,0,train,SIMULATION_TRUTH_ONLY
114ae1e18e_216cec93_0_0,train_20261015,114ae1e18e62bc82f91207b01ab8c71006db5d4b2de4bd37751e2b2c4ff15c7c,216cec93185069d84716a438ab8318d56f818f9d2727dd3c1730cbe3a0983711,fred-features-2,count_rate,count / s,277.0,292.5,320.0,review_unscored,,complex_or_multi_peaked,correlated_residuals;multi_peak_single_component_fit;parameter_near_bound,10.830567825147932,300.25505396496806,571.6060585722598,1.5252831901658566,15.5,27.5,43.0,27.0,7251.54567255564,51.23144708276709,55.94290994106922,-0.10339261533866143,-1.39657184607211,354.986303923659,28.908992863987734,16.0,3.0,1.0,1.0,1.0,1.0,0.0,1.0,0.8552950589895133,1.0962598185316035,1.2270331861497799,,,,,0.32145760328620615,0.0,0.04423145573731467,0.09424835341982257,0.34210526315789475,33.0,26.113813264748867,1,train,SIMULATION_TRUTH_ONLY
19419506fa_216cec93_0_0,train_20261016,19419506fa3e9f979576507c740e4b0f75cd84ee4c9ea06635892f388859d77e,216cec93185069d84716a438ab8318d56f818f9d2727dd3c1730cbe3a0983711,fred-features-2,count_rate,count / s,206.0,235.5,263.0,review_unscored,,complex_or_multi_peaked,correlated_residuals;multi_peak_single_component_fit;parameter_near_bound,10.530423678993749,454.70405754427884,1507.6353985767078,1.3016008100987446,29.5,27.5,57.0,33.0,13355.823433556001,80.27967450756671,78.80666931415772,0.01514158919275465,-1.2916053090892,222.46594302330055,25.3217803382072,16.0,7.0,1.0,1.0,1.0,1.0,0.0,1.0,0.8195092938781814,1.2483414298220805,1.589276093771551,,,,,0.4225121797094503,0.0,0.036917559927282705,0.11155188204066023,0.3469387755102041,43.0,30.558659317139828,1,train,SIMULATION_TRUTH_ONLY
19419506fa_216cec93_0_1,train_20261016,19419506fa3e9f979576507c740e4b0f75cd84ee4c9ea06635892f388859d77e,216cec93185069d84716a438ab8318d56f818f9d2727dd3c1730cbe3a0983711,fred-features-2,count_rate,count / s,716.0,716.5,718.0,review_unscored,,unresolved,parameter_near_bound;timescale_unresolved,11.428127269332487,493.4669295276117,1464.654842270101,1.3369168730311753,0.5,1.5,2.0,1.0,598.7721025780666,-388.1617564771568,388.1617564771568,,,37.01342849562651,6.177020498256191,4.0,1.0,1.0,1.0,1.0,1.0,0.0,1.0,0.4377105131075093,0.9311226995669393,0.8889942908277293,,,,,-0.05462740227625501,0.0,0.5402152556119374,0.11282254938649332,0.25,2.0,4.168243386498468,0,train,SIMULATION_TRUTH_ONLY
90f4dace07_216cec93_0_0,train_20261017,90f4dace077a9544116af5cdacaeefe0291aa35427e21d29d2a4d21a8f3a3952,216cec93185069d84716a438ab8318d56f818f9d2727dd3c1730cbe3a0983711,fred-features-2,count_rate,count / s,161.0,162.5,164.0,review_unscored,,unresolved,no_improvement_over_linear_background;parameter_near_bound;right_censored,5.089396612281124,152.8756096234439,620.8716735274916,1.2462273866592735,1.5,1.5,3.0,3.0,390.29093377867207,36.79711557290261,31.538779518756996,,,21.514940708630036,4.925780884422715,4.0,1.0,1.0,1.0,1.0,1.0,0.0,1.0,0.1777761367286934,1.0820457894065036,1.200389330028211,,,,,0.07148362891058513,1.0,0.21255833586615347,0.274303494996959,0.0625,3.0,9.745316919725868,0,train,SIMULATION_TRUTH_ONLY
90f4dace07_216cec93_0_1,train_20261017,90f4dace077a9544116af5cdacaeefe0291aa35427e21d29d2a4d21a8f3a3952,216cec93185069d84716a438ab8318d56f818f9d2727dd3c1730cbe3a0983711,fred-features-2,count_rate,count / s,293.0,307.5,320.0,review_unscored,,complex_or_multi_peaked,multi_peak_single_component_fit;parameter_near_bound,5.39756300503903,162.13233075314315,650.9111990169444,1.2490851762851949,14.5,12.5,27.0,27.0,2028.9763521605928,74.21367929532516,48.37968426059609,-0.005056377321185133,0.6130839378366559,31.00410187744964,6.934612606622665,16.0,2.0,1.0,1.0,1.0,1.0,0.0,1.0,0.474026553005657,1.0052188671821494,1.033223191005157,,,,,0.06496697102060868,0.0,0.0869681925495039,0.20411671450907498,0.02631578947368421,10.0,18.493793857229548,1,train,SIMULATION_TRUTH_ONLY
90f4dace07_216cec93_0_2,train_20261017,90f4dace077a9544116af5cdacaeefe0291aa35427e21d29d2a4d21a8f3a3952,216cec93185069d84716a438ab8318d56f818f9d2727dd3c1730cbe3a0983711,fred-features-2,count_rate,count / s,506.0,507.5,516.0,review_unscored,,unresolved,parameter_near_bound,6.532193287240132,196.21442521403605,618.5488648464681,1.3172173394299884,1.5,8.5,10.0,9.0,1403.9363602151811,71.12120114081358,75.40442659913913,-1.1299800049401933,3.422105526709954,68.34015219929901,10.782774749115141,4.0,1.0,1.0,1.0,1.0,1.0,0.0,1.0,0.4724959602018878,1.031789606383184,1.0905553965193986,,,,,0.11738991157666415,0.0,0.136234355182352,0.16868271205074958,0.23076923076923078,10.0,11.306755729234224,0,train,SIMULATION_TRUTH_ONLY
328721a33c_216cec93_0_0,train_20261018,328721a33c0933b0ce3345838d6994dd5c351518adf56f55cd6d6d09dd6c49f8,216cec93185069d84716a438ab8318d56f818f9d2727dd3c1730cbe3a0983711,fred-features-2,count_rate,count / s,210.0,220.5,237.0,review_unscored,,unresolved,parameter_near_bound,4.782931483070819,154.68239392501448,808.7473100649323,1.191261710549115,10.5,16.5,27.0,19.0,2490.917167309124,33.42590492772126,48.11206115707671,0.0703957717900305,-0.5338358997677268,41.752291279602616,8.210681549760947,16.0,1.0,1.0,1.0,1.0,1.0,0.0,1.0,0.5245454328301493,0.9670013070611894,0.9561521478548519,,,,,0.03568753565993591,0.0,0.07064306988128194,0.21224237187004777,0.16216216216216217,19.0,20.645778925867106,1,train,SIMULATION_TRUTH_ONLY
328721a33c_216cec93_0_1,train_20261018,328721a33c0933b0ce3345838d6994dd5c351518adf56f55cd6d6d09dd6c49f8,216cec93185069d84716a438ab8318d56f818f9d2727dd3c1730cbe3a0983711,fred-features-2,count_rate,count / s,434.0,436.5,437.0,review_unscored,,unresolved,timescale_unresolved,3.907177211260588,126.36006320939828,784.1560101837904,1.161141484052111,2.5,0.5,3.0,3.0,364.1650484979433,12.476461635091255,10.037782139930982,,,13.699419359703285,4.242599718633726,4.0,1.0,1.0,1.0,1.0,1.0,0.0,1.0,0.14530232983012803,1.0211040479203017,1.068983109928701,,,,,0.03371422876901586,0.0,0.20868544893299784,0.2891406826389482,0.13043478260869565,3.0,12.446449095523676,0,train,SIMULATION_TRUTH_ONLY
328721a33c_216cec93_0_2,train_20261018,328721a33c0933b0ce3345838d6994dd5c351518adf56f55cd6d6d09dd6c49f8,216cec93185069d84716a438ab8318d56f818f9d2727dd3c1730cbe3a0983711,fred-features-2,count_rate,count / s,580.0,580.5,583.0,review_unscored,,unresolved,timescale_unresolved,4.155618734545476,134.3947862047213,760.9224560906467,1.1766208700097966,0.5,2.5,3.0,3.0,320.4114669661054,-13.699022969279213,34.53693433938963,,,8.361637733492936,3.037855587477943,4.0,1.0,1.0,1.0,0.0,1.0,0.0,1.0,0.1488860203180402,0.9636897395053903,0.9521498815539258,,,,,0.035127645574491856,0.0,0.26343809656433004,0.25974627817864543,0.05555555555555555,3.0,9.285136939052,0,train,SIMULATION_TRUTH_ONLY
328721a33c_216cec93_0_3,train_20261018,328721a33c0933b0ce3345838d6994dd5c351518adf56f55cd6d6d09dd6c49f8,216cec93185069d84716a438ab8318d56f818f9d2727dd3c1730cbe3a0983711,fred-features-2,count_rate,count / s,770.0,784.5,793.0,review_unscored,,unresolved,correlated_residuals;parameter_near_bound,14.880582845144332,481.2454842043044,729.5575248872583,1.6596402172380764,14.5,8.5,23.0,18.0,7521.759438524594,147.64346791593488,140.73850665527425,-1.2126294181998531,0.002131343481631909,432.35079437085506,25.66978774090339,16.0,1.0,1.0,1.0,1.0,1.0,0.0,1.0,0.811364008235024,1.5231066631704657,2.373306762403355,,,,,0.5115665170682233,0.0,0.06469000809927268,0.09138631004752429,0.5,21.0,17.212407214250355,0,train,SIMULATION_TRUTH_ONLY
328721a33c_216cec93_0_4,train_20261018,328721a33c0933b0ce3345838d6994dd5c351518adf56f55cd6d6d09dd6c49f8,216cec93185069d84716a438ab8318d56f818f9d2727dd3c1730cbe3a0983711,fred-features-2,count_rate,count / s,846.0,846.5,847.0,review_unscored,,unresolved,insufficient_event_bins;single_bin_candidate,3.728436900333404,120.57951224750843,721.6782231833276,1.1670820988828392,0.5,0.5,1.0,1.0,120.57951224750843,,,,,6.74942871707255,2.597966265576316,4.0,1.0,1.0,1.0,0.0,0.0,0.0,0.0,,,,,,,,,,0.2716799656954355,0.2902111172185668,0.05,1.0,9.993854740307997,0,train,SIMULATION_TRUTH_ONLY
8b0191c4f6_216cec93_0_0,train_20261020,8b0191c4f628fa937fc6a634155b94427df5565d621d04570746eacc293d4ef1,216cec93185069d84716a438ab8318d56f818f9d2727dd3c1730cbe3a0983711,fred-features-2,count_rate,count / s,69.0,70.5,73.0,review_unscored,,unresolved,correlated_residuals;parameter_near_bound;timescale_unresolved,3.3150200933316207,97.1786480863426,615.5995317962653,1.1578601721849655,1.5,2.5,4.0,4.0,307.73851444581123,22.820305719920498,9.888414892956632,-0.12361395523002192,1.346862576913182,4.719059508205231,2.4207026447357327,4.0,1.0,1.0,0.0,0.0,1.0,0.0,1.0,0.124663259906453,1.0192758352538362,1.0698435625089653,,,,,0.5053515459543187,0.0,0.15382731120696116,0.25830079463653977,0.08333333333333333,2.0,13.039676772004675,0,train,SIMULATION_TRUTH_ONLY
8b0191c4f6_216cec93_0_1,train_20261020,8b0191c4f628fa937fc6a634155b94427df5565d621d04570746eacc293d4ef1,216cec93185069d84716a438ab8318d56f818f9d2727dd3c1730cbe3a0983711,fred-features-2,count_rate,count / s,285.0,288.5,291.0,review_unscored,,unresolved,correlated_residuals;parameter_near_bound,7.799553325341905,228.64116249513245,609.24730378907,1.375284652181721,3.5,2.5,6.0,6.0,1117.2538799124452,74.79248517813971,93.94795676024546,-0.8459900059890699,-1.7884580559272596,32.62279127958947,6.989097683273474,4.0,1.0,1.0,1.0,1.0,1.0,0.0,1.0,0.5170856341615613,1.0362493734086689,1.100524524185627,,,,,0.5357629515050839,0.0,0.18615234085156881,0.11650729855454646,0.4444444444444444,6.0,8.506942961514312,0,train,SIMULATION_TRUTH_ONLY
8b0191c4f6_216cec93_0_2,train_20261020,8b0191c4f628fa937fc6a634155b94427df5565d621d04570746eacc293d4ef1,216cec93185069d84716a438ab8318d56f818f9d2727dd3c1730cbe3a0983711,fred-features-2,count_rate,count / s,731.0,731.5,733.0,review_unscored,,unresolved,correlated_residuals;timescale_unresolved,6.086923466905715,178.43602055649978,659.2940114088466,1.2706471126215746,0.5,1.5,2.0,2.0,312.4810998117878,-44.3909413012118,44.3909413012118,,,14.080070094881975,3.7635711151373896,4.0,1.0,1.0,1.0,0.0,1.0,0.0,1.0,0.21873292315690873,1.0224313910768383,1.0718980801562557,,,,,0.6177802723466428,0.0,0.44962625308786286,0.1067513126129704,0.14285714285714285,2.0,6.694853510938634,0,train,SIMULATION_TRUTH_ONLY
6294bd4f29_216cec93_0_0,train_20261021,6294bd4f296fe3b735115963ee4959ea774b9ddc9f6083b3f321b90750ad32c1,216cec93185069d84716a438ab8318d56f818f9d2727dd3c1730cbe3a0983711,fred-features-2,count_rate,count / s,237.0,250.5,303.0,review_unscored,,complex_or_multi_peaked,multi_peak_single_component_fit,11.609656745779304,339.8189845329374,610.0882444380726,1.5569997252543866,13.5,52.5,66.0,30.0,11261.476652807049,71.66312276283338,48.55332728140644,0.21652972797462897,-1.4101612693072885,132.14750245579626,17.81480589397089,16.0,3.0,1.0,1.0,1.0,1.0,0.0,1.0,0.8960082624217893,1.0863167641844254,1.2028656587146866,7.777274627266228,33.087743235115504,118.79263930061435,327.2988265777844,0.18421835371415737,0.0,0.0341336278563576,0.09943947860725118,0.3076923076923077,51.0,32.289251125612424,1,train,SIMULATION_TRUTH_ONLY
6294bd4f29_216cec93_0_1,train_20261021,6294bd4f296fe3b735115963ee4959ea774b9ddc9f6083b3f321b90750ad32c1,216cec93185069d84716a438ab8318d56f818f9d2727dd3c1730cbe3a0983711,fred-features-2,count_rate,count / s,306.0,306.5,307.0,review_unscored,,unresolved,insufficient_event_bins;single_bin_candidate,1.447324179555446,42.363718734862914,623.1294462150247,1.0679854225990861,0.5,0.5,1.0,1.0,42.363718734862914,,,,,27.163486907337806,5.211860215636813,64.0,1.0,1.0,0.0,1.0,0.0,0.0,0.0,,,,,,,,,,0.06363964994605573,0.10618655798285018,0.15789473684210525,27.0,20.140087874043584,0,train,SIMULATION_TRUTH_ONLY
6294bd4f29_216cec93_0_2,train_20261021,6294bd4f296fe3b735115963ee4959ea774b9ddc9f6083b3f321b90750ad32c1,216cec93185069d84716a438ab8318d56f818f9d2727dd3c1730cbe3a0983711,fred-features-2,count_rate,count / s,309.0,309.5,310.0,review_unscored,,unresolved,insufficient_event_bins;single_bin_candidate,1.8628795534914373,54.527179574432694,623.8313428935851,1.087406925278094,0.5,0.5,1.0,1.0,54.527179574432694,,,,,20.22700493712448,4.497444267261628,64.0,1.0,1.0,0.0,1.0,0.0,0.0,0.0,,,,,,,,,,0.07667002479357093,0.10599223015761827,0.08571428571428572,24.0,17.43609945025304,0,train,SIMULATION_TRUTH_ONLY
6294bd4f29_216cec93_0_3,train_20261021,6294bd4f296fe3b735115963ee4959ea774b9ddc9f6083b3f321b90750ad32c1,216cec93185069d84716a438ab8318d56f818f9d2727dd3c1730cbe3a0983711,fred-features-2,count_rate,count / s,449.0,452.5,456.0,review_unscored,,unresolved,parameter_near_bound,7.430000585103351,217.47888927266206,612.2735631473269,1.355198888801821,3.5,3.5,7.0,5.0,947.2911076759873,107.18591351987789,66.10184831955712,-0.5063004694760292,-0.6923190588292956,49.80852021956573,9.106515931677414,4.0,1.0,1.0,1.0,1.0,1.0,0.0,1.0,0.4679137635615761,0.9665274972792446,0.9572985565364067,,,,,0.029196933521553465,0.0,0.22795513138755802,0.1436368247797228,0.25,6.0,7.483660969378939,0,train,SIMULATION_TRUTH_ONLY
6294bd4f29_216cec93_0_4,train_20261021,6294bd4f296fe3b735115963ee4959ea774b9ddc9f6083b3f321b90750ad32c1,216cec93185069d84716a438ab8318d56f818f9d2727dd3c1730cbe3a0983711,fred-features-2,count_rate,count / s,590.0,591.5,592.0,review_unscored,,unresolved,parameter_near_bound;timescale_unresolved,9.06177096357297,265.241417066954,598.3917388149007,1.4432571505620344,1.5,0.5,2.0,2.0,511.6925185946426,18.790315539265407,-18.790315539265407,,,26.828132093934435,5.288739295631966,4.0,1.0,1.0,1.0,1.0,1.0,0.0,1.0,0.4232179242455122,1.0080803501784534,1.0422830691445268,,,,,0.11885613281813681,0.0,0.37195049663241375,0.1302006423690319,0.5,2.0,5.1406510823416385,0,train,SIMULATION_TRUTH_ONLY
6294bd4f29_216cec93_0_5,train_20261021,6294bd4f296fe3b735115963ee4959ea774b9ddc9f6083b3f321b90750ad32c1,216cec93185069d84716a438ab8318d56f818f9d2727dd3c1730cbe3a0983711,fred-features-2,count_rate,count / s,651.0,652.5,653.0,review_unscored,,unresolved,parameter_near_bound;timescale_unresolved,9.913322562040317,290.16665006953826,587.9302719755115,1.4935392237833678,1.5,0.5,2.0,2.0,566.4358671435876,13.897432995488884,-13.897432995488884,,,26.46259710274606,5.515075712117338,4.0,1.0,1.0,1.0,1.0,1.0,0.0,1.0,0.45018679701563236,1.062495962008607,1.157843763368816,,,,,0.16508031279245414,0.0,0.33951730800732055,0.12714179224184868,0.3333333333333333,2.0,5.866271679225974,0,train,SIMULATION_TRUTH_ONLY
b3c5281b23_216cec93_0_0,train_20261022,b3c5281b23c34dc36cf7c8438b43a80f4ce56fe1f8bff8a6228b17527a24dd23,216cec93185069d84716a438ab8318d56f818f9d2727dd3c1730cbe3a0983711,fred-features-2,count_rate,count / s,293.0,296.5,332.0,review_unscored,,complex_or_multi_peaked,multi_peak_single_component_fit,5.569317023299461,191.28806892341174,891.9374940481874,1.2144635360659894,3.5,35.5,39.0,15.0,2631.8069828074217,71.19134804635405,40.1446430071,0.8688905742685479,0.3989316698963683,27.0310296164958,7.454341622788741,16.0,4.0,1.0,1.0,1.0,1.0,0.0,1.0,0.4973909540849599,0.9581756242895976,0.9377180596105973,2.4083696138640955,19.115972412056504,64.72661576654957,144.5948520686303,-0.018796567232757983,0.0,0.09526313542622374,0.23505325141474448,0.05128205128205128,11.0,17.607866601396896,1,train,SIMULATION_TRUTH_ONLY
cb6c793872_216cec93_0_0,train_20261023,cb6c7938721d707a1807ae9fdd4bd1c1cc66a9c3afcce0bc439ac2b38d487aa5,216cec93185069d84716a438ab8318d56f818f9d2727dd3c1730cbe3a0983711,fred-features-2,count_rate,count / s,280.0,293.5,305.0,review_unscored,,unresolved,correlated_residuals;parameter_near_bound,12.500361638950707,384.7924881397545,622.2359487600087,1.618402856515392,13.5,11.5,25.0,15.0,5507.56554997554,40.92022977240288,46.91021012721842,0.1046879985976861,-1.4521748962582306,338.39488533089275,23.14312328022214,16.0,1.0,1.0,1.0,1.0,1.0,0.0,1.0,0.8241589014775537,1.1086046472215587,1.2569361789285376,,,,,0.3778522725658208,0.0,0.07337510339819085,0.08527275468756301,0.28,25.0,16.112433727002653,1,train,SIMULATION_TRUTH_ONLY
ace8c0a8e1_216cec93_0_0,train_20261024,ace8c0a8e128d13f88a293b8a1b869e08e179599ea3203d5e72a885ca5120e38,216cec93185069d84716a438ab8318d56f818f9d2727dd3c1730cbe3a0983711,fred-features-2,count_rate,count / s,319.0,328.5,363.0,review_unscored,,complex_or_multi_peaked,multi_peak_single_component_fit;parameter_near_bound,4.349274858618507,140.36305525278817,777.7617677334791,1.1804705001916311,9.5,34.5,44.0,37.0,2353.754339018056,38.59191566093824,42.13807578816727,0.1093409149943273,-0.16109262025713988,10.470271153233863,4.322726877487693,16.0,3.0,1.0,1.0,1.0,1.0,0.0,1.0,0.3886221209788139,1.0192985389150666,1.0607052752719288,,,,,0.18574045191421237,0.0,0.08799494762240853,0.245822873904098,0.022727272727272728,5.0,20.667430552464698,1,train,SIMULATION_TRUTH_ONLY
1f13afb5f2_216cec93_0_0,train_20261026,1f13afb5f2612d358a07920a1a42d5dbdfde3f4dd996aab97f072749230c20e6,216cec93185069d84716a438ab8318d56f818f9d2727dd3c1730cbe3a0983711,fred-features-2,count_rate,count / s,616.0,618.5,624.0,review_unscored,,unresolved,parameter_near_bound,10.098661674982015,351.58445969535694,739.0929692375067,1.4756972049917791,2.5,5.5,8.0,6.0,1926.3969305331584,145.5117283840217,168.66540514423366,-0.8936458817073053,-0.760193472990653,148.3429508571324,16.188150506540225,4.0,1.0,1.0,1.0,1.0,1.0,0.0,1.0,0.6538502855086885,1.0199419643725738,1.0662886509553888,,,,,0.1205845854472003,0.0,0.16844876574743134,0.10704754083060676,0.4444444444444444,8.0,8.429744100225246,0,train,SIMULATION_TRUTH_ONLY
1f13afb5f2_216cec93_0_1,train_20261026,1f13afb5f2612d358a07920a1a42d5dbdfde3f4dd996aab97f072749230c20e6,216cec93185069d84716a438ab8318d56f818f9d2727dd3c1730cbe3a0983711,fred-features-2,count_rate,count / s,668.0,669.5,671.0,review_unscored,,unresolved,timescale_unresolved,4.310092675953506,150.0556859396646,739.0595907365735,1.2030359768284906,1.5,1.5,3.0,3.0,374.83315625122896,32.993844389334754,42.34005717843013,,,13.511646123734005,3.8822894516700965,4.0,1.0,1.0,1.0,0.0,1.0,0.0,1.0,0.17604390268407855,0.9426593528604368,0.9119910412072375,,,,,0.053102825240202385,0.0,0.20886515214603382,0.24139161848008772,0.043478260869565216,3.0,10.282328253485055,0,train,SIMULATION_TRUTH_ONLY
76ca94589c_216cec93_0_0,train_20261027,76ca94589c913f5c437cf761dafaddd7dacbe20ac27b2812bed027c8e9e586df,216cec93185069d84716a438ab8318d56f818f9d2727dd3c1730cbe3a0983711,fred-features-2,count_rate,count / s,73.0,73.5,75.0,review_unscored,,unresolved,timescale_unresolved,8.282877894543812,356.8521176375393,1242.2894483953485,1.2872536010818423,0.5,1.5,2.0,2.0,677.0723788460205,-36.63185642905819,36.63185642905819,,,30.565225034388554,5.786889591756635,4.0,1.0,1.0,1.0,1.0,1.0,0.0,1.0,0.4674149270198543,0.9310959392176209,0.8943744470157571,,,,,0.11083461723583705,0.0,0.3901599137367267,0.12579230991545753,0.2857142857142857,2.0,5.541342649366347,0,train,SIMULATION_TRUTH_ONLY
76ca94589c_216cec93_0_1,train_20261027,76ca94589c913f5c437cf761dafaddd7dacbe20ac27b2812bed027c8e9e586df,216cec93185069d84716a438ab8318d56f818f9d2727dd3c1730cbe3a0983711,fred-features-2,count_rate,count / s,129.0,129.5,130.0,review_unscored,,unresolved,insufficient_event_bins;single_bin_candidate,1.5208809995491934,65.52427939585345,1256.9866010359253,1.052128065121659,0.5,0.5,1.0,1.0,65.52427939585345,,,,,22.401060344306508,4.73297584446683,16.0,1.0,1.0,0.0,1.0,0.0,0.0,0.0,,,,,,,,,,0.1350735960786682,0.10926568750756029,0.5,11.0,9.664208415559305,0,train,SIMULATION_TRUTH_ONLY
76ca94589c_216cec93_0_2,train_20261027,76ca94589c913f5c437cf761dafaddd7dacbe20ac27b2812bed027c8e9e586df,216cec93185069d84716a438ab8318d56f818f9d2727dd3c1730cbe3a0983711,fred-features-2,count_rate,count / s,134.0,139.5,145.0,review_unscored,,unresolved,correlated_residuals;parameter_near_bound,10.302790745590025,443.87623987094094,1260.4158349632676,1.3521665053374046,5.5,5.5,11.0,7.0,3261.379040364743,140.3830644714252,170.12914731376623,-0.5532174055808143,-1.6077187401226298,160.071984073316,17.08710909253124,4.0,1.0,1.0,1.0,1.0,1.0,0.0,1.0,0.659546941032719,1.16696614343638,1.3953520976589644,,,,,0.3171730629423879,0.0,0.13683368831403572,0.11031249157732811,0.5,11.0,9.308291421778693,0,train,SIMULATION_TRUTH_ONLY
76ca94589c_216cec93_0_3,train_20261027,76ca94589c913f5c437cf761dafaddd7dacbe20ac27b2812bed027c8e9e586df,216cec93185069d84716a438ab8318d56f818f9d2727dd3c1730cbe3a0983711,fred-features-2,count_rate,count / s,255.0,274.5,303.0,review_unscored,,complex_or_multi_peaked,correlated_residuals;multi_peak_single_component_fit;parameter_near_bound,8.087437403051034,348.4319339587166,1313.0699408614948,1.265356721006128,19.5,28.5,48.0,39.0,9748.364247302023,99.87406577719685,57.43746368999871,-0.33907206587528815,0.13132079743259828,87.14136823005167,13.101014205532973,16.0,3.0,1.0,1.0,1.0,1.0,0.0,1.0,0.6903402031452902,1.2915997158256662,1.7026973843077375,,,,,0.433624169327163,0.0,0.038680827130906016,0.14900018907357493,0.08,43.0,30.514764794318317,1,train,SIMULATION_TRUTH_ONLY
76ca94589c_216cec93_0_4,train_20261027,76ca94589c913f5c437cf761dafaddd7dacbe20ac27b2812bed027c8e9e586df,216cec93185069d84716a438ab8318d56f818f9d2727dd3c1730cbe3a0983711,fred-features-2,count_rate,count / s,306.0,306.5,307.0,review_unscored,,unresolved,insufficient_event_bins;single_bin_candidate,2.0213067089806724,87.08417396444611,1323.27489044735,1.0658095869521156,0.5,0.5,1.0,1.0,87.08417396444611,,,,,17.722703675345592,4.209834162451722,64.0,1.0,1.0,0.0,1.0,0.0,0.0,0.0,,,,,,,,,,0.04004585503593332,0.14474820303791652,0.08695652173913043,42.0,28.783340476646803,0,train,SIMULATION_TRUTH_ONLY
9801cbab14_216cec93_0_0,train_20261028,9801cbab14cd78904023f6b9e1678eff6f77eeac75bf1cb8bbbc244bd5a3efbc,216cec93185069d84716a438ab8318d56f818f9d2727dd3c1730cbe3a0983711,fred-features-2,count_rate,count / s,118.0,122.5,138.0,review_unscored,,complex_or_multi_peaked,correlated_residuals;multi_peak_single_component_fit;parameter_near_bound,12.687277252828801,473.28864355326914,1112.3727253073282,1.4254766705310111,4.5,15.5,20.0,6.0,3230.853783357625,177.6827173672126,180.8899677978127,0.8469916110700021,-1.0524869893866615,56.19830622744505,14.164319816766591,4.0,4.0,1.0,1.0,1.0,1.0,0.0,1.0,0.7264685352963536,1.12215173342136,1.2885088038163903,,,,,0.400372551699594,0.0,0.1478816298574144,0.09194461294396863,0.36363636363636365,8.0,8.938771873026871,0,train,SIMULATION_TRUTH_ONLY
9801cbab14_216cec93_0_1,train_20261028,9801cbab14cd78904023f6b9e1678eff6f77eeac75bf1cb8bbbc244bd5a3efbc,216cec93185069d84716a438ab8318d56f818f9d2727dd3c1730cbe3a0983711,fred-features-2,count_rate,count / s,299.0,306.5,332.0,review_unscored,,complex_or_multi_peaked,correlated_residuals;multi_peak_single_component_fit;parameter_near_bound,6.834808682553513,254.9670245119462,1121.3476855319398,1.2273755301782212,7.5,25.5,33.0,17.0,4551.164716509575,54.950762285177234,53.389798436923456,0.3206281218692782,-1.0725548544788468,23.92427159336882,6.747427226181033,16.0,2.0,1.0,1.0,1.0,1.0,0.0,1.0,0.7103432033567579,0.9218887927817193,0.868516642446372,,,,,0.40406368419527733,0.0,0.06229021555528915,0.11732622748232067,0.15789473684210525,24.0,20.96668986381968,1,train,SIMULATION_TRUTH_ONLY
9801cbab14_216cec93_0_2,train_20261028,9801cbab14cd78904023f6b9e1678eff6f77eeac75bf1cb8bbbc244bd5a3efbc,216cec93185069d84716a438ab8318d56f818f9d2727dd3c1730cbe3a0983711,fred-features-2,count_rate,count / s,568.0,569.5,571.0,review_unscored,,unresolved,correlated_residuals;ill_conditioned_fit;parameter_near_bound;timescale_unresolved,8.99361846293843,335.4996819361463,1082.7770737538185,1.3098511134642161,1.5,1.5,3.0,3.0,950.3936621318439,29.84055226494138,26.26483141165363,,,43.34377303111671,7.010652866999908,4.0,1.0,1.0,1.0,1.0,1.0,0.0,1.0,0.4467875103164032,1.113961207260468,1.2722456715660786,,,,,0.43834391294250874,0.0,0.3136532405515111,0.1016682809287854,0.75,3.0,6.069143118281425,0,train,SIMULATION_TRUTH_ONLY
9801cbab14_216cec93_0_3,train_20261028,9801cbab14cd78904023f6b9e1678eff6f77eeac75bf1cb8bbbc244bd5a3efbc,216cec93185069d84716a438ab8318d56f818f9d2727dd3c1730cbe3a0983711,fred-features-2,count_rate,count / s,715.0,716.5,717.0,review_unscored,,unresolved,correlated_residuals;parameter_near_bound;timescale_unresolved,7.447096871027187,277.8079414724218,1069.4806391965972,1.2597596733318273,1.5,0.5,2.0,2.0,528.7446502278822,26.871232716961458,-26.871232716961458,,,11.682258864110771,3.5673349710576447,4.0,1.0,1.0,1.0,0.0,1.0,0.0,1.0,0.34719335488120506,0.976965151745695,0.9786858038606533,,,,,0.4327361412887417,0.0,0.37329624907449144,0.11885101556599494,0.2857142857142857,2.0,6.873091467958796,0,train,SIMULATION_TRUTH_ONLY
dae9ae01f9_216cec93_0_0,train_20261029,dae9ae01f93173c8431b2356dffc659fe6231354afe5d41e8732ae6631f197bf,216cec93185069d84716a438ab8318d56f818f9d2727dd3c1730cbe3a0983711,fred-features-2,count_rate,count / s,203.0,238.5,270.0,review_unscored,,complex_or_multi_peaked,correlated_residuals;multi_peak_single_component_fit;parameter_near_bound,11.154885966350989,402.5069354162207,867.8594359161208,1.4637927742196297,35.5,31.5,67.0,32.0,12085.86406018136,78.17625162769781,71.56596995495988,0.22890853949773002,-1.2166104305870198,213.27868936111935,25.953879556606136,16.0,6.0,1.0,1.0,1.0,1.0,0.0,1.0,0.8400237964753695,1.1916056581986019,1.447230276278826,,,,,0.36972454070946864,0.0,0.03696714848376206,0.10562511551176204,0.22448979591836735,45.0,30.949012945607343,1,train,SIMULATION_TRUTH_ONLY
dae9ae01f9_216cec93_0_1,train_20261029,dae9ae01f93173c8431b2356dffc659fe6231354afe5d41e8732ae6631f197bf,216cec93185069d84716a438ab8318d56f818f9d2727dd3c1730cbe3a0983711,fred-features-2,count_rate,count / s,274.0,274.5,275.0,review_unscored,,unresolved,insufficient_event_bins;single_bin_candidate,1.8688715842364625,67.43536207600948,868.5273925337709,1.0776433335962832,0.5,0.5,1.0,1.0,67.43536207600948,,,,,27.942832914469797,5.286098080292287,64.0,1.0,1.0,0.0,1.0,0.0,0.0,0.0,,,,,,,,,,0.05239263390510945,0.11398002332609782,0.2727272727272727,32.0,21.97944129701638,0,train,SIMULATION_TRUTH_ONLY
dae9ae01f9_216cec93_0_2,train_20261029,dae9ae01f93173c8431b2356dffc659fe6231354afe5d41e8732ae6631f197bf,216cec93185069d84716a438ab8318d56f818f9d2727dd3c1730cbe3a0983711,fred-features-2,count_rate,count / s,278.0,278.5,279.0,review_unscored,,unresolved,insufficient_event_bins;single_bin_candidate,1.9054408918485142,68.75490940097734,868.5499392776189,1.0791605713059649,0.5,0.5,1.0,1.0,68.75490940097734,,,,,20.098687653822502,4.483155992581844,64.0,1.0,1.0,0.0,1.0,0.0,0.0,0.0,,,,,,,,,,0.0629319543512835,0.11164215498560374,0.2413793103448276,28.0,18.80979152234451,0,train,SIMULATION_TRUTH_ONLY
dae9ae01f9_216cec93_0_3,train_20261029,dae9ae01f93173c8431b2356dffc659fe6231354afe5d41e8732ae6631f197bf,216cec93185069d84716a438ab8318d56f818f9d2727dd3c1730cbe3a0983711,fred-features-2,count_rate,count / s,666.0,666.5,667.0,review_unscored,,unresolved,insufficient_event_bins;single_bin_candidate,12.435877615945408,448.7295525480645,883.1700333752572,1.508089649320563,0.5,0.5,1.0,1.0,448.7295525480645,,,,,23.41381615013871,4.838782507009249,4.0,1.0,1.0,1.0,1.0,1.0,0.0,0.0,,,,,,,,,,0.5860496315373566,0.11392789983009433,1.0,1.0,3.9555900682155754,0,train,SIMULATION_TRUTH_ONLY
5bd314a91e_216cec93_0_0,train_20261030,5bd314a91e9fed866250eb7369bdc4ea36969c822bc84ae15bac05e4f929f0e4,216cec93185069d84716a438ab8318d56f818f9d2727dd3c1730cbe3a0983711,fred-features-2,count_rate,count / s,211.0,217.5,232.0,review_unscored,,complex_or_multi_peaked,correlated_residuals;multi_peak_single_component_fit;parameter_near_bound,13.365992062633392,395.44201659061423,574.7811072799193,1.6879871512513605,6.5,14.5,21.0,18.0,6161.012720671903,273.4414512799658,141.16038508366898,-2.0083127232697175,2.823718580116502,405.5377428644146,24.07507698096876,16.0,2.0,1.0,1.0,1.0,1.0,0.0,1.0,0.8033420671419024,1.4781457074019053,2.2362038105339335,,,,,0.3610655280791029,0.0,0.06431889617978875,0.09815376867095729,0.7777777777777778,19.0,17.45736931616672,0,train,SIMULATION_TRUTH_ONLY
5bd314a91e_216cec93_0_1,train_20261030,5bd314a91e9fed866250eb7369bdc4ea36969c822bc84ae15bac05e4f929f0e4,216cec93185069d84716a438ab8318d56f818f9d2727dd3c1730cbe3a0983711,fred-features-2,count_rate,count / s,235.0,235.5,237.0,review_unscored,,unresolved,no_improvement_over_linear_background;parameter_near_bound;right_censored,2.377930676436053,70.35270540309523,577.0187115297337,1.121924478352848,0.5,1.5,2.0,2.0,110.67365466000047,-30.03175614618999,30.03175614618999,,,14.1488470730823,4.596275058165224,16.0,1.0,1.0,0.0,1.0,0.0,0.0,1.0,0.07684986459078091,1.0593050170172578,1.1545585387044626,,,,,0.008643458159882659,1.0,0.06374247204157693,0.09541252866781995,0.7368421052631579,19.0,17.889070750511863,0,train,SIMULATION_TRUTH_ONLY
5bd314a91e_216cec93_0_2,train_20261030,5bd314a91e9fed866250eb7369bdc4ea36969c822bc84ae15bac05e4f929f0e4,216cec93185069d84716a438ab8318d56f818f9d2727dd3c1730cbe3a0983711,fred-features-2,count_rate,count / s,256.0,256.5,257.0,review_unscored,,unresolved,insufficient_event_bins;single_bin_candidate,1.687760974124026,49.93356273167274,579.5522787755071,1.0861588584159718,0.5,0.5,1.0,1.0,49.93356273167274,,,,,46.01384104199389,6.783350281534479,64.0,1.0,1.0,0.0,1.0,0.0,0.0,0.0,,,,,,,,,,0.062454120062846084,0.0948798801929719,0.7368421052631579,19.0,18.522412994310187,0,train,SIMULATION_TRUTH_ONLY
5bd314a91e_216cec93_0_3,train_20261030,5bd314a91e9fed866250eb7369bdc4ea36969c822bc84ae15bac05e4f929f0e4,216cec93185069d84716a438ab8318d56f818f9d2727dd3c1730cbe3a0983711,fred-features-2,count_rate,count / s,335.0,339.5,346.0,review_unscored,,unresolved,parameter_near_bound,12.006922271614158,355.23300731321797,587.6264378027927,1.6045218262157805,4.5,6.5,11.0,5.0,1929.1110528476902,63.78666929703388,86.87697730472195,0.5351599813842187,-0.6737731490283765,120.55704247819817,15.128018513123056,4.0,1.0,1.0,1.0,1.0,1.0,0.0,1.0,0.6218754123337606,1.1326103318525405,1.3144023747506275,,,,,0.01753727997092502,0.0,0.18723345510414727,0.12021939039715059,0.2222222222222222,9.0,7.709308447247196,1,train,SIMULATION_TRUTH_ONLY
5bd314a91e_216cec93_0_4,train_20261030,5bd314a91e9fed866250eb7369bdc4ea36969c822bc84ae15bac05e4f929f0e4,216cec93185069d84716a438ab8318d56f818f9d2727dd3c1730cbe3a0983711,fred-features-2,count_rate,count / s,623.0,628.5,630.0,review_unscored,,unresolved,parameter_near_bound;timescale_unresolved,11.905724938759542,352.23901500871136,579.0087421822519,1.6083483535691396,5.5,1.5,7.0,3.0,1089.9399619953006,190.5759742585954,74.96486389847053,0.24232890854671646,-2.579235993621177,75.11607730214253,12.18846524692146,4.0,1.0,1.0,1.0,1.0,1.0,0.0,1.0,0.5961660292739261,1.0705427266220287,1.174429594115489,,,,,-0.0768791509670177,0.0,0.26354411850106385,0.12968933636164026,0.5,3.0,5.8690084238998255,0,train,SIMULATION_TRUTH_ONLY
aeefcd6ef2_216cec93_0_0,train_20261032,aeefcd6ef26e2c014a301d01cd7c85c78a627e37c3b0a058d667c5c8497d9058,216cec93185069d84716a438ab8318d56f818f9d2727dd3c1730cbe3a0983711,fred-features-2,count_rate,count / s,117.0,125.5,132.0,review_unscored,,complex_or_multi_peaked,multi_peak_single_component_fit;parameter_near_bound,9.620624186389184,278.2808387398687,633.418362989226,1.4393318144845164,8.5,6.5,15.0,14.0,3289.6083501808052,179.54678361842844,64.61054905028607,-2.3166699267285753,6.728658958198759,464.51618844670446,23.862875804736998,16.0,2.0,1.0,1.0,1.0,1.0,0.0,1.0,0.7236861032105977,1.1689781535611339,1.3992015484673888,,,,,0.2435024727893016,0.0,0.08273233626510776,0.12973038592537958,0.6,14.0,15.105227916726633,0,train,SIMULATION_TRUTH_ONLY
aeefcd6ef2_216cec93_0_1,train_20261032,aeefcd6ef26e2c014a301d01cd7c85c78a627e37c3b0a058d667c5c8497d9058,216cec93185069d84716a438ab8318d56f818f9d2727dd3c1730cbe3a0983711,fred-features-2,count_rate,count / s,138.0,138.5,139.0,review_unscored,,unresolved,insufficient_event_bins;single_bin_candidate,1.3407596976099543,38.78207130545297,632.9422928961269,1.0612726811602358,0.5,0.5,1.0,1.0,38.78207130545297,,,,,42.24863503305544,6.499895001694677,16.0,1.0,1.0,0.0,1.0,0.0,0.0,0.0,,,,,,,,,,0.08348480166462602,0.11963135290737777,0.6,14.0,14.753463359129036,0,train,SIMULATION_TRUTH_ONLY
aeefcd6ef2_216cec93_0_2,train_20261032,aeefcd6ef26e2c014a301d01cd7c85c78a627e37c3b0a058d667c5c8497d9058,216cec93185069d84716a438ab8318d56f818f9d2727dd3c1730cbe3a0983711,fred-features-2,count_rate,count / s,751.0,756.5,757.0,review_unscored,,fast_rise_slow_decay,,10.249121833381922,296.4604130546634,678.4621596853533,1.4369593923884438,5.5,0.5,6.0,3.0,995.1921502848103,109.69133415241697,25.56119138622398,0.0146400130336463,-3.0463894125477875,76.93942412500428,10.133240315105962,4.0,1.0,1.0,1.0,1.0,1.0,0.0,1.0,0.48947796280458866,1.0929972457614279,1.2245090537231187,384.30611997823934,1.0266356861330395,5.869786634989695,330.5448644065724,0.01137889166745131,0.0,0.26364814419940796,0.12394000766629416,0.75,3.0,6.54680082947162,0,train,SIMULATION_TRUTH_ONLY
aeefcd6ef2_216cec93_0_3,train_20261032,aeefcd6ef26e2c014a301d01cd7c85c78a627e37c3b0a058d667c5c8497d9058,216cec93185069d84716a438ab8318d56f818f9d2727dd3c1730cbe3a0983711,fred-features-2,count_rate,count / s,760.0,760.5,761.0,review_unscored,,unresolved,insufficient_event_bins;single_bin_candidate,1.3775975495199955,39.84762257617035,678.782567709363,1.0587045461562767,0.5,0.5,1.0,1.0,39.84762257617035,,,,,42.98746482059834,6.556482656165449,16.0,1.0,1.0,0.0,1.0,0.0,0.0,0.0,,,,,,,,,,0.2664842300346251,0.12386628869171938,0.75,3.0,6.41377249816265,0,train,SIMULATION_TRUTH_ONLY
650980a771_216cec93_0_0,train_20261033,650980a7714122d1b691d4eaeb492e1b255a15357fc1ee17ca61e98d7252c1ac,216cec93185069d84716a438ab8318d56f818f9d2727dd3c1730cbe3a0983711,fred-features-2,count_rate,count / s,271.0,271.5,272.0,review_unscored,,unresolved,insufficient_event_bins;single_bin_candidate,1.6120540668432188,55.9792293252209,878.5643742448711,1.0637167075814282,0.5,0.5,1.0,1.0,55.9792293252209,,,,,20.667140537367224,4.546112684191542,64.0,1.0,1.0,0.0,1.0,0.0,0.0,0.0,,,,,,,,,,0.07517234175126106,0.2018659241982123,0.09375,11.0,20.084442263203485,0,train,SIMULATION_TRUTH_ONLY
650980a771_216cec93_0_1,train_20261033,650980a7714122d1b691d4eaeb492e1b255a15357fc1ee17ca61e98d7252c1ac,216cec93185069d84716a438ab8318d56f818f9d2727dd3c1730cbe3a0983711,fred-features-2,count_rate,count / s,277.0,277.5,278.0,review_unscored,,unresolved,insufficient_event_bins;single_bin_candidate,1.3994483610429338,48.596410221547444,879.2018589714955,1.0552733251478748,0.5,0.5,1.0,1.0,48.596410221547444,,,,,25.48189819892111,5.047959805596823,64.0,1.0,1.0,0.0,1.0,0.0,0.0,0.0,,,,,,,,,,0.07648888273717645,0.20048559208767672,0.09375,11.0,19.764745075649763,0,train,SIMULATION_TRUTH_ONLY
650980a771_216cec93_0_2,train_20261033,650980a7714122d1b691d4eaeb492e1b255a15357fc1ee17ca61e98d7252c1ac,216cec93185069d84716a438ab8318d56f818f9d2727dd3c1730cbe3a0983711,fred-features-2,count_rate,count / s,282.0,290.5,311.0,review_unscored,,complex_or_multi_peaked,correlated_residuals;multi_peak_single_component_fit;parameter_near_bound,4.923163708733342,170.9588505281764,880.6898707113704,1.1941192424412532,8.5,20.5,29.0,27.0,2548.429563155517,42.25280481211195,43.59237353004221,-0.41353216574538504,0.24540894169413452,76.16997416928466,10.633893508157428,16.0,2.0,1.0,1.0,1.0,1.0,0.0,1.0,0.41904418041520375,1.0699365515728745,1.1709003938983122,,,,,0.33526294256404,0.0,0.07652151752433241,0.1959526295193692,0.0967741935483871,11.0,19.29310768130449,1,train,SIMULATION_TRUTH_ONLY
650980a771_216cec93_0_3,train_20261033,650980a7714122d1b691d4eaeb492e1b255a15357fc1ee17ca61e98d7252c1ac,216cec93185069d84716a438ab8318d56f818f9d2727dd3c1730cbe3a0983711,fred-features-2,count_rate,count / s,313.0,314.5,316.0,review_unscored,,unresolved,no_improvement_over_linear_background,2.121819331134368,73.681034257649,883.7138707948249,1.083376573224294,1.5,1.5,3.0,3.0,192.28106361613902,14.608533663792855,14.153505493015132,,,20.68280890142762,4.640103803247922,64.0,1.0,1.0,0.0,1.0,0.0,0.0,1.0,0.07947981926998171,0.980840031710028,0.9908509752242382,,,,,0.19770397032831874,0.0,0.07697289253765019,0.19044464208281608,0.1,11.0,18.73825612152398,0,train,SIMULATION_TRUTH_ONLY
650980a771_216cec93_0_4,train_20261033,650980a7714122d1b691d4eaeb492e1b255a15357fc1ee17ca61e98d7252c1ac,216cec93185069d84716a438ab8318d56f818f9d2727dd3c1730cbe3a0983711,fred-features-2,count_rate,count / s,726.0,730.5,731.0,review_unscored,,unresolved,parameter_near_bound,5.67220740425387,196.96969574025115,883.546841288299,1.2229306772836739,4.5,0.5,5.0,1.0,363.8381613981759,186.6512367717595,40.26938588070607,1.5746902414108652,2.7351246809673686,4.166955556216928,2.409676809129815,4.0,1.0,1.0,1.0,0.0,1.0,0.0,1.0,0.07353243389647468,1.0617055655506862,1.155399175619335,,,,,0.175208606560203,0.0,0.34367394339727153,0.19960329504015228,0.07142857142857142,1.0,7.780429159470261,0,train,SIMULATION_TRUTH_ONLY
692ad8ca37_216cec93_0_0,train_20261034,692ad8ca37ab8f619b2e04055844592cf71dea63f8fe489d042c01b6ed34fd1f,216cec93185069d84716a438ab8318d56f818f9d2727dd3c1730cbe3a0983711,fred-features-2,count_rate,count / s,207.0,220.5,234.0,review_unscored,,unresolved,correlated_residuals;parameter_near_bound,8.395616771896018,287.4044173160813,899.3173494348044,1.319580643581164,13.5,13.5,27.0,17.0,4644.890762038291,40.30961718788916,63.73334138401606,0.17119725249404533,-1.0299291665417207,76.8503944050796,11.37326003785093,16.0,1.0,1.0,1.0,1.0,1.0,0.0,1.0,0.6356193046909486,1.2559573873319068,1.6134433185833983,,,,,0.5630188073955565,0.0,0.0661621992135904,0.09956638491182107,0.23333333333333334,25.0,18.583384257764585,1,train,SIMULATION_TRUTH_ONLY
692ad8ca37_216cec93_0_1,train_20261034,692ad8ca37ab8f619b2e04055844592cf71dea63f8fe489d042c01b6ed34fd1f,216cec93185069d84716a438ab8318d56f818f9d2727dd3c1730cbe3a0983711,fred-features-2,count_rate,count / s,258.0,258.5,259.0,review_unscored,,unresolved,insufficient_event_bins;single_bin_candidate,1.730134050412505,59.22711602345112,890.7511196493308,1.0664912058115263,0.5,0.5,1.0,1.0,59.22711602345112,,,,,95.95799357523701,9.795815105198598,64.0,1.0,1.0,0.0,1.0,0.0,0.0,0.0,,,,,,,,,,0.07297994669847997,0.1119679998793921,0.28,21.0,17.189148595439935,0,train,SIMULATION_TRUTH_ONLY
692ad8ca37_216cec93_0_2,train_20261034,692ad8ca37ab8f619b2e04055844592cf71dea63f8fe489d042c01b6ed34fd1f,216cec93185069d84716a438ab8318d56f818f9d2727dd3c1730cbe3a0983711,fred-features-2,count_rate,count / s,264.0,264.5,266.0,review_unscored,,unresolved,correlated_residuals;no_improvement_over_linear_background;timescale_unresolved,1.9298556928136625,66.06412202542379,889.4152620913128,1.0742781519962732,0.5,1.5,2.0,2.0,129.75814964573874,-2.37009440510883,2.37009440510883,,,56.67919769172661,7.7057548251232975,64.0,1.0,1.0,0.0,1.0,0.0,0.0,1.0,0.057429898140574975,0.9547944718010466,0.9386038586298231,,,,,0.37430038796065335,0.0,0.09877843075687164,0.11183657086254717,0.2631578947368421,15.0,13.710229065432893,0,train,SIMULATION_TRUTH_ONLY
692ad8ca37_216cec93_0_3,train_20261034,692ad8ca37ab8f619b2e04055844592cf71dea63f8fe489d042c01b6ed34fd1f,216cec93185069d84716a438ab8318d56f818f9d2727dd3c1730cbe3a0983711,fred-features-2,count_rate,count / s,755.0,757.5,758.0,review_unscored,,unresolved,parameter_near_bound;timescale_unresolved,10.144755660772024,347.28211979115235,833.2326343207826,1.4167889080271594,2.5,0.5,3.0,1.0,435.4305092613082,313.708245083013,21.00064005387719,,,10.186779901707519,4.215578062412117,4.0,1.0,1.0,1.0,1.0,1.0,0.0,1.0,0.3514601279236398,0.9825965369084001,0.9898771653126733,,,,,0.23961453313551,0.0,0.5838939712905864,0.121546358098109,0.5,1.0,4.934099695568255,0,train,SIMULATION_TRUTH_ONLY
aa94fc2a4f_216cec93_0_0,train_20261035,aa94fc2a4f08f33fa41ed59e5dba79a11f18eaaa4277f021d3e3fe1174b5c928,216cec93185069d84716a438ab8318d56f818f9d2727dd3c1730cbe3a0983711,fred-features-2,count_rate,count / s,198.0,215.5,243.0,review_unscored,,complex_or_multi_peaked,correlated_residuals;multi_peak_single_component_fit;parameter_near_bound,9.430589360354565,387.67308066225405,1144.4519203590253,1.338741255762529,17.5,27.5,45.0,35.0,9509.08485870921,86.4869844782495,89.16386591766093,0.02905895947124061,-0.7004497084146797,83.18795841774208,12.997059233045613,16.0,3.0,1.0,1.0,1.0,1.0,0.0,1.0,0.6766609710788266,1.3508297135823142,1.8627563508280625,,,,,0.5596700241145023,0.0,0.04451160075475722,0.11329507870595731,0.09090909090909091,42.0,26.07975434474267,1,train,SIMULATION_TRUTH_ONLY
aa94fc2a4f_216cec93_0_1,train_20261035,aa94fc2a4f08f33fa41ed59e5dba79a11f18eaaa4277f021d3e3fe1174b5c928,216cec93185069d84716a438ab8318d56f818f9d2727dd3c1730cbe3a0983711,fred-features-2,count_rate,count / s,428.0,430.5,437.0,review_unscored,,unresolved,correlated_residuals;parameter_near_bound,5.5336151771722015,227.4760951793894,1112.3278494453784,1.2045045399994363,2.5,6.5,9.0,7.0,1521.417069916448,102.36392220729817,70.40548310332213,-0.5368775663039211,-1.4479522002153158,35.205154480534375,8.01680569901927,4.0,1.0,1.0,1.0,1.0,1.0,0.0,1.0,0.40542472879691616,1.0452008594913047,1.1192204454235537,,,,,0.30053688287699387,0.0,0.13936925571491335,0.18590076516790843,0.2777777777777778,9.0,11.933546231325254,0,train,SIMULATION_TRUTH_ONLY
aa94fc2a4f_216cec93_0_2,train_20261035,aa94fc2a4f08f33fa41ed59e5dba79a11f18eaaa4277f021d3e3fe1174b5c928,216cec93185069d84716a438ab8318d56f818f9d2727dd3c1730cbe3a0983711,fred-features-2,count_rate,count / s,592.0,594.5,596.0,review_unscored,,unresolved,parameter_near_bound;timescale_unresolved,7.372653312781545,303.07535544240204,1092.0140852409531,1.2775379544445422,2.5,1.5,4.0,1.0,522.6577944686107,117.56923263765577,242.59428389058348,1.9253697491566,3.732266564211166,14.178122486185174,4.384506451658963,4.0,1.0,1.0,1.0,1.0,1.0,0.0,1.0,0.24413656636098158,0.9777295833064336,0.9799741113909788,,,,,0.09841319572579754,0.0,0.46157620437016095,0.14649167918865136,0.14285714285714285,2.0,5.772289304926817,0,train,SIMULATION_TRUTH_ONLY
750b63189e_216cec93_0_0,train_20261036,750b63189e7723d67ba016970574001870db6876e0c905e0f546705e47cb57b0,216cec93185069d84716a438ab8318d56f818f9d2727dd3c1730cbe3a0983711,fred-features-2,count_rate,count / s,240.0,245.5,286.0,review_unscored,,complex_or_multi_peaked,multi_peak_single_component_fit,9.679203468149828,502.6297978631626,1975.51551677046,1.254429688654055,5.5,40.5,46.0,26.0,11725.587028352787,205.1169673495849,103.03739581176956,0.008726808322804128,-0.933072453584125,104.67743177664484,14.722128985213747,16.0,4.0,1.0,1.0,1.0,1.0,0.0,1.0,0.8117844881448837,1.051147136254123,1.1280255803409185,7.141414980576064,17.130150595764825,65.86737045549296,456.7585897455929,0.03228398172618288,0.0,0.04672843338523756,0.13767266261247893,0.16666666666666666,24.0,24.8850184114685,1,train,SIMULATION_TRUTH_ONLY
750b63189e_216cec93_0_1,train_20261036,750b63189e7723d67ba016970574001870db6876e0c905e0f546705e47cb57b0,216cec93185069d84716a438ab8318d56f818f9d2727dd3c1730cbe3a0983711,fred-features-2,count_rate,count / s,290.0,290.5,291.0,review_unscored,,unresolved,insufficient_event_bins;single_bin_candidate,2.5284808595092665,131.30107528971575,1972.817101933037,1.0665551181409885,0.5,0.5,1.0,1.0,131.30107528971575,,,,,31.122307016456745,5.578737044928426,64.0,1.0,1.0,0.0,1.0,0.0,0.0,0.0,,,,,,,,,,0.05364031226179473,0.12603637646147553,0.15789473684210525,20.0,21.964557904397576,0,train,SIMULATION_TRUTH_ONLY
750b63189e_216cec93_0_2,train_20261036,750b63189e7723d67ba016970574001870db6876e0c905e0f546705e47cb57b0,216cec93185069d84716a438ab8318d56f818f9d2727dd3c1730cbe3a0983711,fred-features-2,count_rate,count / s,296.0,296.5,297.0,review_unscored,,unresolved,insufficient_event_bins;single_bin_candidate,1.4187074867708183,73.67183256856129,1972.5138950287087,1.0373492084158369,0.5,0.5,1.0,1.0,73.67183256856129,,,,,20.669063617656658,4.546324187479008,64.0,1.0,1.0,0.0,1.0,0.0,0.0,0.0,,,,,,,,,,0.059377953470250704,0.15115635459061563,0.21212121212121213,14.0,20.617717710974606,0,train,SIMULATION_TRUTH_ONLY
750b63189e_216cec93_0_3,train_20261036,750b63189e7723d67ba016970574001870db6876e0c905e0f546705e47cb57b0,216cec93185069d84716a438ab8318d56f818f9d2727dd3c1730cbe3a0983711,fred-features-2,count_rate,count / s,607.0,608.5,610.0,review_unscored,,unresolved,timescale_unresolved,7.421364623426661,385.38284816682267,1936.3308332518561,1.1990273777335942,1.5,1.5,3.0,3.0,1050.6825723620634,59.537894201306244,45.92807793709835,,,56.06464383183717,8.704501394578342,4.0,1.0,1.0,1.0,1.0,1.0,0.0,1.0,0.4394460053452003,0.9368736335790031,0.9010761469257244,,,,,-0.1304354767079671,0.0,0.30796575375134916,0.1634322389483172,0.75,3.0,6.474041499690291,0,train,SIMULATION_TRUTH_ONLY
750b63189e_216cec93_0_4,train_20261036,750b63189e7723d67ba016970574001870db6876e0c905e0f546705e47cb57b0,216cec93185069d84716a438ab8318d56f818f9d2727dd3c1730cbe3a0983711,fred-features-2,count_rate,count / s,686.0,694.5,696.0,review_unscored,,complex_or_multi_peaked,multi_peak_single_component_fit;parameter_near_bound,7.453379437166769,387.0453402728899,1938.4202898309154,1.1996704957657305,8.5,1.5,10.0,9.0,2854.9966716849494,147.09000338026544,184.8286603734823,-0.44064048411094364,-0.37924298142353186,80.29769847046818,12.116678218366937,4.0,2.0,1.0,1.0,1.0,1.0,0.0,1.0,0.5205478447963197,1.0788249776140961,1.1928151565112204,,,,,0.16705334381412013,0.0,0.12463438376346275,0.15290717822040728,0.23529411764705882,10.0,11.49864427923725,0,train,SIMULATION_TRUTH_ONLY
750b63189e_216cec93_0_5,train_20261036,750b63189e7723d67ba016970574001870db6876e0c905e0f546705e47cb57b0,216cec93185069d84716a438ab8318d56f818f9d2727dd3c1730cbe3a0983711,fred-features-2,count_rate,count / s,791.0,791.5,792.0,review_unscored,,unresolved,insufficient_event_bins;single_bin_candidate,12.452011957824267,646.6185233057458,1941.6479417802198,1.3330256270417835,0.5,0.5,1.0,1.0,646.6185233057458,,,,,28.54400537997773,5.342659017753026,4.0,1.0,1.0,1.0,1.0,1.0,0.0,0.0,,,,,,,,,,0.7148986682567752,0.09539761966464302,1.0,1.0,3.5427397439165436,0,train,SIMULATION_TRUTH_ONLY
911783bf89_216cec93_0_0,train_20261038,911783bf89ee4261b69b73a925f10151e5224426fcea002aeea7e8da7a987b85,216cec93185069d84716a438ab8318d56f818f9d2727dd3c1730cbe3a0983711,fred-features-2,count_rate,count / s,197.0,205.5,214.0,review_unscored,,unresolved,correlated_residuals;parameter_near_bound,9.012842640709783,264.3261705016396,612.2980143607954,1.4316952926551316,8.5,8.5,17.0,16.0,3124.587391592806,41.24781084369744,94.33748294254588,-0.4582845090847765,0.7015988836146505,89.1971283878033,10.793092360862467,16.0,1.0,1.0,1.0,1.0,1.0,0.0,1.0,0.7271197716099452,1.021585490327763,1.0683676466086003,,,,,0.4224612341049766,0.0,0.08156818968197825,0.12488134458226871,0.21739130434782608,17.0,15.816570354415722,0,train,SIMULATION_TRUTH_ONLY
911783bf89_216cec93_0_1,train_20261038,911783bf89ee4261b69b73a925f10151e5224426fcea002aeea7e8da7a987b85,216cec93185069d84716a438ab8318d56f818f9d2727dd3c1730cbe3a0983711,fred-features-2,count_rate,count / s,218.0,218.5,219.0,review_unscored,,unresolved,insufficient_event_bins;single_bin_candidate,1.3396880208442665,39.29000187101883,612.6760267255813,1.064128511900494,0.5,0.5,1.0,1.0,39.29000187101883,,,,,19.545398932227634,4.421017861559443,16.0,1.0,1.0,0.0,1.0,0.0,0.0,0.0,,,,,,,,,,0.08365436719859563,0.11781350289017638,0.23809523809523808,17.0,15.116911617896003,0,train,SIMULATION_TRUTH_ONLY
911783bf89_216cec93_0_2,train_20261038,911783bf89ee4261b69b73a925f10151e5224426fcea002aeea7e8da7a987b85,216cec93185069d84716a438ab8318d56f818f9d2727dd3c1730cbe3a0983711,fred-features-2,count_rate,count / s,762.0,763.5,765.0,review_unscored,,unresolved,correlated_residuals;timescale_unresolved,4.021613283168399,117.94476845484053,623.7314020156549,1.1890954472930004,1.5,1.5,3.0,2.0,275.8345384364417,67.68669093387905,10.313075994200858,,,6.838038609105673,2.8098362849060763,4.0,1.0,1.0,1.0,0.0,1.0,0.0,1.0,0.11529841824864584,1.0123237604592725,1.0506781686164228,,,,,0.38379977970013307,0.0,0.24565478554840292,0.21403134671903967,0.08,2.0,11.684912993687778,0,train,SIMULATION_TRUTH_ONLY
e748d0a40b_216cec93_0_0,train_20261039,e748d0a40b5e421623d3182416875c0838279f8873f566290ca61d25fb023466,216cec93185069d84716a438ab8318d56f818f9d2727dd3c1730cbe3a0983711,fred-features-2,count_rate,count / s,28.0,28.5,29.0,review_unscored,,unresolved,insufficient_event_bins;single_bin_candidate,3.780457321470225,111.75811918130103,619.1652243053265,1.1804980557599762,0.5,0.5,1.0,1.0,111.75811918130103,,,,,1.3274336276479726,1.152143058672825,4.0,1.0,1.0,1.0,0.0,0.0,0.0,0.0,,,,,,,,,,0.2221525431489286,0.24030645421938793,0.058823529411764705,2.0,9.587757484683946,0,train,SIMULATION_TRUTH_ONLY
e748d0a40b_216cec93_0_1,train_20261039,e748d0a40b5e421623d3182416875c0838279f8873f566290ca61d25fb023466,216cec93185069d84716a438ab8318d56f818f9d2727dd3c1730cbe3a0983711,fred-features-2,count_rate,count / s,214.0,236.5,245.0,review_unscored,,unresolved,correlated_residuals;parameter_near_bound,3.0825709722485226,91.12715864952338,649.4534776716753,1.1403136048731604,22.5,8.5,31.0,28.0,1460.8252373768123,53.00704527794244,34.8752518435154,-0.10581840291348601,0.21034124060064308,5.788651304130507,3.193396752859972,16.0,1.0,1.0,0.0,0.0,1.0,0.0,1.0,0.362380474059667,0.9156438083693033,0.8569523356591348,,,,,0.3973952558673955,0.0,0.0773150296586532,0.2555519605879024,0.07317073170731707,4.0,24.295382835246535,1,train,SIMULATION_TRUTH_ONLY
e748d0a40b_216cec93_0_2,train_20261039,e748d0a40b5e421623d3182416875c0838279f8873f566290ca61d25fb023466,216cec93185069d84716a438ab8318d56f818f9d2727dd3c1730cbe3a0983711,fred-features-2,count_rate,count / s,396.0,397.5,398.0,review_unscored,,unresolved,correlated_residuals;no_improvement_over_linear_background;parameter_near_bound;timescale_unresolved,3.5844865620089665,105.96481915711138,604.7402335148686,1.175223696530365,1.5,0.5,2.0,2.0,165.89212721611182,46.03751109811094,-46.03751109811094,,,2.264703862062053,1.6080037100817701,4.0,1.0,1.0,1.0,0.0,0.0,0.0,1.0,0.067270112994962,1.116978093289961,1.2845524887266493,,,,,0.6013946919618924,0.0,0.27154757929665463,0.2395893160853381,0.05263157894736842,2.0,9.648277446822668,0,train,SIMULATION_TRUTH_ONLY
e748d0a40b_216cec93_0_3,train_20261039,e748d0a40b5e421623d3182416875c0838279f8873f566290ca61d25fb023466,216cec93185069d84716a438ab8318d56f818f9d2727dd3c1730cbe3a0983711,fred-features-2,count_rate,count / s,463.0,481.5,490.0,review_unscored,,unresolved,correlated_residuals;parameter_near_bound,10.674606022397175,315.56338046439,585.0431040550092,1.5393848389583256,18.5,8.5,27.0,17.0,5388.7234000238595,75.3921456941344,55.229469017294264,-0.45518511193346756,-1.5288430120616712,130.4120559403886,14.99699348089535,16.0,1.0,1.0,1.0,1.0,1.0,0.0,1.0,0.8056976352918807,1.213980430126128,1.5073957104079676,,,,,0.6548961019930764,0.0,0.06194132321040987,0.08068439579215055,0.6666666666666666,21.0,18.62022270642891,0,train,SIMULATION_TRUTH_ONLY
e748d0a40b_216cec93_0_4,train_20261039,e748d0a40b5e421623d3182416875c0838279f8873f566290ca61d25fb023466,216cec93185069d84716a438ab8318d56f818f9d2727dd3c1730cbe3a0983711,fred-features-2,count_rate,count / s,492.0,492.5,493.0,review_unscored,,unresolved,insufficient_event_bins;single_bin_candidate,1.3246672224157259,39.159896470072,583.5878694436062,1.0671019713062355,0.5,0.5,1.0,1.0,39.159896470072,,,,,26.20257738974194,5.118845318012837,16.0,1.0,1.0,0.0,1.0,0.0,0.0,0.0,,,,,,,,,,0.06194132321040987,0.07951712091995528,0.6666666666666666,21.0,18.414394488183277,0,train,SIMULATION_TRUTH_ONLY
e748d0a40b_216cec93_0_5,train_20261039,e748d0a40b5e421623d3182416875c0838279f8873f566290ca61d25fb023466,216cec93185069d84716a438ab8318d56f818f9d2727dd3c1730cbe3a0983711,fred-features-2,count_rate,count / s,616.0,618.5,619.0,review_unscored,,unresolved,correlated_residuals;no_improvement_over_linear_background;parameter_near_bound;right_censored,7.668874818160751,226.7077639117947,588.3750080380889,1.385311681860421,2.5,0.5,3.0,3.0,603.1326133382643,28.50499123269219,-19.980695931735454,,,24.58787846914521,5.6651877213031065,4.0,1.0,1.0,1.0,1.0,1.0,0.0,1.0,0.22537547928389823,1.2005034895632476,1.4776027857377143,,,,,0.4898251468277913,1.0,0.2868979245222689,0.12305767457079582,0.25,3.0,6.380802330750918,0,train,SIMULATION_TRUTH_ONLY
06c5ba9dd6_216cec93_0_0,train_20261040,06c5ba9dd6f846354e01d79747de9a2c88e87325765fb6ef9d559fe4ad455a52,216cec93185069d84716a438ab8318d56f818f9d2727dd3c1730cbe3a0983711,fred-features-2,count_rate,count / s,141.0,144.5,145.0,review_unscored,,fast_rise_slow_decay,,5.922635398928721,177.03851679478214,629.1835074256597,1.2813781904728325,3.5,0.5,4.0,3.0,529.4614908484847,130.9863149201866,-1.770239109147667,-1.5357049085269772,2.0781710614850617,27.898642484623394,5.985713180240072,4.0,1.0,1.0,1.0,1.0,1.0,0.0,1.0,0.2903681990991026,0.9693034467317435,0.9631559349577475,341.551282769065,1.1261384707184228,6.436689149062755,189.98396728037267,-0.04527697957674469,0.0,0.25803746159082835,0.1782513165377655,0.16666666666666666,3.0,8.121466525279855,0,train,SIMULATION_TRUTH_ONLY
06c5ba9dd6_216cec93_0_1,train_20261040,06c5ba9dd6f846354e01d79747de9a2c88e87325765fb6ef9d559fe4ad455a52,216cec93185069d84716a438ab8318d56f818f9d2727dd3c1730cbe3a0983711,fred-features-2,count_rate,count / s,253.0,255.5,259.0,review_unscored,,fast_rise_slow_decay,,4.227403798519262,126.36491155910937,627.315133146003,1.2014376903764235,2.5,3.5,6.0,4.0,535.192579514157,40.912941512328416,50.91364102988575,-0.15784666331072275,-2.420444154197404,22.74572710450768,5.853359521399471,4.0,1.0,1.0,1.0,1.0,1.0,0.0,1.0,0.22194604038421806,1.0065129665156032,1.038269057031802,328.1635384522266,1.5131309462733535,8.642985775647858,142.83841129880832,-0.016707580297369688,0.0,0.1633066903887914,0.28339688808968816,0.13043478260869565,4.0,12.05716641060149,1,train,SIMULATION_TRUTH_ONLY
06c5ba9dd6_216cec93_0_2,train_20261040,06c5ba9dd6f846354e01d79747de9a2c88e87325765fb6ef9d559fe4ad455a52,216cec93185069d84716a438ab8318d56f818f9d2727dd3c1730cbe3a0983711,fred-features-2,count_rate,count / s,403.0,409.5,410.0,review_unscored,,unresolved,parameter_near_bound;timescale_unresolved,14.11076059247395,421.7967100574368,625.2567334823949,1.6745976292141973,6.5,0.5,7.0,3.0,1253.7781213893672,181.77333674814759,27.478242611550854,0.38204482669445206,-2.4675346505290303,101.58172811529104,14.312375832928616,4.0,1.0,1.0,1.0,1.0,1.0,0.0,1.0,0.5982121498894188,1.2104696532293606,1.5059378030944646,,,,,-0.12364823446302653,0.0,0.2985332201631026,0.10225166511941612,1.0,3.0,5.523408922570517,0,train,SIMULATION_TRUTH_ONLY
06c5ba9dd6_216cec93_0_3,train_20261040,06c5ba9dd6f846354e01d79747de9a2c88e87325765fb6ef9d559fe4ad455a52,216cec93185069d84716a438ab8318d56f818f9d2727dd3c1730cbe3a0983711,fred-features-2,count_rate,count / s,462.0,464.5,484.0,review_unscored,,complex_or_multi_peaked,multi_peak_single_component_fit;parameter_near_bound,6.6210167809838785,197.91442687671952,624.5772091855874,1.3168774395959604,2.5,19.5,22.0,21.0,3254.0668417842207,22.893395090586978,99.44357250428902,-1.2318177489317563,3.264487478073785,127.41840223257991,13.639742670302589,16.0,3.0,1.0,1.0,1.0,1.0,0.0,1.0,0.6320868198914739,1.1042472423546148,1.2483944001584324,,,,,0.08651914038224545,0.0,0.05949439206990677,0.21269380678976915,0.3103448275862069,21.0,21.305759539029303,0,train,SIMULATION_TRUTH_ONLY
b2e0d98c00_216cec93_0_0,train_20261041,b2e0d98c007b24626873e849f9bc71a44e43553b14a4bfc820361646c062c6e1,216cec93185069d84716a438ab8318d56f818f9d2727dd3c1730cbe3a0983711,fred-features-2,count_rate,count / s,300.0,304.5,343.0,review_unscored,,complex_or_multi_peaked,multi_peak_single_component_fit,11.643864869851345,411.64077402412704,879.2131921887062,1.4681922174067836,4.5,38.5,43.0,20.0,7561.739334345906,63.10275395380313,55.95035065228302,0.4146689011568519,-1.067568103104508,76.57104637630931,13.874413381190802,16.0,5.0,1.0,1.0,1.0,1.0,0.0,1.0,0.8588209240825568,0.9752115657477322,0.9710173794380619,3.1817477564189227,14.63771863737113,52.11974721443128,395.32394842206645,0.15333889975364767,0.0,0.06087576913796384,0.0859983942757863,0.2857142857142857,26.0,19.59169140117249,1,train,SIMULATION_TRUTH_ONLY
b2e0d98c00_216cec93_0_1,train_20261041,b2e0d98c007b24626873e849f9bc71a44e43553b14a4bfc820361646c062c6e1,216cec93185069d84716a438ab8318d56f818f9d2727dd3c1730cbe3a0983711,fred-features-2,count_rate,count / s,612.0,615.5,621.0,review_unscored,,unresolved,parameter_near_bound,11.31820489061536,400.12785048715944,870.8285958568139,1.459479457141013,3.5,5.5,9.0,5.0,1970.3442202728493,120.28124888604765,84.994161093429,0.12715901778484756,-1.3005832017480454,71.6576799676687,11.718936606518891,4.0,1.0,1.0,1.0,1.0,1.0,0.0,1.0,0.643785376044933,1.0474078069010309,1.1244896918061575,,,,,0.1817764715515691,0.0,0.1972052892191206,0.09358708319010206,0.25,8.0,7.784155267173323,0,train,SIMULATION_TRUTH_ONLY
b2e0d98c00_216cec93_0_2,train_20261041,b2e0d98c007b24626873e849f9bc71a44e43553b14a4bfc820361646c062c6e1,216cec93185069d84716a438ab8318d56f818f9d2727dd3c1730cbe3a0983711,fred-features-2,count_rate,count / s,623.0,623.5,624.0,review_unscored,,unresolved,insufficient_event_bins;single_bin_candidate,1.3153081402411588,46.49954864479787,870.2372780141214,1.0534331840517217,0.5,0.5,1.0,1.0,46.49954864479787,,,,,19.314365725130546,4.394811227473888,16.0,1.0,1.0,0.0,1.0,0.0,0.0,0.0,,,,,,,,,,0.19777621024377615,0.09298372109630261,0.25,8.0,7.955931821003562,0,train,SIMULATION_TRUTH_ONLY
b2e0d98c00_216cec93_0_3,train_20261041,b2e0d98c007b24626873e849f9bc71a44e43553b14a4bfc820361646c062c6e1,216cec93185069d84716a438ab8318d56f818f9d2727dd3c1730cbe3a0983711,fred-features-2,count_rate,count / s,678.0,680.5,681.0,review_unscored,,unresolved,parameter_near_bound;timescale_unresolved,9.444841499055554,333.89960366794094,866.0479251977977,1.3855440258594018,2.5,0.5,3.0,3.0,908.128138244657,36.42570145180605,-28.572485653679905,,,47.165091309922815,7.232840842066751,4.0,1.0,1.0,1.0,1.0,1.0,0.0,1.0,0.43409799147869543,1.1225924422333546,1.2937301155977303,,,,,0.16117591529869027,0.0,0.2847597547802513,0.13621106392008994,0.6,3.0,6.380680909897331,0,train,SIMULATION_TRUTH_ONLY
16c5a34723_216cec93_0_0,train_20261042,16c5a34723a2f4160e142379c8b91a387db26f20217811d689f63fe9e96b1478,216cec93185069d84716a438ab8318d56f818f9d2727dd3c1730cbe3a0983711,fred-features-2,count_rate,count / s,224.0,255.5,302.0,review_unscored,,complex_or_multi_peaked,correlated_residuals;multi_peak_single_component_fit;parameter_near_bound,6.06049453624873,204.580082274986,792.0706792872428,1.2582851349314945,31.5,46.5,78.0,36.0,6047.333940194768,46.79363623365276,67.40927782793773,0.11605662416695282,-1.0660255231144375,78.23161993549478,13.316150136937303,64.0,6.0,1.0,1.0,1.0,1.0,0.0,1.0,0.6324858652061859,1.120372772119416,1.2782248032410968,,,,,0.30552004867993077,0.0,0.04167801079620217,0.17344851777078596,0.17647058823529413,18.0,30.915135249430783,1,train,SIMULATION_TRUTH_ONLY
84f4466cee_216cec93_0_0,train_20261044,84f4466ceec2cbc61f32a2e8c950889ff54b0212426568f2d9071030375c096e,216cec93185069d84716a438ab8318d56f818f9d2727dd3c1730cbe3a0983711,fred-features-2,count_rate,count / s,303.0,303.5,306.0,review_unscored,,unresolved,no_improvement_over_linear_background;parameter_near_bound;timescale_unresolved,3.606803589651379,148.80419992041925,1497.0578610252028,1.099397761298629,0.5,2.5,3.0,1.0,207.82210082873962,63.11180500934006,150.8511519709291,,,3.606423172090486,2.026063409640437,4.0,1.0,1.0,1.0,0.0,0.0,0.0,1.0,0.058685332853208316,1.011487178236329,1.048942329709635,,,,,-0.005855281243563336,0.0,0.32574762490980425,0.32772660647282936,0.047619047619047616,1.0,10.513579928847207,0,train,SIMULATION_TRUTH_ONLY
84f4466cee_216cec93_0_1,train_20261044,84f4466ceec2cbc61f32a2e8c950889ff54b0212426568f2d9071030375c096e,216cec93185069d84716a438ab8318d56f818f9d2727dd3c1730cbe3a0983711,fred-features-2,count_rate,count / s,675.0,680.5,687.0,review_unscored,,unresolved,parameter_near_bound,9.295092828106723,383.48327462048974,1478.6859729997382,1.2593405777986355,5.5,6.5,12.0,9.0,3103.294029927476,96.6702482969988,56.090682337951534,-0.6023983809779597,-0.23606958483401685,209.68962001423154,15.495074156825867,16.0,1.0,1.0,1.0,1.0,1.0,0.0,1.0,0.6724104372570501,1.0342857760841795,1.0957118012365106,,,,,0.05514191267018623,0.0,0.12291891669961563,0.1224250671406394,0.25,12.0,10.960445859717213,0,train,SIMULATION_TRUTH_ONLY
84f4466cee_216cec93_0_2,train_20261044,84f4466ceec2cbc61f32a2e8c950889ff54b0212426568f2d9071030375c096e,216cec93185069d84716a438ab8318d56f818f9d2727dd3c1730cbe3a0983711,fred-features-2,count_rate,count / s,693.0,693.5,694.0,review_unscored,,unresolved,insufficient_event_bins;single_bin_candidate,1.5428502747172104,63.65264839621727,1478.4735632803042,1.0430529499999923,0.5,0.5,1.0,1.0,63.65264839621727,,,,,45.34744179141845,6.734050919871222,16.0,1.0,1.0,0.0,1.0,0.0,0.0,0.0,,,,,,,,,,0.12108662238074884,0.1256485472378327,0.23076923076923078,12.0,11.04416172831229,0,train,SIMULATION_TRUTH_ONLY
ebab8e320b_216cec93_0_0,train_20261045,ebab8e320b189c04e5e03926b7ecc371effc6756a2606bfe63b0fdf4ff48e574,216cec93185069d84716a438ab8318d56f818f9d2727dd3c1730cbe3a0983711,fred-features-2,count_rate,count / s,197.0,212.5,245.0,review_unscored,,complex_or_multi_peaked,multi_peak_single_component_fit;parameter_near_bound,7.782770958293117,312.0583366554697,1191.1362046059503,1.261983755886846,15.5,32.5,48.0,22.0,6155.276749154624,84.06242222411117,58.21106717394218,0.3825100090722547,-0.5505629062581776,81.75208847148407,14.811146704881391,16.0,4.0,1.0,1.0,1.0,1.0,0.0,1.0,0.6555591361621966,1.1293009616670977,1.3015618279074626,,,,,0.19375724332610933,0.0,0.060526379206291635,0.1539213700253579,0.10526315789473684,24.0,21.848377733854957,1,train,SIMULATION_TRUTH_ONLY
ebab8e320b_216cec93_0_1,train_20261045,ebab8e320b189c04e5e03926b7ecc371effc6756a2606bfe63b0fdf4ff48e574,216cec93185069d84716a438ab8318d56f818f9d2727dd3c1730cbe3a0983711,fred-features-2,count_rate,count / s,578.0,579.5,580.0,review_unscored,,unresolved,no_improvement_over_linear_background;parameter_near_bound,3.648573675034983,146.29337523843265,1113.5013596793465,1.1313814069167913,1.5,0.5,2.0,1.0,203.3917285964169,89.1950218804484,-89.1950218804484,,,1.5361033997216569,1.2962249053629904,16.0,1.0,1.0,1.0,0.0,0.0,0.0,1.0,0.02271265292194835,1.1114214093600028,1.2666092636300634,,,,,0.030196132950905084,0.0,0.20794959455790396,0.3267316759229455,0.08,1.0,11.905301384243229,0,train,SIMULATION_TRUTH_ONLY
0656871054_216cec93_0_0,train_20261046,0656871054290c83b20d3b4f5c03485a8e5243a51920661fdb9fc937967390df,216cec93185069d84716a438ab8318d56f818f9d2727dd3c1730cbe3a0983711,fred-features-2,count_rate,count / s,150.0,150.5,151.0,review_unscored,,unresolved,insufficient_event_bins;single_bin_candidate,11.56609242822036,565.7985648622732,1943.6181288264336,1.2911058280794618,0.5,0.5,1.0,1.0,565.7985648622732,,,,,29.33867092196551,5.416518339483908,4.0,1.0,1.0,1.0,1.0,1.0,0.0,0.0,,,,,,,,,,0.7775915873607967,0.11487004816140288,1.0,1.0,3.207238063601984,0,train,SIMULATION_TRUTH_ONLY
0656871054_216cec93_0_1,train_20261046,0656871054290c83b20d3b4f5c03485a8e5243a51920661fdb9fc937967390df,216cec93185069d84716a438ab8318d56f818f9d2727dd3c1730cbe3a0983711,fred-features-2,count_rate,count / s,238.0,264.5,273.0,review_unscored,,complex_or_multi_peaked,multi_peak_single_component_fit;parameter_near_bound,6.644888907960703,325.05953338398945,1951.1633349910987,1.1665978073462888,26.5,8.5,35.0,33.0,7115.832374533578,72.16249302564665,94.71220507623116,0.21961091095679963,-1.0437095935851928,159.5877420201874,17.432965996276273,16.0,3.0,1.0,1.0,1.0,1.0,0.0,1.0,0.6149851032940061,1.1842567060047164,1.4333552220545236,,,,,0.25367414886074724,0.0,0.0500447724629221,0.15972470458366797,0.24324324324324326,34.0,24.71915840742479,1,train,SIMULATION_TRUTH_ONLY
0656871054_216cec93_0_2,train_20261046,0656871054290c83b20d3b4f5c03485a8e5243a51920661fdb9fc937967390df,216cec93185069d84716a438ab8318d56f818f9d2727dd3c1730cbe3a0983711,fred-features-2,count_rate,count / s,278.0,278.5,279.0,review_unscored,,unresolved,insufficient_event_bins;single_bin_candidate,1.8680838580096926,91.38429183959875,1951.0997944323813,1.0468373232883172,0.5,0.5,1.0,1.0,91.38429183959875,,,,,53.12075897894096,7.28839893110558,64.0,1.0,1.0,0.0,1.0,0.0,0.0,0.0,,,,,,,,,,0.049962680100521614,0.1601599001743472,0.23684210526315788,34.0,24.90993985655322,0,train,SIMULATION_TRUTH_ONLY
0656871054_216cec93_0_3,train_20261046,0656871054290c83b20d3b4f5c03485a8e5243a51920661fdb9fc937967390df,216cec93185069d84716a438ab8318d56f818f9d2727dd3c1730cbe3a0983711,fred-features-2,count_rate,count / s,293.0,293.5,294.0,review_unscored,,unresolved,insufficient_event_bins;single_bin_candidate,1.924405036983263,94.13945244655065,1950.6329200803846,1.0482609780022945,0.5,0.5,1.0,1.0,94.13945244655065,,,,,20.71604141691961,4.551487824538214,64.0,1.0,1.0,0.0,1.0,0.0,0.0,0.0,,,,,,,,,,0.0586104248884714,0.18454588399197994,0.28125,25.0,21.66987663410572,0,train,SIMULATION_TRUTH_ONLY
0656871054_216cec93_0_4,train_20261046,0656871054290c83b20d3b4f5c03485a8e5243a51920661fdb9fc937967390df,216cec93185069d84716a438ab8318d56f818f9d2727dd3c1730cbe3a0983711,fred-features-2,count_rate,count / s,404.0,404.5,405.0,review_unscored,,unresolved,insufficient_event_bins;single_bin_candidate,1.569806615019858,76.79294760972289,1934.5355162487076,1.0396958065461799,0.5,0.5,1.0,1.0,76.79294760972289,,,,,22.606258782188743,4.754603956397288,16.0,1.0,1.0,0.0,1.0,0.0,0.0,0.0,,,,,,,,,,0.21736004526597197,0.12538304240985595,0.3333333333333333,5.0,7.048663487365587,0,train,SIMULATION_TRUTH_ONLY
0656871054_216cec93_0_5,train_20261046,0656871054290c83b20d3b4f5c03485a8e5243a51920661fdb9fc937967390df,216cec93185069d84716a438ab8318d56f818f9d2727dd3c1730cbe3a0983711,fred-features-2,count_rate,count / s,410.0,413.5,415.0,review_unscored,,unresolved,parameter_near_bound,11.043971290822567,540.2570613633786,1933.988611525959,1.2793486260175566,3.5,1.5,5.0,5.0,2201.8359210191347,191.5404703402403,161.2541757821648,0.03243930788786433,-2.3484980272063574,233.5313837139313,17.682837194935498,4.0,1.0,1.0,1.0,1.0,1.0,0.0,1.0,0.5859540695885358,1.1315617094563226,1.3126035581445918,,,,,0.08371144301459868,0.0,0.2078935422830096,0.12551146264714091,0.2857142857142857,5.0,7.3364240056773715,0,train,SIMULATION_TRUTH_ONLY
b279051635_216cec93_0_0,train_20261047,b2790516355532f5caa8aff31bd6924a7f96441834bb01aacbaedaaa5b6fa267,216cec93185069d84716a438ab8318d56f818f9d2727dd3c1730cbe3a0983711,fred-features-2,count_rate,count / s,183.0,211.5,231.0,review_unscored,,complex_or_multi_peaked,multi_peak_single_component_fit;parameter_near_bound,3.655110750483587,113.63794348091847,622.0539646126477,1.1826818088872413,28.5,19.5,48.0,41.0,2740.2598872395643,58.807359207347645,56.60053270202877,-0.33415887785332793,-0.5465476979924535,23.450282719463246,7.334052469047061,16.0,3.0,1.0,1.0,1.0,1.0,0.0,1.0,0.4179371671921438,1.0462438052117036,1.1171492707246027,,,,,0.013615147564283642,0.0,0.05293233032620457,0.3235308627923303,0.16666666666666666,11.0,27.340547134203,1,train,SIMULATION_TRUTH_ONLY
b279051635_216cec93_0_1,train_20261047,b2790516355532f5caa8aff31bd6924a7f96441834bb01aacbaedaaa5b6fa267,216cec93185069d84716a438ab8318d56f818f9d2727dd3c1730cbe3a0983711,fred-features-2,count_rate,count / s,367.0,370.5,371.0,review_unscored,,unresolved,parameter_near_bound,9.505201229987103,295.51813717412597,620.8262365863543,1.476007809848772,3.5,0.5,4.0,3.0,890.2886944259204,252.0530206399368,-1.33975253034464,-1.905567035755881,3.6496712275453937,108.47773698845845,12.408865546134516,4.0,1.0,1.0,1.0,1.0,1.0,0.0,1.0,0.5282102750482565,0.9900831461112461,1.0050187936936836,,,,,-0.0056749859533852,0.0,0.29589920656017143,0.11969783680879202,1.0,3.0,6.386085979176589,0,train,SIMULATION_TRUTH_ONLY
b279051635_216cec93_0_2,train_20261047,b2790516355532f5caa8aff31bd6924a7f96441834bb01aacbaedaaa5b6fa267,216cec93185069d84716a438ab8318d56f818f9d2727dd3c1730cbe3a0983711,fred-features-2,count_rate,count / s,373.0,373.5,374.0,review_unscored,,unresolved,insufficient_event_bins;single_bin_candidate,1.6786116884283986,52.188290095121715,621.0141245854254,1.0840372030667762,0.5,0.5,1.0,1.0,52.188290095121715,,,,,17.645399464113375,4.2006427441658705,16.0,1.0,1.0,0.0,1.0,0.0,0.0,0.0,,,,,,,,,,0.2999661140253748,0.1166160413555074,1.0,3.0,6.172196176811241,0,train,SIMULATION_TRUTH_ONLY
b279051635_216cec93_0_3,train_20261047,b2790516355532f5caa8aff31bd6924a7f96441834bb01aacbaedaaa5b6fa267,216cec93185069d84716a438ab8318d56f818f9d2727dd3c1730cbe3a0983711,fred-features-2,count_rate,count / s,643.0,643.5,646.0,review_unscored,,unresolved,no_improvement_over_linear_background;parameter_near_bound,1.5387408820421,47.83968566811393,632.0284162833141,1.0756923018579425,0.5,2.5,3.0,3.0,93.95935268376093,39.288546654911556,44.42412548774621,,,29.050711095022482,6.539958147503183,16.0,1.0,1.0,0.0,1.0,0.0,0.0,1.0,0.03669065791720705,0.8581775974596372,0.7575107541753549,,,,,-0.010010073040251286,0.0,0.07362075017484475,0.15529156453864754,0.3157894736842105,19.0,16.929767271140932,0,train,SIMULATION_TRUTH_ONLY
b279051635_216cec93_0_4,train_20261047,b2790516355532f5caa8aff31bd6924a7f96441834bb01aacbaedaaa5b6fa267,216cec93185069d84716a438ab8318d56f818f9d2727dd3c1730cbe3a0983711,fred-features-2,count_rate,count / s,648.0,654.5,671.0,review_unscored,,complex_or_multi_peaked,multi_peak_single_component_fit;parameter_near_bound,8.036426208137284,249.85370063220398,631.5474506493401,1.3956214222309204,6.5,16.5,23.0,19.0,3538.5428078569958,61.17478635083438,92.85986477670963,-0.9611668617513798,0.12840599711915868,162.11542585078018,15.683379695083957,16.0,4.0,1.0,1.0,1.0,1.0,0.0,1.0,0.706815615543144,1.0215958782206973,1.0679292578951347,,,,,0.09190514915927397,0.0,0.07362075017484475,0.14858364650072034,0.3157894736842105,19.0,17.11693358757817,0,train,SIMULATION_TRUTH_ONLY
3fc83940e2_216cec93_0_0,train_20261048,3fc83940e249cc58263630d3a8832d5388bd041634597615ec8fd548b0a391ff,216cec93185069d84716a438ab8318d56f818f9d2727dd3c1730cbe3a0983711,fred-features-2,count_rate,count / s,110.0,110.5,112.0,review_unscored,,unresolved,timescale_unresolved,7.257433020357103,246.53937369941696,853.3207692096803,1.288917582455838,0.5,1.5,2.0,2.0,444.77167863804675,-48.30706876078716,48.30706876078716,,,33.43543334808411,6.16646677757913,4.0,1.0,1.0,1.0,1.0,1.0,0.0,1.0,0.3531853952853701,0.8925443157710921,0.8173810680011018,,,,,-0.10239239615489223,0.0,0.42309445820608443,0.15519733694931304,0.4,2.0,6.112904224528446,0,train,SIMULATION_TRUTH_ONLY
3fc83940e2_216cec93_0_1,train_20261048,3fc83940e249cc58263630d3a8832d5388bd041634597615ec8fd548b0a391ff,216cec93185069d84716a438ab8318d56f818f9d2727dd3c1730cbe3a0983711,fred-features-2,count_rate,count / s,207.0,216.5,288.0,review_unscored,,complex_or_multi_peaked,multi_peak_single_component_fit,11.089537505180521,376.71827262814656,877.9551592241231,1.4290860058970034,9.5,71.5,81.0,38.0,14988.899099522027,87.93193761545717,43.23696403715854,0.24542060655681838,-1.2068928556141991,199.61899301943922,21.84645861712052,16.0,6.0,1.0,1.0,1.0,1.0,0.0,1.0,0.9303436334575648,0.8840431413037224,0.7957938135636374,6.779570008256953,35.63270687547005,125.17768943194693,392.3177411393807,-0.04365790165271813,0.0,0.0303213048419493,0.09150136641227494,0.2909090909090909,55.0,35.29818221992721,1,train,SIMULATION_TRUTH_ONLY
261ce6d640_216cec93_0_0,train_20261050,261ce6d640a95bb35f0937ab22c40c87b9d069fc7075268aec12060859ca074a,216cec93185069d84716a438ab8318d56f818f9d2727dd3c1730cbe3a0983711,fred-features-2,count_rate,count / s,356.0,365.5,367.0,review_unscored,,unresolved,correlated_residuals;parameter_near_bound,7.907864000014698,227.90140885988126,609.1124056097304,1.3741532872438358,9.5,1.5,11.0,3.0,971.6677721073271,101.28096838431145,36.8851668136968,1.0102000937220448,-0.8604265462967153,16.511275056836137,5.550020900232489,4.0,1.0,1.0,1.0,1.0,1.0,0.0,1.0,0.168234947216216,1.2525524273006297,1.6069673788439012,,,,,0.3398414349032361,0.0,0.22518146824441357,0.13276561496626452,0.3,3.0,7.880115950792343,0,train,SIMULATION_TRUTH_ONLY
261ce6d640_216cec93_0_1,train_20261050,261ce6d640a95bb35f0937ab22c40c87b9d069fc7075268aec12060859ca074a,216cec93185069d84716a438ab8318d56f818f9d2727dd3c1730cbe3a0983711,fred-features-2,count_rate,count / s,669.0,669.5,672.0,review_unscored,,fast_rise_slow_decay,,3.657017504920311,105.39375001834094,619.4188780386025,1.1701493993080603,0.5,2.5,3.0,3.0,284.25847631899,-3.5365646015360426,24.849644532960724,,,7.232007439991378,2.872016505841896,4.0,1.0,1.0,1.0,0.0,1.0,0.0,1.0,0.17012536590190508,0.9091003978358142,0.8485614887822742,276.6143412174126,1.042008621195068,5.954435619845409,122.6908624750473,0.23463776427244828,0.0,0.1777135190144278,0.2691681820198855,0.08333333333333333,3.0,12.989215814013228,0,train,SIMULATION_TRUTH_ONLY
261ce6d640_216cec93_0_2,train_20261050,261ce6d640a95bb35f0937ab22c40c87b9d069fc7075268aec12060859ca074a,216cec93185069d84716a438ab8318d56f818f9d2727dd3c1730cbe3a0983711,fred-features-2,count_rate,count / s,745.0,746.5,756.0,review_unscored,,unresolved,correlated_residuals;parameter_near_bound,8.49679425984186,244.8741382763933,622.148212365614,1.3935945381009784,1.5,9.5,11.0,11.0,2285.374032042545,74.08923516198774,27.30062884688465,0.3091357644189263,-1.524145136437205,82.83230496300379,10.16753467434334,4.0,1.0,1.0,1.0,1.0,1.0,0.0,1.0,0.6514980327679177,1.109534894131732,1.2613895453672417,,,,,0.4036922185210485,0.0,0.10166740621091096,0.13648059850597555,0.5,11.0,12.449394093247504,0,train,SIMULATION_TRUTH_ONLY
6a8fcfbdfb_216cec93_0_0,train_20261051,6a8fcfbdfb9c3d9a24851e3f1a536cfcd881299d8d85c21d9a6efacf9658e2d0,216cec93185069d84716a438ab8318d56f818f9d2727dd3c1730cbe3a0983711,fred-features-2,count_rate,count / s,99.0,101.5,103.0,review_unscored,,fast_rise_slow_decay,,3.808397408336483,113.5934705941471,593.9079172282884,1.191264449082068,2.5,1.5,4.0,4.0,294.72332320752366,29.369383204971825,48.15520457487935,-0.698864749440567,1.3925257275115133,7.428192499760839,2.7792531657022845,16.0,1.0,1.0,1.0,0.0,0.0,0.0,1.0,0.08033541819103596,1.0015783009971355,1.0288811210546756,177.7888078352807,1.3811534508737353,7.876810676416616,81.08345033468424,0.2467139554414391,0.0,0.22612499956340695,0.24572899442790763,0.16666666666666666,3.0,9.511185293966758,0,train,SIMULATION_TRUTH_ONLY
6a8fcfbdfb_216cec93_0_1,train_20261051,6a8fcfbdfb9c3d9a24851e3f1a536cfcd881299d8d85c21d9a6efacf9658e2d0,216cec93185069d84716a438ab8318d56f818f9d2727dd3c1730cbe3a0983711,fred-features-2,count_rate,count / s,106.0,106.5,109.0,review_unscored,,unresolved,parameter_near_bound;timescale_unresolved,4.768891377894158,142.24222538217828,594.2966341637667,1.239345500555168,0.5,2.5,3.0,3.0,371.7394380986482,37.98172547405284,46.48448176096974,,,6.175600926156421,2.5982242438050824,16.0,1.0,1.0,1.0,0.0,1.0,0.0,1.0,0.1233915150943844,1.0453227214748244,1.120861952650903,,,,,0.19522781831358946,0.0,0.2157972594641854,0.23905100319807157,0.14285714285714285,3.0,9.92936445346525,0,train,SIMULATION_TRUTH_ONLY
6a8fcfbdfb_216cec93_0_2,train_20261051,6a8fcfbdfb9c3d9a24851e3f1a536cfcd881299d8d85c21d9a6efacf9658e2d0,216cec93185069d84716a438ab8318d56f818f9d2727dd3c1730cbe3a0983711,fred-features-2,count_rate,count / s,212.0,225.5,267.0,review_unscored,,complex_or_multi_peaked,correlated_residuals;multi_peak_single_component_fit;parameter_near_bound,6.07438011241062,181.18117535905628,604.0068505601063,1.2999654311719209,13.5,41.5,55.0,43.0,5689.131200132291,43.866864643058136,62.55822978314984,-0.03608114437126634,-0.7032629798618446,29.370654706637474,8.002497690764194,16.0,4.0,1.0,1.0,1.0,1.0,0.0,1.0,0.6804133896339728,1.1189903642481556,1.2771822239858248,,,,,0.4536743270514852,0.0,0.03667794099335661,0.15286079954425155,0.17543859649122806,18.0,33.60298264693614,1,train,SIMULATION_TRUTH_ONLY
6a8fcfbdfb_216cec93_0_3,train_20261051,6a8fcfbdfb9c3d9a24851e3f1a536cfcd881299d8d85c21d9a6efacf9658e2d0,216cec93185069d84716a438ab8318d56f818f9d2727dd3c1730cbe3a0983711,fred-features-2,count_rate,count / s,399.0,413.5,416.0,review_unscored,,complex_or_multi_peaked,correlated_residuals;multi_peak_single_component_fit;parameter_near_bound,12.99664646157598,387.65234280012373,572.4784145550523,1.6771475272153606,14.5,2.5,17.0,16.0,5141.408664847675,199.50203261264835,72.57374292047598,-2.5842597161579515,8.906607452310784,245.87247743988615,17.80077872033266,16.0,2.0,1.0,1.0,1.0,1.0,0.0,1.0,0.7412386617310687,1.5449330056198625,2.443646991659662,,,,,0.6387406990029397,0.0,0.07318927921957902,0.09243616995247392,0.5294117647058824,17.0,15.413108300572645,0,train,SIMULATION_TRUTH_ONLY
6a8fcfbdfb_216cec93_0_4,train_20261051,6a8fcfbdfb9c3d9a24851e3f1a536cfcd881299d8d85c21d9a6efacf9658e2d0,216cec93185069d84716a438ab8318d56f818f9d2727dd3c1730cbe3a0983711,fred-features-2,count_rate,count / s,421.0,421.5,423.0,review_unscored,,unresolved,correlated_residuals;no_improvement_over_linear_background;parameter_near_bound;timescale_unresolved,1.879939093319437,56.07314132929412,571.6164144358667,1.098095750774815,0.5,1.5,2.0,2.0,98.07642677902095,-14.069855879567285,14.069855879567285,,,26.966402726876346,5.859833224037493,16.0,1.0,1.0,0.0,1.0,0.0,0.0,1.0,0.02150296018603015,1.1794564713249676,1.429759722410076,,,,,0.4675373316299444,0.0,0.07396204148220818,0.08997533772596321,0.5625,17.0,15.374354021218862,0,train,SIMULATION_TRUTH_ONLY
6a8fcfbdfb_216cec93_0_5,train_20261051,6a8fcfbdfb9c3d9a24851e3f1a536cfcd881299d8d85c21d9a6efacf9658e2d0,216cec93185069d84716a438ab8318d56f818f9d2727dd3c1730cbe3a0983711,fred-features-2,count_rate,count / s,611.0,611.5,612.0,review_unscored,,unresolved,insufficient_event_bins;single_bin_candidate,3.643251988819085,108.66766077329078,562.715605351051,1.1931129326074017,0.5,0.5,1.0,1.0,108.66766077329078,,,,,2.0251733098941997,1.423085840662537,4.0,1.0,1.0,1.0,0.0,0.0,0.0,0.0,,,,,,,,,,0.1670400093578052,0.2998628904855387,0.13043478260869565,1.0,12.736407249018965,0,train,SIMULATION_TRUTH_ONLY
ddf0891c40_216cec93_0_0,train_20261052,ddf0891c4094e05d18f334ae88d53c9ddc14d627363af2c4b3d821a2690d46ea,216cec93185069d84716a438ab8318d56f818f9d2727dd3c1730cbe3a0983711,fred-features-2,count_rate,count / s,106.0,106.5,107.0,review_unscored,,unresolved,insufficient_event_bins;single_bin_candidate,7.199700715830178,227.0975769815543,668.6197281855891,1.339651325571594,0.5,0.5,1.0,1.0,227.0975769815543,,,,,16.19583075253539,4.024404397241335,4.0,1.0,1.0,1.0,1.0,1.0,0.0,0.0,,,,,,,,,,0.5540181550226317,0.18725113945753144,0.2,1.0,5.217692049451411,0,train,SIMULATION_TRUTH_ONLY
ddf0891c40_216cec93_0_1,train_20261052,ddf0891c4094e05d18f334ae88d53c9ddc14d627363af2c4b3d821a2690d46ea,216cec93185069d84716a438ab8318d56f818f9d2727dd3c1730cbe3a0983711,fred-features-2,count_rate,count / s,320.0,339.5,367.0,review_unscored,,complex_or_multi_peaked,multi_peak_single_component_fit;parameter_near_bound,4.824636027494188,152.18176350758267,675.7385403730259,1.2252080566894619,19.5,27.5,47.0,38.0,3075.1064119965467,39.98228753444937,89.4011803180399,0.3140556696061379,0.9810081422503876,13.691325579871748,4.819424839333005,16.0,4.0,1.0,1.0,1.0,1.0,0.0,1.0,0.509392718682886,1.0443961400890893,1.1139710271656058,,,,,0.1265138301338955,0.0,0.06923350126994139,0.21939681046258516,0.041666666666666664,5.0,23.346390009123102,1,train,SIMULATION_TRUTH_ONLY
ddf0891c40_216cec93_0_2,train_20261052,ddf0891c4094e05d18f334ae88d53c9ddc14d627363af2c4b3d821a2690d46ea,216cec93185069d84716a438ab8318d56f818f9d2727dd3c1730cbe3a0983711,fred-features-2,count_rate,count / s,453.0,456.5,460.0,review_unscored,,fast_rise_slow_decay,,6.3354704269897155,199.83747099989796,652.2114953480962,1.30639979887696,3.5,3.5,7.0,4.0,692.7662402188387,53.62618460967792,97.98581798648155,0.12872023299742844,-1.10973473650715,32.66630567595556,7.520163248869912,4.0,1.0,1.0,1.0,1.0,1.0,0.0,1.0,0.3165207838001455,1.018855053310773,1.0656737478392626,340.78356852216314,1.3023140077187334,7.441718497410868,204.03899662441282,0.14255679692789486,0.0,0.2663294774295267,0.14647777131925593,0.16666666666666666,4.0,6.899063683086946,0,train,SIMULATION_TRUTH_ONLY
7964a3aeb6_216cec93_0_0,train_20261053,7964a3aeb63a2c2930d7dd417e35e556d7814619fdd73eebb48c875cf161ab26,216cec93185069d84716a438ab8318d56f818f9d2727dd3c1730cbe3a0983711,fred-features-2,count_rate,count / s,245.0,251.5,298.0,review_unscored,,complex_or_multi_peaked,correlated_residuals;multi_peak_single_component_fit,10.148691767882417,354.52988809445617,865.4973463992002,1.4096256211176568,6.5,46.5,53.0,17.0,6235.2344262235065,94.16151164416681,50.60323601568524,0.6135081211893336,-0.9072856167257211,33.210915363978486,10.255352660787283,16.0,2.0,1.0,1.0,1.0,1.0,0.0,1.0,0.8188493549582015,0.9636476523633579,0.947568161127971,,,,,0.5641435419710343,0.0,0.06559247948473693,0.08248937414910384,0.3076923076923077,23.0,18.619834372623654,1,train,SIMULATION_TRUTH_ONLY
7964a3aeb6_216cec93_0_1,train_20261053,7964a3aeb63a2c2930d7dd417e35e556d7814619fdd73eebb48c875cf161ab26,216cec93185069d84716a438ab8318d56f818f9d2727dd3c1730cbe3a0983711,fred-features-2,count_rate,count / s,377.0,379.5,380.0,review_unscored,,unresolved,correlated_residuals;parameter_near_bound;timescale_unresolved,13.586437080360737,474.6225550909321,850.9647376628668,1.5577464424606593,2.5,0.5,3.0,3.0,1404.1646202295037,7.624249816210067,-4.4545454108725835,,,60.83928244135393,8.293559594607496,4.0,1.0,1.0,1.0,1.0,1.0,0.0,1.0,0.6829813414656872,1.1273025886121706,1.3077533101955288,,,,,0.37317297411960004,0.0,0.29210058888081913,0.07073401611784362,1.0,3.0,4.865631747006475,0,train,SIMULATION_TRUTH_ONLY
7964a3aeb6_216cec93_0_2,train_20261053,7964a3aeb63a2c2930d7dd417e35e556d7814619fdd73eebb48c875cf161ab26,216cec93185069d84716a438ab8318d56f818f9d2727dd3c1730cbe3a0983711,fred-features-2,count_rate,count / s,469.0,473.5,474.0,review_unscored,,unresolved,optimizer_failed,10.976917918912845,383.4627723870873,845.8005330549082,1.4533725830156143,4.5,0.5,5.0,1.0,497.6801085915107,415.6119904305684,37.64690968079253,1.9574672111060594,4.1938555883770166,4.014188592751348,2.5392265077424248,4.0,1.0,1.0,1.0,0.0,1.0,0.0,0.0,,,,,,,,,,0.4459258244658729,0.09471042989280934,0.25,1.0,5.3651032992630086,0,train,SIMULATION_TRUTH_ONLY
7964a3aeb6_216cec93_0_3,train_20261053,7964a3aeb63a2c2930d7dd417e35e556d7814619fdd73eebb48c875cf161ab26,216cec93185069d84716a438ab8318d56f818f9d2727dd3c1730cbe3a0983711,fred-features-2,count_rate,count / s,564.0,569.5,574.0,review_unscored,,unresolved,correlated_residuals;parameter_near_bound,8.761065976909617,306.0551853798207,836.5854269895402,1.3658385330487561,5.5,4.5,10.0,10.0,2541.408351218679,47.374264867365696,43.38798360062947,-0.35105243640234124,-0.8368534741075075,42.6572452780433,8.217086125009269,4.0,1.0,1.0,1.0,1.0,1.0,0.0,1.0,0.640131894182665,1.1220155832379635,1.2903919432545479,,,,,0.5685060678130536,0.0,0.11623340743963441,0.11004025521278422,0.5,10.0,10.911537627183632,0,train,SIMULATION_TRUTH_ONLY
129893a8a9_216cec93_0_0,train_20261054,129893a8a958468d7971c4c8defcc49cfdc23d1e40cc086fdb716b160c767095,216cec93185069d84716a438ab8318d56f818f9d2727dd3c1730cbe3a0983711,fred-features-2,count_rate,count / s,187.0,189.5,190.0,review_unscored,,unresolved,correlated_residuals;timescale_unresolved,8.780013235339066,296.3810658218888,815.7850968308906,1.363307771830168,2.5,0.5,3.0,3.0,803.2451002620053,40.389647546321044,-5.118802111019022,,,38.55879816373953,6.662900428311043,4.0,1.0,1.0,1.0,1.0,1.0,0.0,1.0,0.4258078025618487,1.1340169336027985,1.32232193128258,,,,,0.34418935487384106,0.0,0.2898570515502095,0.12689221095933348,0.5,3.0,6.8677209456232795,0,train,SIMULATION_TRUTH_ONLY
129893a8a9_216cec93_0_1,train_20261054,129893a8a958468d7971c4c8defcc49cfdc23d1e40cc086fdb716b160c767095,216cec93185069d84716a438ab8318d56f818f9d2727dd3c1730cbe3a0983711,fred-features-2,count_rate,count / s,269.0,282.5,294.0,review_unscored,,unresolved,correlated_residuals;parameter_near_bound,9.713235934389672,327.8832436409997,821.1902618985506,1.3992780465795467,13.5,11.5,25.0,14.0,5260.928358071189,50.33111216167458,49.09145626904626,0.022034670524810295,-1.4226122802595793,48.29232678838466,8.767368992536154,16.0,1.0,1.0,1.0,1.0,1.0,0.0,1.0,0.706540038996109,1.258045233566437,1.6191450403374623,,,,,0.5366166757605764,0.0,0.06334997443127575,0.09928273762585853,0.2962962962962963,25.0,18.642064247295433,1,train,SIMULATION_TRUTH_ONLY
129893a8a9_216cec93_0_2,train_20261054,129893a8a958468d7971c4c8defcc49cfdc23d1e40cc086fdb716b160c767095,216cec93185069d84716a438ab8318d56f818f9d2727dd3c1730cbe3a0983711,fred-features-2,count_rate,count / s,465.0,468.5,470.0,review_unscored,,unresolved,timescale_unresolved,10.4943203209237,354.2497896555344,810.2360917313765,1.4372179828456486,3.5,1.5,5.0,3.0,1132.8428762161516,154.46944744949826,18.627422376117124,-0.6031874405078457,-3.304855738668217,44.976710265382586,8.380261856184797,4.0,1.0,1.0,1.0,1.0,1.0,0.0,1.0,0.5635900081256047,1.019280186307647,1.0649054006543353,,,,,0.21607210651274344,0.0,0.2912557228085278,0.10389912205038015,1.0,3.0,5.84416818347957,0,train,SIMULATION_TRUTH_ONLY
129893a8a9_216cec93_0_3,train_20261054,129893a8a958468d7971c4c8defcc49cfdc23d1e40cc086fdb716b160c767095,216cec93185069d84716a438ab8318d56f818f9d2727dd3c1730cbe3a0983711,fred-features-2,count_rate,count / s,777.0,783.5,795.0,review_unscored,,unresolved,correlated_residuals;parameter_near_bound,12.76422356042972,430.8734032429884,750.1158468097065,1.5744091463678873,6.5,11.5,18.0,15.0,5992.994802350314,179.4100721946835,155.5027829455409,-1.6342992011398447,1.5131423049414563,89.44727080798309,10.82484884938379,16.0,1.0,1.0,1.0,1.0,1.0,0.0,1.0,0.8129227479623378,1.3231084864595464,1.7917103408131327,,,,,0.5796711996612779,0.0,0.07186699213737763,0.07784799260689473,0.8125,17.0,15.808230688564239,0,train,SIMULATION_TRUTH_ONLY
c89ec5b1e6_216cec93_0_0,train_20261056,c89ec5b1e62acef70b9f0e9f329535facc671d1d0cb562350cc6ddcf1c8c8d65,216cec93185069d84716a438ab8318d56f818f9d2727dd3c1730cbe3a0983711,fred-features-2,count_rate,count / s,179.0,179.5,180.0,review_unscored,,unresolved,insufficient_event_bins;single_bin_candidate,5.192078386653832,157.62390949861071,640.0586418363117,1.2462647938732485,0.5,0.5,1.0,1.0,157.62390949861071,,,,,1.6239605240691004,1.2743470971713713,4.0,1.0,1.0,1.0,0.0,0.0,0.0,0.0,,,,,,,,,,0.586749323903114,0.2233477280312774,0.1111111111111111,1.0,7.056365672121352,0,train,SIMULATION_TRUTH_ONLY
c89ec5b1e6_216cec93_0_1,train_20261056,c89ec5b1e62acef70b9f0e9f329535facc671d1d0cb562350cc6ddcf1c8c8d65,216cec93185069d84716a438ab8318d56f818f9d2727dd3c1730cbe3a0983711,fred-features-2,count_rate,count / s,738.0,748.5,759.0,review_unscored,,complex_or_multi_peaked,multi_peak_single_component_fit;parameter_near_bound,6.9258177333812405,210.25770150475626,619.8499045172404,1.3392074435641188,10.5,10.5,21.0,19.0,3305.9558179202795,81.23681836249273,161.52596432501934,-1.3492110614871595,2.4133997930692157,143.23051725824257,14.045564692915276,16.0,2.0,1.0,1.0,1.0,1.0,0.0,1.0,0.6290281224606795,1.12884367110605,1.3040611186979632,,,,,0.17083737863501777,0.0,0.0627546973460987,0.1734248516913275,0.35714285714285715,20.0,19.969605033590746,0,train,SIMULATION_TRUTH_ONLY
c89ec5b1e6_216cec93_0_2,train_20261056,c89ec5b1e62acef70b9f0e9f329535facc671d1d0cb562350cc6ddcf1c8c8d65,216cec93185069d84716a438ab8318d56f818f9d2727dd3c1730cbe3a0983711,fred-features-2,count_rate,count / s,762.0,762.5,764.0,review_unscored,,unresolved,no_improvement_over_linear_background;timescale_unresolved,2.7117126403837575,82.32363149847527,619.6240190554788,1.1328606202580154,0.5,1.5,2.0,2.0,142.6841880342448,-21.96307496270572,21.96307496270572,,,18.141590914060306,4.76088511608294,16.0,1.0,1.0,0.0,1.0,0.0,0.0,1.0,0.057868563126055594,0.9980485189070077,1.0243991655837352,,,,,-0.03817734070369413,0.0,0.06237690379710889,0.18391873173507725,0.35714285714285715,20.0,20.76203337136665,0,train,SIMULATION_TRUTH_ONLY
8b04244b44_216cec93_0_0,train_20261057,8b04244b44b00bdec7cdfc158887d666b153ccdeda29b3e72b65e7a2cea7947c,216cec93185069d84716a438ab8318d56f818f9d2727dd3c1730cbe3a0983711,fred-features-2,count_rate,count / s,308.0,310.5,327.0,review_unscored,,unresolved,parameter_near_bound,3.4615897814011882,109.187684723041,657.8793715288076,1.1659691570345276,2.5,16.5,19.0,18.0,1419.506171676739,42.20213812387101,42.33830913163939,-0.6784055096303904,-0.6140439316903086,47.183194837439544,7.976330277958204,16.0,1.0,1.0,0.0,1.0,1.0,0.0,1.0,0.3953431337831611,0.8697136251663129,0.774074728813947,,,,,0.27694583795558686,0.0,0.08785753958237376,0.2425308127172971,0.25806451612903225,9.0,19.40653837769724,1,train,SIMULATION_TRUTH_ONLY
9e5be1b4b4_216cec93_0_0,train_20261058,9e5be1b4b4cf1ec3d3d604124f200b965d501ce92a7e324819da893f2a5efe10,216cec93185069d84716a438ab8318d56f818f9d2727dd3c1730cbe3a0983711,fred-features-2,count_rate,count / s,226.0,230.5,255.0,review_unscored,,complex_or_multi_peaked,multi_peak_single_component_fit,3.4136987065419184,126.37770666462995,894.9270653601283,1.1412156493599557,4.5,24.5,29.0,24.0,1770.9519598938987,47.62297114537631,72.7466608807959,-0.34203860755932824,-0.27601085811632853,30.256545843306377,7.347707690841241,16.0,3.0,1.0,0.0,1.0,1.0,0.0,1.0,0.3440965023287117,0.9126303925837359,0.8514856226074448,5.970777096047482,16.24480458103731,61.45721432745443,99.78350665292524,0.009333535678280715,0.0,0.08776531667528673,0.29236386864986336,0.18181818181818182,4.0,19.224962353894565,1,train,SIMULATION_TRUTH_ONLY
9e5be1b4b4_216cec93_0_1,train_20261058,9e5be1b4b4cf1ec3d3d604124f200b965d501ce92a7e324819da893f2a5efe10,216cec93185069d84716a438ab8318d56f818f9d2727dd3c1730cbe3a0983711,fred-features-2,count_rate,count / s,477.0,477.5,478.0,review_unscored,,unresolved,insufficient_event_bins;single_bin_candidate,1.8948105643996331,70.14731945553388,880.565494452785,1.0796616718431897,0.5,0.5,1.0,1.0,70.14731945553388,,,,,20.474222238080518,4.524844996028098,16.0,1.0,1.0,0.0,1.0,0.0,0.0,0.0,,,,,,,,,,0.15130629935077206,0.173736899696425,0.1111111111111111,6.0,10.15373957542775,0,train,SIMULATION_TRUTH_ONLY
9e5be1b4b4_216cec93_0_2,train_20261058,9e5be1b4b4cf1ec3d3d604124f200b965d501ce92a7e324819da893f2a5efe10,216cec93185069d84716a438ab8318d56f818f9d2727dd3c1730cbe3a0983711,fred-features-2,count_rate,count / s,481.0,483.5,488.0,review_unscored,,unresolved,parameter_near_bound,6.559174673986284,242.82560476780304,880.5028095229538,1.2757806132377512,2.5,4.5,7.0,6.0,1231.7077709050773,36.038446848381795,116.02653833092279,-1.5134762490923581,3.270652660876456,95.26465119177301,12.35132294277054,4.0,1.0,1.0,1.0,1.0,1.0,0.0,1.0,0.499871860970477,0.8867824719958873,0.8059449226052846,,,,,-0.004300857770902522,0.0,0.15369953762984925,0.17732979925856998,0.1111111111111111,6.0,10.037995237708989,0,train,SIMULATION_TRUTH_ONLY
9e5be1b4b4_216cec93_0_3,train_20261058,9e5be1b4b4cf1ec3d3d604124f200b965d501ce92a7e324819da893f2a5efe10,216cec93185069d84716a438ab8318d56f818f9d2727dd3c1730cbe3a0983711,fred-features-2,count_rate,count / s,599.0,601.5,604.0,review_unscored,,unresolved,no_improvement_over_linear_background;parameter_near_bound,3.1907419883156316,118.12368041418404,884.9366343454499,1.1334826425188682,2.5,2.5,5.0,5.0,355.093651509397,25.808425398095892,44.66647910645793,-0.12252451141737197,1.0941598146783758,13.635132288564142,4.618228824588635,4.0,1.0,1.0,0.0,1.0,0.0,0.0,1.0,0.07745335562652655,0.977845296890323,0.9800859602667868,,,,,-0.08883020450026649,0.0,0.16809250380916158,0.34560702769713575,0.038461538461538464,1.0,12.919108928898746,0,train,SIMULATION_TRUTH_ONLY
9e5be1b4b4_216cec93_0_4,train_20261058,9e5be1b4b4cf1ec3d3d604124f200b965d501ce92a7e324819da893f2a5efe10,216cec93185069d84716a438ab8318d56f818f9d2727dd3c1730cbe3a0983711,fred-features-2,count_rate,count / s,729.0,729.5,730.0,review_unscored,,unresolved,insufficient_event_bins;single_bin_candidate,6.014226574887208,222.65121419156048,892.136519068777,1.2495707881389797,0.5,0.5,1.0,1.0,222.65121419156048,,,,,5.885741175153413,2.4260546521365534,16.0,1.0,1.0,1.0,0.0,1.0,0.0,0.0,,,,,,,,,,0.3591716392637111,0.21472567080442673,0.07142857142857142,1.0,7.183997380020544,0,train,SIMULATION_TRUTH_ONLY
e03e9289c2_216cec93_0_0,train_20261059,e03e9289c24a8df3f2353e2e382bc989846c1c6c3e5a91e1c2c2f84fcad758a3,216cec93185069d84716a438ab8318d56f818f9d2727dd3c1730cbe3a0983711,fred-features-2,count_rate,count / s,213.0,219.5,225.0,review_unscored,,unresolved,parameter_near_bound,5.888790330947259,354.42045457636505,2455.059464407836,1.1443632872093596,6.5,5.5,12.0,3.0,2054.9674389879956,95.32812171654382,137.554533671233,0.20448815391392924,1.1498456421792165,34.398846297580064,7.663301178825682,4.0,1.0,1.0,1.0,1.0,1.0,0.0,1.0,0.3604500990487446,0.9518455796042158,0.9278943071080292,,,,,0.02817660253315689,0.0,0.17710031527895126,0.16954469212397208,0.05263157894736842,9.0,10.957282930188667,1,train,SIMULATION_TRUTH_ONLY
e03e9289c2_216cec93_0_1,train_20261059,e03e9289c24a8df3f2353e2e382bc989846c1c6c3e5a91e1c2c2f84fcad758a3,216cec93185069d84716a438ab8318d56f818f9d2727dd3c1730cbe3a0983711,fred-features-2,count_rate,count / s,414.0,416.5,417.0,review_unscored,,unresolved,timescale_unresolved,3.67184386165383,220.99217283075677,2458.2550864198647,1.089897982537119,2.5,0.5,3.0,2.0,454.178260678309,78.26874357691804,-52.26077066012522,,,6.022827014104924,2.9739745392906833,4.0,1.0,1.0,1.0,0.0,0.0,0.0,1.0,0.06751786667073523,1.1101507449927208,1.2635567644010217,,,,,-0.020812028376734095,0.0,0.2391984245021548,0.36046697159534913,0.05263157894736842,2.0,9.829405627751989,0,train,SIMULATION_TRUTH_ONLY
5ea67c3022_216cec93_0_0,train_20261060,5ea67c302264b83bf7f694c50cdac2e95438b2117c0e6821ebf1b1a6b3a1fe8a,216cec93185069d84716a438ab8318d56f818f9d2727dd3c1730cbe3a0983711,fred-features-2,count_rate,count / s,285.0,303.5,319.0,review_unscored,,unresolved,correlated_residuals,4.180902153582584,115.90685013128973,553.2327042847023,1.209508312204989,18.5,15.5,34.0,28.0,2323.798539242972,23.23123756537558,31.02942405477461,-0.3393295720184211,-0.12353027841496189,15.361679607879644,5.366667309298343,16.0,1.0,1.0,1.0,1.0,1.0,0.0,1.0,0.49220218661967086,1.036831356006189,1.0984912970595893,,,,,0.42501002252152636,0.0,0.06114689823342566,0.20999228501214257,0.13157894736842105,19.0,23.661052637262465,1,train,SIMULATION_TRUTH_ONLY
5ea67c3022_216cec93_0_1,train_20261060,5ea67c302264b83bf7f694c50cdac2e95438b2117c0e6821ebf1b1a6b3a1fe8a,216cec93185069d84716a438ab8318d56f818f9d2727dd3c1730cbe3a0983711,fred-features-2,count_rate,count / s,428.0,429.5,431.0,review_unscored,,unresolved,timescale_unresolved,13.37771281414114,370.86937155882026,557.5462712180631,1.6651813323916371,1.5,1.5,3.0,3.0,1018.5865490755568,22.83656677333579,71.18499882756817,,,87.05443934248679,9.860468671112335,4.0,1.0,1.0,1.0,1.0,1.0,0.0,1.0,0.6624484302879171,1.024731838127097,1.076592394113544,,,,,0.1996732270103013,0.0,0.31691120166873965,0.0840409201294581,1.0,3.0,4.86921789458263,0,train,SIMULATION_TRUTH_ONLY
5ea67c3022_216cec93_0_2,train_20261060,5ea67c302264b83bf7f694c50cdac2e95438b2117c0e6821ebf1b1a6b3a1fe8a,216cec93185069d84716a438ab8318d56f818f9d2727dd3c1730cbe3a0983711,fred-features-2,count_rate,count / s,713.0,725.5,728.0,review_unscored,,complex_or_multi_peaked,correlated_residuals;multi_peak_single_component_fit;parameter_near_bound,8.2283305832626,228.11341780091425,553.9250570682783,1.4118127802490732,12.5,2.5,15.0,13.0,2236.7832192777923,76.92622829126356,46.798356048928895,-1.295976975899197,1.6846582614764243,37.203158462716814,6.70688862670854,16.0,2.0,1.0,1.0,1.0,1.0,0.0,1.0,0.5842575492946954,1.1169572367901641,1.2772980752183463,,,,,0.371161254808609,0.0,0.10219158569988449,0.12437715395548697,0.25,13.0,13.10008395074721,0,train,SIMULATION_TRUTH_ONLY
d6e92e04b0_216cec93_0_0,train_20261062,d6e92e04b058b2ed41f4c22734479d0839ae6827d5188a77f742ef1ef7f16652,216cec93185069d84716a438ab8318d56f818f9d2727dd3c1730cbe3a0983711,fred-features-2,count_rate,count / s,199.0,199.5,200.0,review_unscored,,unresolved,insufficient_event_bins;single_bin_candidate,3.5338472703447987,113.34119068813823,707.0382155144373,1.1603041931837754,0.5,0.5,1.0,1.0,113.34119068813823,,,,,0.019040174410972447,0.13798613847402372,4.0,1.0,1.0,1.0,0.0,0.0,0.0,0.0,,,,,,,,,,0.2752280340922109,0.2569095719899819,0.045454545454545456,1.0,10.502002027911528,0,train,SIMULATION_TRUTH_ONLY
d6e92e04b0_216cec93_0_1,train_20261062,d6e92e04b058b2ed41f4c22734479d0839ae6827d5188a77f742ef1ef7f16652,216cec93185069d84716a438ab8318d56f818f9d2727dd3c1730cbe3a0983711,fred-features-2,count_rate,count / s,265.0,266.5,267.0,review_unscored,,unresolved,correlated_residuals;parameter_near_bound;timescale_unresolved,8.483087003234772,272.0783067582564,709.5416520735437,1.3834564270654763,1.5,0.5,2.0,2.0,519.3035718965675,24.853041619945316,-24.853041619945316,,,18.659014815896697,4.42697869305974,4.0,1.0,1.0,1.0,1.0,1.0,0.0,1.0,0.3968330492915747,0.9908742660150893,1.0068785409246905,,,,,0.4190737934648415,0.0,0.35910481250479925,0.11702361154742125,0.3333333333333333,2.0,6.1706002433976925,0,train,SIMULATION_TRUTH_ONLY
d6e92e04b0_216cec93_0_2,train_20261062,d6e92e04b058b2ed41f4c22734479d0839ae6827d5188a77f742ef1ef7f16652,216cec93185069d84716a438ab8318d56f818f9d2727dd3c1730cbe3a0983711,fred-features-2,count_rate,count / s,794.0,795.5,803.0,review_unscored,,unresolved,correlated_residuals;parameter_near_bound,4.915496748729602,157.65487631567225,733.7823357264422,1.214852373298949,1.5,7.5,9.0,9.0,1028.4241365739194,68.48248220255186,42.909691309574214,0.09385668806949801,-1.2651735534822306,15.168814923400314,4.604109274272411,4.0,1.0,1.0,1.0,1.0,1.0,0.0,1.0,0.3262295834659926,1.042324776157187,1.113466832995884,,,,,0.4854867988282233,0.0,0.12295044080697129,0.18465817136325058,0.16,9.0,14.041692456687594,0,train,SIMULATION_TRUTH_ONLY
fcf68efa39_216cec93_0_0,train_20261063,fcf68efa3996b46e62724769de878e5d1ebad6915b50e67e2f07d2a44e6f744a,216cec93185069d84716a438ab8318d56f818f9d2727dd3c1730cbe3a0983711,fred-features-2,count_rate,count / s,156.0,156.5,158.0,review_unscored,,unresolved,timescale_unresolved,6.491151249643403,317.53888222362184,1952.5812574933798,1.162625181925213,0.5,1.5,2.0,2.0,579.4258380454812,-55.651926401762466,55.651926401762466,,,13.56176883960656,3.831836392638579,4.0,1.0,1.0,1.0,0.0,1.0,0.0,1.0,0.2390823755101995,1.0622108739063898,1.156928791930382,,,,,0.021246236112309098,0.0,0.329832760652781,0.21910703116503566,0.18181818181818182,2.0,7.583731698039916,0,train,SIMULATION_TRUTH_ONLY
fcf68efa39_216cec93_0_1,train_20261063,fcf68efa3996b46e62724769de878e5d1ebad6915b50e67e2f07d2a44e6f744a,216cec93185069d84716a438ab8318d56f818f9d2727dd3c1730cbe3a0983711,fred-features-2,count_rate,count / s,293.0,301.5,351.0,review_unscored,,complex_or_multi_peaked,multi_peak_single_component_fit,10.382450536906815,507.89630551476466,1959.1023207631333,1.2592495042918037,8.5,49.5,58.0,25.0,11794.482229581556,145.44884504037987,71.11450262002677,0.4269788809864349,-1.147371019599027,63.961354479134734,14.334887819543852,16.0,5.0,1.0,1.0,1.0,1.0,0.0,1.0,0.8364439962012532,1.0576315878442246,1.1406909901435618,11.33264814110013,13.782861401805523,58.33482733772133,487.93032091306947,0.06786784613028272,0.0,0.04853794458592867,0.1142902348536479,0.24324324324324326,31.0,24.017995015102493,1,train,SIMULATION_TRUTH_ONLY
fcf68efa39_216cec93_0_2,train_20261063,fcf68efa3996b46e62724769de878e5d1ebad6915b50e67e2f07d2a44e6f744a,216cec93185069d84716a438ab8318d56f818f9d2727dd3c1730cbe3a0983711,fred-features-2,count_rate,count / s,463.0,466.5,477.0,review_unscored,,unresolved,parameter_near_bound,10.467920597298642,512.0773924123928,1927.4681789490082,1.2656735908821144,3.5,10.5,14.0,11.0,5488.812507032211,180.38563049787388,278.8549419265196,-1.3574509939945196,0.24580283642236456,121.84730085052772,14.116241888203778,4.0,1.0,1.0,1.0,1.0,1.0,0.0,1.0,0.7400209945411353,1.2161810754097209,1.5144814897202654,,,,,0.26799629936896596,0.0,0.09239076094277335,0.11590132076591818,0.75,12.0,13.544354202582163,0,train,SIMULATION_TRUTH_ONLY
80587e1ed7_216cec93_0_0,train_20261064,80587e1ed7a8ee07766b92a1b40a33d798ec14934572af4e627d164d04c0085e,216cec93185069d84716a438ab8318d56f818f9d2727dd3c1730cbe3a0983711,fred-features-2,count_rate,count / s,78.0,78.5,80.0,review_unscored,,unresolved,correlated_residuals;no_improvement_over_linear_background;timescale_unresolved,3.6422537651014752,110.10418661809422,642.0359101564375,1.1714922559257883,0.5,1.5,2.0,2.0,166.94919586720982,-53.25917736897861,53.25917736897861,,,1.3913665992434874,1.3557916578531513,4.0,1.0,1.0,1.0,0.0,0.0,0.0,1.0,0.10062641693847263,1.007093446444243,1.0478212234428281,,,,,0.5742039292532145,0.0,0.06875854153868853,0.07405517089277765,0.7647058823529411,16.0,17.130532831982336,0,train,SIMULATION_TRUTH_ONLY
80587e1ed7_216cec93_0_1,train_20261064,80587e1ed7a8ee07766b92a1b40a33d798ec14934572af4e627d164d04c0085e,216cec93185069d84716a438ab8318d56f818f9d2727dd3c1730cbe3a0983711,fred-features-2,count_rate,count / s,106.0,125.5,130.0,review_unscored,,unresolved,correlated_residuals;parameter_near_bound,11.887101252919242,359.3433349538009,638.1118851908514,1.5631353110533677,19.5,4.5,24.0,20.0,6325.903666975888,73.35357879429216,135.92781130708318,-1.3954887376153282,0.6193385066904051,210.8007222908029,18.200264116969212,16.0,1.0,1.0,1.0,1.0,1.0,0.0,1.0,0.7753802178598285,1.4491351295849837,2.1483795506128938,,,,,0.7812498581867847,0.0,0.05829611192119323,0.07624477654600488,0.7272727272727273,22.0,18.849544287539587,0,train,SIMULATION_TRUTH_ONLY
80587e1ed7_216cec93_0_2,train_20261064,80587e1ed7a8ee07766b92a1b40a33d798ec14934572af4e627d164d04c0085e,216cec93185069d84716a438ab8318d56f818f9d2727dd3c1730cbe3a0983711,fred-features-2,count_rate,count / s,272.0,282.5,314.0,review_unscored,,complex_or_multi_peaked,correlated_residuals;multi_peak_single_component_fit;parameter_near_bound,12.136690213204007,366.88833078147195,626.810592466868,1.5853256712487114,10.5,31.5,42.0,26.0,8685.057864066817,48.3714360034578,46.542873326882045,0.14839244870857968,-1.0982312127622458,129.1121934385325,17.185664658889536,16.0,2.0,1.0,1.0,1.0,1.0,0.0,1.0,0.8518600553032735,1.1751138620017372,1.4100253437038412,,,,,0.6608495415628979,0.0,0.044758180702725185,0.07420550027580132,0.21951219512195122,41.0,25.097321622418384,1,train,SIMULATION_TRUTH_ONLY
80587e1ed7_216cec93_0_3,train_20261064,80587e1ed7a8ee07766b92a1b40a33d798ec14934572af4e627d164d04c0085e,216cec93185069d84716a438ab8318d56f818f9d2727dd3c1730cbe3a0983711,fred-features-2,count_rate,count / s,625.0,625.5,626.0,review_unscored,,unresolved,insufficient_event_bins;single_bin_candidate,9.853809253359758,297.8775568376135,648.8609001261283,1.45907768025429,0.5,0.5,1.0,1.0,297.8775568376135,,,,,7.613123391100981,2.759188900945526,4.0,1.0,1.0,1.0,0.0,1.0,0.0,0.0,,,,,,,,,,0.5934574369415354,0.10807175761063686,0.3333333333333333,1.0,4.085871081849109,0,train,SIMULATION_TRUTH_ONLY
4a5418fb04_216cec93_0_0,train_20261065,4a5418fb047625d2eb01925618ec12e6e2bce76f4034def34bca985c08089252,216cec93185069d84716a438ab8318d56f818f9d2727dd3c1730cbe3a0983711,fred-features-2,count_rate,count / s,21.0,21.5,26.0,review_unscored,,unresolved,no_improvement_over_linear_background;parameter_near_bound;timescale_unresolved,3.531213715815749,169.27537957636946,1553.5376022240778,1.1089612374583218,0.5,4.5,5.0,5.0,272.8947689495442,107.33323784369895,249.78378134019863,-0.437188921003517,-0.617501556789442,5.163648838279185,2.7233221768262186,4.0,1.0,1.0,1.0,0.0,0.0,0.0,1.0,0.09552250750858426,0.9490823736181799,0.9379787300909295,,,,,-0.11746266591750369,0.0,0.27968248680588226,0.3891257356381686,0.1111111111111111,1.0,8.558316385232466,0,train,SIMULATION_TRUTH_ONLY
4a5418fb04_216cec93_0_1,train_20261065,4a5418fb047625d2eb01925618ec12e6e2bce76f4034def34bca985c08089252,216cec93185069d84716a438ab8318d56f818f9d2727dd3c1730cbe3a0983711,fred-features-2,count_rate,count / s,215.0,238.5,264.0,review_unscored,,complex_or_multi_peaked,correlated_residuals;multi_peak_single_component_fit;parameter_near_bound,8.912724189695059,427.248218795954,1561.364860473418,1.2736376548569237,23.5,25.5,49.0,30.0,10778.072860993136,55.39614693725218,76.15215389167474,0.009792312639462081,-0.9326291056128131,112.23765561718271,16.741718949917043,16.0,3.0,1.0,1.0,1.0,1.0,0.0,1.0,0.7679471643424213,1.1303435028492814,1.3038583285818135,,,,,0.3264472152657519,0.0,0.04396313822790154,0.10915693113391585,0.2222222222222222,39.0,26.644413226008183,1,train,SIMULATION_TRUTH_ONLY
4a5418fb04_216cec93_0_2,train_20261065,4a5418fb047625d2eb01925618ec12e6e2bce76f4034def34bca985c08089252,216cec93185069d84716a438ab8318d56f818f9d2727dd3c1730cbe3a0983711,fred-features-2,count_rate,count / s,584.0,584.5,587.0,review_unscored,,unresolved,no_improvement_over_linear_background;parameter_near_bound,4.082206065615822,195.68823551265677,1498.4685751842421,1.1305921517163589,0.5,2.5,3.0,3.0,471.82116593478895,-18.750180850524202,77.74317890213297,,,7.159714575897503,3.315656030494215,4.0,1.0,1.0,1.0,0.0,1.0,0.0,1.0,0.022727636321152822,1.0423376664265604,1.1139038666811523,,,,,0.017732279927352032,0.0,0.20891257189540174,0.3086581401883349,0.07692307692307693,3.0,11.810479964648177,0,train,SIMULATION_TRUTH_ONLY
f96721e5dd_216cec93_0_0,train_20261066,f96721e5dd1fc2fd761268b91484d3abfe7ad8186ba5641390aa3822a6cbb428,216cec93185069d84716a438ab8318d56f818f9d2727dd3c1730cbe3a0983711,fred-features-2,count_rate,count / s,311.0,325.5,350.0,review_unscored,,complex_or_multi_peaked,multi_peak_single_component_fit;parameter_near_bound,7.44925612693969,282.0430000179922,978.7813544611995,1.2881573077914337,14.5,24.5,39.0,21.0,4683.247384546446,65.29624819919678,75.63552273760274,0.25564993443744904,-0.9536561472010616,116.69633501123823,16.449495016453955,16.0,2.0,1.0,1.0,1.0,1.0,0.0,1.0,0.6514293707346064,1.0256606817413974,1.0744580356529256,,,,,0.24847687510677052,0.0,0.07216402960020026,0.14038058206262233,0.10344827586206896,22.0,17.984407528654504,1,train,SIMULATION_TRUTH_ONLY
6a04899e0a_216cec93_0_0,train_20261068,6a04899e0aef9420c023065d1ab702e7a4e1fbbae3cf935ed8d0db5195e22ba8,216cec93185069d84716a438ab8318d56f818f9d2727dd3c1730cbe3a0983711,fred-features-2,count_rate,count / s,506.0,511.5,527.0,review_unscored,,unresolved,parameter_near_bound,6.817951080410804,204.5576727013962,632.2994886499527,1.323513898671902,5.5,15.5,21.0,21.0,3433.0276074196636,19.771173678542368,26.65304023544894,0.19942584676925876,-0.5976401617488829,253.4854490930553,18.886548933615224,16.0,1.0,1.0,1.0,1.0,1.0,0.0,1.0,0.6747048114113599,1.0633638133164476,1.1574110570055878,,,,,0.24137066113554556,0.0,0.058462598154986,0.13620232794107703,0.42857142857142855,21.0,20.68993327911519,0,train,SIMULATION_TRUTH_ONLY
6a04899e0a_216cec93_0_1,train_20261068,6a04899e0aef9420c023065d1ab702e7a4e1fbbae3cf935ed8d0db5195e22ba8,216cec93185069d84716a438ab8318d56f818f9d2727dd3c1730cbe3a0983711,fred-features-2,count_rate,count / s,597.0,598.5,600.0,review_unscored,,unresolved,timescale_unresolved,5.074809145083831,152.2585210540352,640.8820943158659,1.237576494029794,1.5,1.5,3.0,3.0,446.09933055898966,4.599461211995731,6.076771391120246,,,25.940850035403624,5.4961228072659205,4.0,1.0,1.0,1.0,1.0,1.0,0.0,1.0,0.28617653254474384,0.9618024531083855,0.9513441849077314,,,,,0.09299156693024192,0.0,0.21871067521236545,0.20857535308438774,0.2,3.0,9.979553256707598,0,train,SIMULATION_TRUTH_ONLY
6a04899e0a_216cec93_0_2,train_20261068,6a04899e0aef9420c023065d1ab702e7a4e1fbbae3cf935ed8d0db5195e22ba8,216cec93185069d84716a438ab8318d56f818f9d2727dd3c1730cbe3a0983711,fred-features-2,count_rate,count / s,602.0,602.5,603.0,review_unscored,,unresolved,insufficient_event_bins;single_bin_candidate,1.916014726448692,57.48582069326483,641.2046089240657,1.089652850109305,0.5,0.5,1.0,1.0,57.48582069326483,,,,,17.050530145482917,4.129228759161076,16.0,1.0,1.0,0.0,1.0,0.0,0.0,0.0,,,,,,,,,,0.21990119690220208,0.21138296574012896,0.21428571428571427,3.0,9.58022091140962,0,train,SIMULATION_TRUTH_ONLY
b15a113e83_216cec93_0_0,train_20261069,b15a113e831a4ed9b0a333f5d68443ea2b92b063495e21b8f013083626e03859,216cec93185069d84716a438ab8318d56f818f9d2727dd3c1730cbe3a0983711,fred-features-2,count_rate,count / s,115.0,116.5,139.0,review_unscored,,unresolved,correlated_residuals;parameter_near_bound;timescale_unresolved,13.723427788408465,412.3771049183573,622.1040122867886,1.6628748517510805,1.5,22.5,24.0,2.0,1203.8547908142443,48.057614478816674,204.94881025453293,2.9154554908995767,7.887333089277043,5.530377554487735,5.3222523211886665,4.0,1.0,1.0,1.0,1.0,1.0,0.0,1.0,0.5259644272083235,1.1844058989808823,1.4348451265439246,,,,,0.5766283779495185,0.0,0.34998987610206544,0.07888511792553607,0.6666666666666666,2.0,4.94555648370088,0,train,SIMULATION_TRUTH_ONLY
b15a113e83_216cec93_0_1,train_20261069,b15a113e831a4ed9b0a333f5d68443ea2b92b063495e21b8f013083626e03859,216cec93185069d84716a438ab8318d56f818f9d2727dd3c1730cbe3a0983711,fred-features-2,count_rate,count / s,239.0,271.5,302.0,review_unscored,,complex_or_multi_peaked,correlated_residuals;multi_peak_single_component_fit;parameter_near_bound,7.8599788672362685,236.18554926401953,652.4301782783787,1.362008927740378,32.5,30.5,63.0,27.0,6431.636789317887,61.36168539284404,44.04346551883515,0.16058831287595562,-0.899784924295524,16.14413205707154,6.514025820509067,16.0,2.0,1.0,1.0,1.0,1.0,0.0,1.0,0.7441983545661258,1.1337998658027202,1.3104149677813643,,,,,0.5833386275954344,0.0,0.0427540531674245,0.1033740256569566,0.16981132075471697,35.0,29.03938365816753,1,train,SIMULATION_TRUTH_ONLY
b15a113e83_216cec93_0_2,train_20261069,b15a113e831a4ed9b0a333f5d68443ea2b92b063495e21b8f013083626e03859,216cec93185069d84716a438ab8318d56f818f9d2727dd3c1730cbe3a0983711,fred-features-2,count_rate,count / s,513.0,515.5,520.0,review_unscored,,unresolved,correlated_residuals,3.7536190257674207,112.79299681380462,634.3902493327672,1.1777974944167835,2.5,4.5,7.0,6.0,401.7173636003994,39.47591081646755,34.96405338132155,-0.4365186222110056,1.892009535005771,3.9200013498635013,2.5273548113552353,4.0,1.0,1.0,1.0,0.0,0.0,0.0,1.0,0.12471948222347429,0.8878612921809865,0.8078099928204522,,,,,0.42696871215772614,0.0,0.2605446999766365,0.21792464145075718,0.06666666666666667,2.0,9.24967795940413,0,train,SIMULATION_TRUTH_ONLY
b15a113e83_216cec93_0_3,train_20261069,b15a113e831a4ed9b0a333f5d68443ea2b92b063495e21b8f013083626e03859,216cec93185069d84716a438ab8318d56f818f9d2727dd3c1730cbe3a0983711,fred-features-2,count_rate,count / s,675.0,684.5,721.0,review_unscored,,complex_or_multi_peaked,correlated_residuals;multi_peak_single_component_fit;parameter_near_bound,9.283898725008486,278.9731062532318,624.6669200379007,1.4465949729438299,9.5,36.5,46.0,20.0,6179.6025126868735,61.70739787078787,69.12865831546156,0.22091774116833154,-1.7536402796273087,30.083397159224695,8.983712135076054,16.0,2.0,1.0,1.0,1.0,1.0,0.0,1.0,0.7980174902983271,1.1142034496274262,1.2672055372687447,,,,,0.66333591331137,0.0,0.05047733432105246,0.08663034350005273,0.5,22.0,23.328284874056276,0,train,SIMULATION_TRUTH_ONLY
df0e01caa0_216cec93_0_0,train_20261070,df0e01caa01e24c8cdf7a51e6ad4ebee05758ae81f905af4351d46e0064a17d7,216cec93185069d84716a438ab8318d56f818f9d2727dd3c1730cbe3a0983711,fred-features-2,count_rate,count / s,117.0,117.5,119.0,review_unscored,,unresolved,timescale_unresolved,6.405387933415257,323.74694848337435,1928.3221267125184,1.1678904909084413,0.5,1.5,2.0,2.0,537.2591476687996,-110.23474929794907,110.23474929794907,,,12.678219622919608,3.5621363180918495,4.0,1.0,1.0,1.0,0.0,1.0,0.0,1.0,0.20269895233312418,1.0894293518446172,1.2179258496412269,,,,,0.22939879407922653,0.0,0.43251787453117135,0.1978349078848973,0.1111111111111111,2.0,5.848206698857376,0,train,SIMULATION_TRUTH_ONLY
df0e01caa0_216cec93_0_1,train_20261070,df0e01caa01e24c8cdf7a51e6ad4ebee05758ae81f905af4351d46e0064a17d7,216cec93185069d84716a438ab8318d56f818f9d2727dd3c1730cbe3a0983711,fred-features-2,count_rate,count / s,213.0,225.5,257.0,review_unscored,,complex_or_multi_peaked,multi_peak_single_component_fit;parameter_near_bound,9.984029683091881,504.6219178398792,1922.0160043003116,1.262548239302295,12.5,31.5,44.0,26.0,12115.655351214624,81.99214620089208,67.89112329184752,0.0981161188853451,-1.2368327465801303,143.42841132373613,18.46213357138991,16.0,2.0,1.0,1.0,1.0,1.0,0.0,1.0,0.8418385690468663,1.0430984788069957,1.1110091714365038,,,,,0.19305483093473907,0.0,0.045301706794328066,0.10709181267790643,0.28205128205128205,36.0,25.23755330635024,1,train,SIMULATION_TRUTH_ONLY
df0e01caa0_216cec93_0_2,train_20261070,df0e01caa01e24c8cdf7a51e6ad4ebee05758ae81f905af4351d46e0064a17d7,216cec93185069d84716a438ab8318d56f818f9d2727dd3c1730cbe3a0983711,fred-features-2,count_rate,count / s,410.0,411.5,412.0,review_unscored,,unresolved,no_improvement_over_linear_background;right_censored,5.032740348139564,254.3693445512522,1971.1457060794492,1.1290464442921297,1.5,0.5,2.0,1.0,326.97700309014954,181.76168601235486,-181.76168601235486,,,4.468696107613488,2.144520287314252,4.0,1.0,1.0,1.0,0.0,1.0,0.0,1.0,0.22016037252348453,1.0515386445110477,1.133797823461048,,,,,0.14602090477405644,1.0,0.38770377475983214,0.2270567147342582,0.0625,1.0,8.042323255070926,0,train,SIMULATION_TRUTH_ONLY
df0e01caa0_216cec93_0_3,train_20261070,df0e01caa01e24c8cdf7a51e6ad4ebee05758ae81f905af4351d46e0064a17d7,216cec93185069d84716a438ab8318d56f818f9d2727dd3c1730cbe3a0983711,fred-features-2,count_rate,count / s,666.0,673.5,679.0,review_unscored,,unresolved,correlated_residuals;parameter_near_bound,7.558377200898674,382.02238173770525,1964.4880761729048,1.1944640878054795,7.5,5.5,13.0,9.0,3121.352340589223,74.06305216987471,131.12026257928517,-0.33491522347387276,-1.2437672986169033,55.907331217636724,9.787339099466585,4.0,1.0,1.0,1.0,1.0,1.0,0.0,1.0,0.5134397918634068,1.1586901098785585,1.374835914257559,,,,,0.41417479544079594,0.0,0.1242834329577854,0.14328491406880495,0.25,11.0,11.676718919815087,0,train,SIMULATION_TRUTH_ONLY
c9707d838b_216cec93_0_0,train_20261071,c9707d838bc0fb144b0ba6d1abb5e90f5d6f93e79944cf7f5ef1599c50e0e134,216cec93185069d84716a438ab8318d56f818f9d2727dd3c1730cbe3a0983711,fred-features-2,count_rate,count / s,205.0,219.5,233.0,review_unscored,,unresolved,parameter_near_bound,9.464636894563826,418.4733638855323,1330.0612918072245,1.314627127684417,14.5,13.5,28.0,17.0,5995.953015592806,59.77517069508076,72.70709956608084,-0.09035965917475014,-0.9469442818618927,79.62746946377966,11.725853530401949,16.0,1.0,1.0,1.0,1.0,1.0,0.0,1.0,0.7111724488184672,1.116094424655026,1.27359651283451,,,,,0.17191770354266248,0.0,0.07562107926988659,0.12619828350350082,0.11538461538461539,23.0,16.732237464626603,1,train,SIMULATION_TRUTH_ONLY
c9707d838b_216cec93_0_1,train_20261071,c9707d838bc0fb144b0ba6d1abb5e90f5d6f93e79944cf7f5ef1599c50e0e134,216cec93185069d84716a438ab8318d56f818f9d2727dd3c1730cbe3a0983711,fred-features-2,count_rate,count / s,361.0,365.5,368.0,review_unscored,,unresolved,timescale_unresolved,13.818983493769052,610.9982424616494,1368.6392482263946,1.4464275324950937,4.5,2.5,7.0,3.0,1908.8247278057368,272.9994668132234,269.81760815511313,0.28411571431183463,-2.565541224086673,110.02820079406781,13.713100256952622,4.0,1.0,1.0,1.0,1.0,1.0,0.0,1.0,0.596611531361764,1.2080042682666783,1.495394963441367,,,,,0.05770206692281587,0.0,0.26042201108205754,0.1102206155432492,0.6,3.0,6.282787435365944,0,train,SIMULATION_TRUTH_ONLY
c9707d838b_216cec93_0_2,train_20261071,c9707d838bc0fb144b0ba6d1abb5e90f5d6f93e79944cf7f5ef1599c50e0e134,216cec93185069d84716a438ab8318d56f818f9d2727dd3c1730cbe3a0983711,fred-features-2,count_rate,count / s,589.0,592.5,595.0,review_unscored,,fast_rise_slow_decay,,6.486137504702169,286.78076195145104,1380.8965073683846,1.2076772302784498,3.5,2.5,6.0,4.0,1125.2757051153665,160.6923054170161,128.79884154743286,-0.6064542044276475,-1.818720316786031,33.41613196500196,7.148344055428779,4.0,1.0,1.0,1.0,1.0,1.0,0.0,1.0,0.36707679068228394,1.01781374387069,1.0617145887845099,348.97072216465267,1.695241320869626,9.68201175323611,286.48095060758254,0.010044111526324215,0.0,0.19581395214305233,0.1950046910768266,0.2,4.0,9.960010487916124,0,train,SIMULATION_TRUTH_ONLY
d93d6ec5b9_216cec93_0_0,train_20261072,d93d6ec5b90edac7960a370b36673df9d1f8057839cfa2e1f7661347067023ed,216cec93185069d84716a438ab8318d56f818f9d2727dd3c1730cbe3a0983711,fred-features-2,count_rate,count / s,210.0,242.5,253.0,review_unscored,,complex_or_multi_peaked,multi_peak_single_component_fit,4.372534862687751,156.21140720340384,945.0627526882448,1.165292100190234,32.5,10.5,43.0,33.0,2900.6994608742602,51.92118851063475,51.097875593719095,0.5643391739436945,-0.2860104430292161,40.20243271178394,9.103560962553017,16.0,3.0,1.0,1.0,1.0,1.0,0.0,1.0,0.4308300716295379,1.0137888094547738,1.049359509633201,130.96846899725583,16.050933233350186,86.91416624398775,107.16878897858301,0.26212725711865303,0.0,0.08109664436430934,0.2269323684957726,0.046511627906976744,6.0,21.48466924914749,1,train,SIMULATION_TRUTH_ONLY
d93d6ec5b9_216cec93_0_1,train_20261072,d93d6ec5b90edac7960a370b36673df9d1f8057839cfa2e1f7661347067023ed,216cec93185069d84716a438ab8318d56f818f9d2727dd3c1730cbe3a0983711,fred-features-2,count_rate,count / s,417.0,417.5,419.0,review_unscored,,unresolved,no_improvement_over_linear_background;right_censored,3.8352911789525597,137.01805723984796,953.8874922296405,1.1436417379994976,0.5,1.5,2.0,2.0,221.99708084241774,-52.03903363727818,52.03903363727818,,,4.254119241981522,2.1285679585721318,4.0,1.0,1.0,1.0,0.0,0.0,0.0,1.0,0.027732838540676097,0.9860147013161507,0.9969007524098412,,,,,0.06611090356443063,1.0,0.23645016146335399,0.29481026368064206,0.041666666666666664,2.0,10.741062153455006,0,train,SIMULATION_TRUTH_ONLY
814e1a81fa_216cec93_0_0,train_20261074,814e1a81faf15b74cec2a5ac2be06d8b5db54c1c481400e84fda9e3ade4286b4,216cec93185069d84716a438ab8318d56f818f9d2727dd3c1730cbe3a0983711,fred-features-2,count_rate,count / s,365.0,366.5,367.0,review_unscored,,unresolved,correlated_residuals;timescale_unresolved,5.963252617020865,174.88863290160282,581.0536297189752,1.3009853548048347,1.5,0.5,2.0,2.0,329.1314941982862,20.645771604919446,-20.645771604919446,,,6.935267812037548,2.763420055743412,4.0,1.0,1.0,1.0,0.0,1.0,0.0,1.0,0.23105939557170319,1.0225417375325445,1.072129462990899,,,,,0.5987664167768877,0.0,0.38773684926336804,0.13815442360487434,0.25,2.0,5.886549607924292,0,train,SIMULATION_TRUTH_ONLY
814e1a81fa_216cec93_0_1,train_20261074,814e1a81faf15b74cec2a5ac2be06d8b5db54c1c481400e84fda9e3ade4286b4,216cec93185069d84716a438ab8318d56f818f9d2727dd3c1730cbe3a0983711,fred-features-2,count_rate,count / s,646.0,658.5,663.0,review_unscored,,unresolved,correlated_residuals;parameter_near_bound,14.36655676143562,421.33842600248215,600.6953550496597,1.7014178192998513,12.5,4.5,17.0,15.0,5560.802294966229,141.3904984557438,138.18727416455692,-1.5034177300492602,1.8903075300373402,210.77542377798005,16.4305556801842,16.0,1.0,1.0,1.0,1.0,1.0,0.0,1.0,0.8378511201999721,1.3046983474108054,1.7423848951359324,,,,,0.6684657657703764,0.0,0.07656672352888245,0.06476610960084245,0.5294117647058824,17.0,14.94331153678683,0,train,SIMULATION_TRUTH_ONLY
7c60c4456d_216cec93_0_0,train_20261075,7c60c4456d498238fc38d70f91d334c8d8105822b08be4ee9475cec4f60a6ba4,216cec93185069d84716a438ab8318d56f818f9d2727dd3c1730cbe3a0983711,fred-features-2,count_rate,count / s,239.0,253.5,263.0,review_unscored,,unresolved,correlated_residuals;parameter_near_bound,11.31143933702913,399.21753601051194,804.0340469619533,1.4965181978536324,14.5,9.5,24.0,14.0,5395.0208094669715,54.25272724947786,64.30280351704482,0.08890601306477726,-1.4049341869255778,173.37129422918383,16.63313790208893,16.0,1.0,1.0,1.0,1.0,1.0,0.0,1.0,0.7433097045828825,1.2065742502675287,1.4890593534042806,,,,,0.5243197875074482,0.0,0.07889278803928754,0.08730567276711554,0.21739130434782608,22.0,15.149804183481608,1,train,SIMULATION_TRUTH_ONLY
7c60c4456d_216cec93_0_1,train_20261075,7c60c4456d498238fc38d70f91d334c8d8105822b08be4ee9475cec4f60a6ba4,216cec93185069d84716a438ab8318d56f818f9d2727dd3c1730cbe3a0983711,fred-features-2,count_rate,count / s,466.0,468.5,469.0,review_unscored,,unresolved,parameter_near_bound;timescale_unresolved,13.469512551604062,475.38296868295265,799.0291461816175,1.594950723580863,2.5,0.5,3.0,2.0,1009.983993007801,372.79059193294484,-21.68716055405605,,,78.35223919855268,9.810760953091458,4.0,1.0,1.0,1.0,1.0,1.0,0.0,1.0,0.6710060897622838,0.9102337633227807,0.8494478651021655,,,,,0.0928118901710578,0.0,0.4303041847533412,0.07903063656725173,1.0,3.0,3.9354535234144596,0,train,SIMULATION_TRUTH_ONLY
d4b4935204_216cec93_0_0,train_20261076,d4b49352048ab53a711994dc924e3cad169383505861127660d832017f2fee69,216cec93185069d84716a438ab8318d56f818f9d2727dd3c1730cbe3a0983711,fred-features-2,count_rate,count / s,228.0,236.5,265.0,review_unscored,,complex_or_multi_peaked,multi_peak_single_component_fit,4.679103930220515,209.20041491950064,1357.3154433877148,1.1541280738671613,8.5,28.5,37.0,30.0,3189.5613402247222,90.7856879437395,85.29073686143465,0.21236938415865425,-0.041631437946319405,43.90585920124504,10.759721338835979,64.0,5.0,1.0,1.0,1.0,1.0,0.0,1.0,0.4003778781269669,1.0136671568050057,1.0498585201065602,261.48134666205755,11.591790456541872,64.95973930502007,138.03615265252594,0.13633073966435827,0.0,0.08424603427437359,0.25292044351290677,0.027777777777777776,4.0,19.30137516470474,1,train,SIMULATION_TRUTH_ONLY
d4b4935204_216cec93_0_1,train_20261076,d4b49352048ab53a711994dc924e3cad169383505861127660d832017f2fee69,216cec93185069d84716a438ab8318d56f818f9d2727dd3c1730cbe3a0983711,fred-features-2,count_rate,count / s,269.0,269.5,270.0,review_unscored,,unresolved,insufficient_event_bins;single_bin_candidate,2.065169648950522,92.3327102544713,1360.507925218377,1.0678663523695762,0.5,0.5,1.0,1.0,92.3327102544713,,,,,70.07478457140083,8.371068305264318,64.0,1.0,1.0,0.0,1.0,0.0,0.0,0.0,,,,,,,,,,0.0899801777255901,0.22694540313405787,0.030303030303030304,4.0,17.194874724878304,0,train,SIMULATION_TRUTH_ONLY
d4b4935204_216cec93_0_2,train_20261076,d4b49352048ab53a711994dc924e3cad169383505861127660d832017f2fee69,216cec93185069d84716a438ab8318d56f818f9d2727dd3c1730cbe3a0983711,fred-features-2,count_rate,count / s,284.0,284.5,285.0,review_unscored,,unresolved,insufficient_event_bins;single_bin_candidate,1.9271758333886186,86.16307523409364,1361.7149305352398,1.063275413452525,0.5,0.5,1.0,1.0,86.16307523409364,,,,,19.342951014643646,4.398062188583018,64.0,1.0,1.0,0.0,1.0,0.0,0.0,0.0,,,,,,,,,,0.08986469453165567,0.2734852992020082,0.20689655172413793,4.0,17.352511818562157,0,train,SIMULATION_TRUTH_ONLY
8c86ba6731_216cec93_0_0,train_20261077,8c86ba6731169f46987ee7c85d847983b51f3e77fb5ae1effe0d2ecb5cf73dae,216cec93185069d84716a438ab8318d56f818f9d2727dd3c1730cbe3a0983711,fred-features-2,count_rate,count / s,231.0,245.5,270.0,review_unscored,,complex_or_multi_peaked,multi_peak_single_component_fit;parameter_near_bound,8.010574118608442,246.61821792701699,570.9891705087678,1.431914002339612,14.5,24.5,39.0,18.0,4452.567181963153,73.59821587979218,63.12469755129456,0.04907063967571036,-0.9712620346171592,172.4670842134106,16.99436237173039,16.0,4.0,1.0,1.0,1.0,1.0,0.0,1.0,0.6989215098380325,1.0575347579903716,1.1424827765206365,,,,,0.061717352454825576,0.0,0.06326113371695098,0.1457289835618131,0.12903225806451613,24.0,19.875613911921167,1,train,SIMULATION_TRUTH_ONLY
8c86ba6731_216cec93_0_1,train_20261077,8c86ba6731169f46987ee7c85d847983b51f3e77fb5ae1effe0d2ecb5cf73dae,216cec93185069d84716a438ab8318d56f818f9d2727dd3c1730cbe3a0983711,fred-features-2,count_rate,count / s,276.0,276.5,277.0,review_unscored,,unresolved,insufficient_event_bins;single_bin_candidate,1.3429559431023128,41.345026778170904,572.7506735885934,1.0721867798410816,0.5,0.5,1.0,1.0,41.345026778170904,,,,,103.81066710486928,10.188751989565223,64.0,1.0,1.0,0.0,1.0,0.0,0.0,0.0,,,,,,,,,,0.06071151459586527,0.16045259073102364,0.11764705882352941,24.0,20.58531805050433,0,train,SIMULATION_TRUTH_ONLY
8c86ba6731_216cec93_0_2,train_20261077,8c86ba6731169f46987ee7c85d847983b51f3e77fb5ae1effe0d2ecb5cf73dae,216cec93185069d84716a438ab8318d56f818f9d2727dd3c1730cbe3a0983711,fred-features-2,count_rate,count / s,292.0,292.5,293.0,review_unscored,,unresolved,insufficient_event_bins;single_bin_candidate,2.4189995754358598,74.47273511574917,573.7465748247533,1.1298007489430264,0.5,0.5,1.0,1.0,74.47273511574917,,,,,30.558121756410443,5.527940100653266,64.0,1.0,1.0,0.0,1.0,0.0,0.0,0.0,,,,,,,,,,0.09490389748746664,0.17829852070056412,0.2,13.0,14.35056649324055,0,train,SIMULATION_TRUTH_ONLY
8c86ba6731_216cec93_0_3,train_20261077,8c86ba6731169f46987ee7c85d847983b51f3e77fb5ae1effe0d2ecb5cf73dae,216cec93185069d84716a438ab8318d56f818f9d2727dd3c1730cbe3a0983711,fred-features-2,count_rate,count / s,806.0,806.5,809.0,review_unscored,,unresolved,timescale_unresolved,5.430766294901207,167.19474606887547,547.9952287389609,1.3051025580161013,0.5,2.5,3.0,3.0,438.8100515717771,-9.188223586079744,26.7929815243848,,,24.47981102361184,5.416209869801992,4.0,1.0,1.0,1.0,1.0,1.0,0.0,1.0,0.27380122421829656,0.9270704143336718,0.8821965783479592,,,,,0.009765588122827672,0.0,0.2601620912466262,0.21439219683967167,0.16666666666666666,3.0,8.444113188432768,0,train,SIMULATION_TRUTH_ONLY
de1649852d_216cec93_0_0,train_20261078,de1649852df9d8fe2135e4a694fcd7473330560102c792d776da63490809084d,216cec93185069d84716a438ab8318d56f818f9d2727dd3c1730cbe3a0983711,fred-features-2,count_rate,count / s,230.0,240.5,288.0,review_unscored,,complex_or_multi_peaked,multi_peak_single_component_fit;parameter_near_bound,10.962549188215114,482.5119712161743,1323.3003856074881,1.3646276963749748,10.5,47.5,58.0,31.0,14935.50795419707,114.27282263362429,87.85228144986809,0.011566475554225455,-1.350467708525722,551.9131064004758,37.89529356416412,16.0,3.0,1.0,1.0,1.0,1.0,0.0,1.0,0.8750889331713874,1.0788498669710513,1.187010627436936,,,,,0.14700148928559825,0.0,0.03535440664066482,0.09918430947794328,0.28,48.0,31.491915217214387,1,train,SIMULATION_TRUTH_ONLY
de1649852d_216cec93_0_1,train_20261078,de1649852df9d8fe2135e4a694fcd7473330560102c792d776da63490809084d,216cec93185069d84716a438ab8318d56f818f9d2727dd3c1730cbe3a0983711,fred-features-2,count_rate,count / s,293.0,293.5,294.0,review_unscored,,unresolved,insufficient_event_bins;single_bin_candidate,1.3299039923983431,58.53516238633756,1329.0064527663885,1.0440443026175636,0.5,0.5,1.0,1.0,58.53516238633756,,,,,63.40990895263584,7.963033903772848,64.0,1.0,1.0,0.0,1.0,0.0,0.0,0.0,,,,,,,,,,0.05710535838110841,0.10869416697349794,0.12121212121212122,30.0,20.653978895932962,0,train,SIMULATION_TRUTH_ONLY
0b244ead7b_216cec93_0_0,train_20261079,0b244ead7b3f89144ec809f81f74ef39ffa715bd7306e9071ac6cd985c7a075b,216cec93185069d84716a438ab8318d56f818f9d2727dd3c1730cbe3a0983711,fred-features-2,count_rate,count / s,534.0,537.5,543.0,review_unscored,,unresolved,correlated_residuals;parameter_near_bound,4.21507960194189,170.23048563195334,1096.314193179652,1.1552752729928928,3.5,5.5,9.0,4.0,779.2938012880129,58.39551620036957,36.78641221226394,1.2891134467088472,2.0434971528736883,7.9337524330067595,3.9920706983153478,4.0,1.0,1.0,1.0,0.0,1.0,0.0,1.0,0.1870348074225503,0.930356071802535,0.8867771855442514,,,,,0.4899959288087138,0.0,0.16415259555736392,0.1831356058126905,0.043478260869565216,4.0,11.791721013951362,0,train,SIMULATION_TRUTH_ONLY
51f1976549_216cec93_0_0,train_20261080,51f197654970878059dd726a6845aa5f4640bdb44b540c57a19a206f1bce768b,216cec93185069d84716a438ab8318d56f818f9d2727dd3c1730cbe3a0983711,fred-features-2,count_rate,count / s,121.0,125.5,143.0,review_unscored,,complex_or_multi_peaked,correlated_residuals;multi_peak_single_component_fit;parameter_near_bound,11.802385983455855,417.95178779359776,872.1560260927467,1.4792167631587883,4.5,17.5,22.0,19.0,7289.448012286879,140.15745924192174,128.8440534835325,-1.771517628226995,2.384952016881037,152.14886026496978,14.836469929024604,16.0,2.0,1.0,1.0,1.0,1.0,0.0,1.0,0.8359927631308075,1.2525642664418155,1.605067408423304,,,,,0.5914235128892974,0.0,0.05749627449449214,0.08258696007277849,0.8095238095238095,21.0,19.43995694568392,0,train,SIMULATION_TRUTH_ONLY
51f1976549_216cec93_0_1,train_20261080,51f197654970878059dd726a6845aa5f4640bdb44b540c57a19a206f1bce768b,216cec93185069d84716a438ab8318d56f818f9d2727dd3c1730cbe3a0983711,fred-features-2,count_rate,count / s,377.0,377.5,380.0,review_unscored,,unresolved,correlated_residuals;ill_conditioned_fit;timescale_unresolved,8.388882676068246,297.07116145567954,874.5658060873478,1.3396784545976286,0.5,2.5,3.0,3.0,812.7810681109481,-20.09149228966828,29.170461983211112,,,18.36964844552361,4.661125333865404,4.0,1.0,1.0,1.0,1.0,1.0,0.0,1.0,0.39842556520912187,1.0875310315970357,1.2125905059159705,,,,,0.4711497846224486,0.0,0.2799985296652255,0.115106800738774,0.42857142857142855,3.0,6.472246882064933,0,train,SIMULATION_TRUTH_ONLY
c1d64ff5e6_216cec93_0_0,train_20261081,c1d64ff5e622f6890f938ec7f3c1015eca8a3d06aa9cb12f7eb6e40a5b3c1862,216cec93185069d84716a438ab8318d56f818f9d2727dd3c1730cbe3a0983711,fred-features-2,count_rate,count / s,294.0,296.5,319.0,review_unscored,,complex_or_multi_peaked,multi_peak_single_component_fit;parameter_near_bound,4.356150599895888,136.26224730769343,684.1161594077831,1.1991799863719799,2.5,22.5,25.0,22.0,1363.3111883972501,46.67333322638609,37.776107182350074,-0.20198812280108105,-0.2109275344385435,21.290871919868927,5.341164990327354,16.0,4.0,1.0,1.0,1.0,1.0,0.0,1.0,0.22856706326370535,1.0934093804044762,1.222715529364603,,,,,0.17496582592770524,0.0,0.1153445730277572,0.2781907447605394,0.1,6.0,15.955281099527198,1,train,SIMULATION_TRUTH_ONLY
c1d64ff5e6_216cec93_0_1,train_20261081,c1d64ff5e622f6890f938ec7f3c1015eca8a3d06aa9cb12f7eb6e40a5b3c1862,216cec93185069d84716a438ab8318d56f818f9d2727dd3c1730cbe3a0983711,fred-features-2,count_rate,count / s,742.0,748.5,750.0,review_unscored,,unresolved,parameter_near_bound,9.26954374574036,289.9552789432357,585.4286905858307,1.4952871008987982,6.5,1.5,8.0,6.0,1589.2064104630635,113.26805809633646,55.27622924244463,-1.3156967559216994,0.3111768393054546,168.19304280991355,17.654765006993788,4.0,1.0,1.0,1.0,1.0,1.0,0.0,1.0,0.5540635480500042,1.1480397029613467,1.3514468133719115,,,,,0.1373173690260304,0.0,0.15797211202096728,0.14839246720146096,0.45454545454545453,6.0,9.284195658900563,0,train,SIMULATION_TRUTH_ONLY
c1d64ff5e6_216cec93_0_2,train_20261081,c1d64ff5e622f6890f938ec7f3c1015eca8a3d06aa9cb12f7eb6e40a5b3c1862,216cec93185069d84716a438ab8318d56f818f9d2727dd3c1730cbe3a0983711,fred-features-2,count_rate,count / s,756.0,756.5,760.0,review_unscored,,unresolved,no_improvement_over_linear_background;parameter_near_bound;timescale_unresolved,1.7981708946940753,56.2475519464723,584.8871152804293,1.0961682185792447,0.5,3.5,4.0,4.0,93.3409147939251,93.26828577120762,52.85014647087894,-1.9035225221071874,3.716948458933352,15.377267929277943,4.86970411812732,16.0,1.0,1.0,0.0,1.0,0.0,0.0,1.0,0.023166287400240404,1.050888201287301,1.1335820436578978,,,,,0.0628712404886668,0.0,0.16191439780597522,0.14800032222357343,0.45454545454545453,6.0,8.775012852659577,0,train,SIMULATION_TRUTH_ONLY
c1d64ff5e6_216cec93_0_3,train_20261081,c1d64ff5e622f6890f938ec7f3c1015eca8a3d06aa9cb12f7eb6e40a5b3c1862,216cec93185069d84716a438ab8318d56f818f9d2727dd3c1730cbe3a0983711,fred-features-2,count_rate,count / s,806.0,807.5,808.0,review_unscored,,unresolved,parameter_near_bound;timescale_unresolved,12.830648301833316,401.3481471609896,582.71419357992,1.6887564291085766,1.5,0.5,2.0,2.0,758.6648248918005,44.03146943017862,-44.03146943017862,,,82.83173200744609,9.516222161503343,4.0,1.0,1.0,1.0,1.0,1.0,0.0,1.0,0.6073485086588352,1.022961416266419,1.0760107953045375,,,,,0.05140404630716908,0.0,0.3604212983077584,0.11149466478798568,1.0,2.0,5.158578271839827,0,train,SIMULATION_TRUTH_ONLY
02f1e860ae_216cec93_0_0,train_20261082,02f1e860ae0dfe1bbaa422c93f34459a7bfde92dcf9273dff5101855629b8918,216cec93185069d84716a438ab8318d56f818f9d2727dd3c1730cbe3a0983711,fred-features-2,count_rate,count / s,271.0,275.5,280.0,review_unscored,,unresolved,parameter_near_bound,3.433365365556075,121.58399112639461,878.8865569093114,1.1383386629031582,4.5,4.5,9.0,8.0,777.1914166684732,43.691756878100705,20.88634395294963,-0.04136124178368579,-0.8621059182378961,28.841428225723877,6.678851399090139,4.0,1.0,1.0,0.0,1.0,1.0,0.0,1.0,0.1855721525557057,1.0308368106388335,1.0886692490447092,,,,,0.11139776114276459,0.0,0.1383848131340785,0.3200355581726369,0.10714285714285714,5.0,15.08846531861951,1,train,SIMULATION_TRUTH_ONLY
1f245f64be_216cec93_0_0,train_20261083,1f245f64beb99f0e5a8cd2b4fc7e90a11644cc6aa1abbd14efa1f434e2857aa4,216cec93185069d84716a438ab8318d56f818f9d2727dd3c1730cbe3a0983711,fred-features-2,count_rate,count / s,259.0,259.5,260.0,review_unscored,,unresolved,insufficient_event_bins;single_bin_candidate,1.4384531068953645,93.41121622823312,2300.5166692356966,1.0406044509380874,0.5,0.5,1.0,1.0,93.41121622823312,,,,,30.81816736634028,5.551411295007809,64.0,1.0,1.0,0.0,1.0,0.0,0.0,0.0,,,,,,,,,,0.06463528229793407,0.13119759723959093,0.32,23.0,18.577271024546526,0,train,SIMULATION_TRUTH_ONLY
1f245f64be_216cec93_0_1,train_20261083,1f245f64beb99f0e5a8cd2b4fc7e90a11644cc6aa1abbd14efa1f434e2857aa4,216cec93185069d84716a438ab8318d56f818f9d2727dd3c1730cbe3a0983711,fred-features-2,count_rate,count / s,266.0,277.5,297.0,review_unscored,,complex_or_multi_peaked,multi_peak_single_component_fit;parameter_near_bound,9.405318308264972,610.7687612319273,2300.2135564540754,1.2655269809701784,11.5,19.5,31.0,18.0,9936.870643894896,121.08100226768056,175.64191572626532,-0.04922428111114918,-1.3167283558090799,187.73626584601755,18.58318636038175,16.0,4.0,1.0,1.0,1.0,1.0,0.0,1.0,0.7696812937430313,1.064831919094204,1.1591765475272433,,,,,0.18829821099889366,0.0,0.0648294293258172,0.11965980432329328,0.32,23.0,18.418085523886848,1,train,SIMULATION_TRUTH_ONLY
1f245f64be_216cec93_0_2,train_20261083,1f245f64beb99f0e5a8cd2b4fc7e90a11644cc6aa1abbd14efa1f434e2857aa4,216cec93185069d84716a438ab8318d56f818f9d2727dd3c1730cbe3a0983711,fred-features-2,count_rate,count / s,300.0,300.5,301.0,review_unscored,,unresolved,insufficient_event_bins;single_bin_candidate,1.654886300402031,107.46609764265304,2300.1282937055516,1.0467217841442762,0.5,0.5,1.0,1.0,107.46609764265304,,,,,37.16161206897276,6.096032485885615,64.0,1.0,1.0,0.0,1.0,0.0,0.0,0.0,,,,,,,,,,0.06455001734279059,0.1153363097960635,0.32,23.0,18.66744939481761,0,train,SIMULATION_TRUTH_ONLY
cd0262deb6_216cec93_0_0,train_20261084,cd0262deb622dd951fb9df26658335b0688fd89058ae6993c2f4f8f146ff274e,216cec93185069d84716a438ab8318d56f818f9d2727dd3c1730cbe3a0983711,fred-features-2,count_rate,count / s,0.0,2.5,5.0,review_unscored,,unresolved,correlated_residuals;event_at_segment_boundary;no_improvement_over_linear_background;timescale_unresolved,2.866611707349377,95.1507193993998,823.1425214403175,1.1155944650179255,2.5,2.5,5.0,3.0,327.6371692290121,39.89515449916553,27.143874858755566,-0.06544202987422161,-1.8660798296737298,0.0,0.0,,1.0,1.0,0.0,0.0,1.0,1.0,1.0,0.08192914465208845,1.079718950978271,1.2240826637566988,,,,,0.6144613770040148,0.0,0.28907322817368847,0.2814163389904289,0.14285714285714285,3.0,7.627596547108192,0,train,SIMULATION_TRUTH_ONLY
cd0262deb6_216cec93_0_1,train_20261084,cd0262deb622dd951fb9df26658335b0688fd89058ae6993c2f4f8f146ff274e,216cec93185069d84716a438ab8318d56f818f9d2727dd3c1730cbe3a0983711,fred-features-2,count_rate,count / s,108.0,111.5,134.0,review_unscored,,complex_or_multi_peaked,correlated_residuals;multi_peak_single_component_fit,8.386423198277146,278.3684300381706,850.0258759106539,1.3274823013357653,3.5,22.5,26.0,7.0,2276.9396402382035,143.8248112027585,87.94118979377106,1.001787628619772,-0.5220660573196754,15.94647290700436,8.417324222354774,4.0,2.0,1.0,1.0,1.0,1.0,0.0,1.0,0.5867086392936889,1.0463812467275224,1.1196855169759632,,,,,0.5157665069345043,0.0,0.1314573050875684,0.11773387374754556,0.29411764705882354,8.0,12.07061346255228,0,train,SIMULATION_TRUTH_ONLY
cd0262deb6_216cec93_0_2,train_20261084,cd0262deb622dd951fb9df26658335b0688fd89058ae6993c2f4f8f146ff274e,216cec93185069d84716a438ab8318d56f818f9d2727dd3c1730cbe3a0983711,fred-features-2,count_rate,count / s,297.0,297.5,298.0,review_unscored,,unresolved,insufficient_event_bins;single_bin_candidate,1.383338185221803,45.91679548334184,834.8663522902737,1.0549989772103991,0.5,0.5,1.0,1.0,45.91679548334184,,,,,16.120183201755474,4.014994794735788,64.0,1.0,1.0,0.0,1.0,0.0,0.0,0.0,,,,,,,,,,0.07017940844894208,0.18065397287871018,0.1935483870967742,18.0,19.690141982182098,0,train,SIMULATION_TRUTH_ONLY
cd0262deb6_216cec93_0_3,train_20261084,cd0262deb622dd951fb9df26658335b0688fd89058ae6993c2f4f8f146ff274e,216cec93185069d84716a438ab8318d56f818f9d2727dd3c1730cbe3a0983711,fred-features-2,count_rate,count / s,304.0,320.5,327.0,review_unscored,,unresolved,correlated_residuals;parameter_near_bound,4.713164510524397,156.44288086675942,828.0834104875095,1.1889216459180825,16.5,6.5,23.0,20.0,2377.671568262576,37.15244254851541,22.564502718655433,0.07006934760001221,-0.9824297249120066,20.73246985267471,4.74186077476021,16.0,1.0,1.0,1.0,1.0,1.0,0.0,1.0,0.4014673672717137,1.2139796383125667,1.5083415519613963,,,,,0.6178794924860365,0.0,0.07038212219343812,0.17224322343262102,0.1875,18.0,19.581580762700664,1,train,SIMULATION_TRUTH_ONLY
cd0262deb6_216cec93_0_4,train_20261084,cd0262deb622dd951fb9df26658335b0688fd89058ae6993c2f4f8f146ff274e,216cec93185069d84716a438ab8318d56f818f9d2727dd3c1730cbe3a0983711,fred-features-2,count_rate,count / s,331.0,333.5,335.0,review_unscored,,unresolved,correlated_residuals;no_improvement_over_linear_background,2.748275194363643,91.22280537011522,824.0120304098001,1.1107056717664037,2.5,1.5,4.0,4.0,218.92996888577238,18.43182867615411,41.51327659439028,0.5689787241155446,1.5472853112888707,16.344279011957887,4.13375717458673,64.0,1.0,1.0,0.0,1.0,0.0,0.0,1.0,0.04164815121304377,1.2201371100234912,1.531269840606662,,,,,0.591341075538741,0.0,0.07036908154243235,0.17805414258419797,0.18181818181818182,18.0,19.9220892773136,0,train,SIMULATION_TRUTH_ONLY
cd0262deb6_216cec93_0_5,train_20261084,cd0262deb622dd951fb9df26658335b0688fd89058ae6993c2f4f8f146ff274e,216cec93185069d84716a438ab8318d56f818f9d2727dd3c1730cbe3a0983711,fred-features-2,count_rate,count / s,626.0,626.5,629.0,review_unscored,,unresolved,correlated_residuals,5.84944447367627,194.15913509673874,772.3587420213693,1.251384653960927,0.5,2.5,3.0,3.0,471.70553546832184,14.49501184833457,62.63344083511447,,,14.354308663072866,3.9807133033136806,4.0,1.0,1.0,1.0,0.0,1.0,0.0,1.0,0.22990893284196467,1.0568350274435743,1.1451048276365003,,,,,0.6005223278571443,0.0,0.3558209477973421,0.1390947271777745,0.1,3.0,6.119010219737144,0,train,SIMULATION_TRUTH_ONLY
319eb9c0dc_216cec93_0_0,train_20261086,319eb9c0dc59ec632d0914d50978b85a16e017cc85f5d163dcd5e85f81b78d86,216cec93185069d84716a438ab8318d56f818f9d2727dd3c1730cbe3a0983711,fred-features-2,count_rate,count / s,122.0,123.5,125.0,review_unscored,,unresolved,timescale_unresolved,8.12371599881015,236.22815917659568,601.6172417209361,1.3926552345821424,1.5,1.5,3.0,2.0,540.1754183588654,162.92154340049365,5.587515770428013,,,36.45917303995474,6.911740637363505,4.0,1.0,1.0,1.0,1.0,1.0,0.0,1.0,0.3497806137449506,1.0959322742426185,1.2349960115832812,,,,,-0.12557516922051548,0.0,0.31322947997481726,0.18392412881791284,0.25,3.0,6.754548432692769,0,train,SIMULATION_TRUTH_ONLY
319eb9c0dc_216cec93_0_1,train_20261086,319eb9c0dc59ec632d0914d50978b85a16e017cc85f5d163dcd5e85f81b78d86,216cec93185069d84716a438ab8318d56f818f9d2727dd3c1730cbe3a0983711,fred-features-2,count_rate,count / s,204.0,220.5,225.0,review_unscored,,unresolved,correlated_residuals;parameter_near_bound,10.144452790943877,294.98882149616543,598.5429264176626,1.4928448879376157,16.5,4.5,21.0,21.0,5289.56027859599,37.43389813037885,35.10564855917613,-0.0944702796369919,-1.1138159057586479,491.8266986019922,26.32817146972245,16.0,1.0,1.0,1.0,1.0,1.0,0.0,1.0,0.7616376042961746,1.357795488890714,1.8868857865921602,,,,,0.3373685581047486,0.0,0.054740265844889544,0.11796222194986604,0.6363636363636364,21.0,20.797328888435047,0,train,SIMULATION_TRUTH_ONLY
313a44e8a0_216cec93_0_0,train_20261087,313a44e8a0a1ec736c9ddd22560c3287a4e8af934eb3a80083607bdebffa7795,216cec93185069d84716a438ab8318d56f818f9d2727dd3c1730cbe3a0983711,fred-features-2,count_rate,count / s,103.0,104.5,105.0,review_unscored,,unresolved,parameter_near_bound,8.910687042960333,300.79213461412166,807.4606326149473,1.3725161604969045,1.5,0.5,2.0,1.0,346.73539905801033,254.848870170233,-254.848870170233,,,6.039799945452813,2.480814229668154,16.0,1.0,1.0,1.0,0.0,1.0,0.0,1.0,0.10269669647246538,1.1550324952975572,1.3707511658854257,,,,,-0.006421122043484094,0.0,0.48415322679668865,0.1419910771986649,0.3333333333333333,1.0,5.069050875032334,0,train,SIMULATION_TRUTH_ONLY
313a44e8a0_216cec93_0_1,train_20261087,313a44e8a0a1ec736c9ddd22560c3287a4e8af934eb3a80083607bdebffa7795,216cec93185069d84716a438ab8318d56f818f9d2727dd3c1730cbe3a0983711,fred-features-2,count_rate,count / s,190.0,221.5,239.0,review_unscored,,complex_or_multi_peaked,correlated_residuals;multi_peak_single_component_fit;parameter_near_bound,8.58728997995899,289.8754351004785,799.7938113087035,1.36243770707122,31.5,17.5,49.0,32.0,7126.0823033572,59.05860613271727,65.7422596716682,0.11095067852342963,-1.1533436766837433,75.46580747631928,14.024376419578896,16.0,3.0,1.0,1.0,1.0,1.0,0.0,1.0,0.6548847992033955,1.3532784002557967,1.869200495305477,,,,,0.5334801986960297,0.0,0.04610437233625705,0.13195082143573336,0.25,36.0,25.829314580377698,1,train,SIMULATION_TRUTH_ONLY
313a44e8a0_216cec93_0_2,train_20261087,313a44e8a0a1ec736c9ddd22560c3287a4e8af934eb3a80083607bdebffa7795,216cec93185069d84716a438ab8318d56f818f9d2727dd3c1730cbe3a0983711,fred-features-2,count_rate,count / s,568.0,571.5,576.0,review_unscored,,unresolved,parameter_near_bound,8.748623092135894,295.3214496402853,760.9364961026225,1.3881026224302129,3.5,4.5,8.0,7.0,1839.7297731682531,149.41812390291386,85.61154915442353,-1.8553573890279889,3.7080724907203777,123.78243844546608,14.652317262317412,4.0,1.0,1.0,1.0,1.0,1.0,0.0,1.0,0.5905161691713252,1.0968590902881912,1.2327328655229077,,,,,0.264789261405206,0.0,0.14990737172802696,0.12076515269633976,0.5555555555555556,7.0,9.579506394625401,0,train,SIMULATION_TRUTH_ONLY
ca4cbd439d_216cec93_0_0,train_20261088,ca4cbd439ddf7708e5ee2eb995751343738d5278b3547624d8d9a56a83a227f5,216cec93185069d84716a438ab8318d56f818f9d2727dd3c1730cbe3a0983711,fred-features-2,count_rate,count / s,304.0,310.5,328.0,review_unscored,,complex_or_multi_peaked,multi_peak_single_component_fit,6.541962121761363,380.76032283515315,2350.695681767765,1.161977718250971,6.5,17.5,24.0,20.0,5544.727949220485,224.32404485182315,75.43333279819922,-0.2608741804474275,-0.85542010295522,73.08161241192492,10.447674955986583,16.0,3.0,1.0,1.0,1.0,1.0,0.0,1.0,0.6350908854197259,1.0100192674455453,1.0435366022766304,3.8297269087787433,12.995819472778738,47.85921180300017,351.92868710722246,0.19858323316191204,0.0,0.0705205923680916,0.17143931256019765,0.21875,15.0,18.428447607200766,1,train,SIMULATION_TRUTH_ONLY
ca4cbd439d_216cec93_0_1,train_20261088,ca4cbd439ddf7708e5ee2eb995751343738d5278b3547624d8d9a56a83a227f5,216cec93185069d84716a438ab8318d56f818f9d2727dd3c1730cbe3a0983711,fred-features-2,count_rate,count / s,427.0,428.5,429.0,review_unscored,,unresolved,parameter_near_bound;timescale_unresolved,11.208623065922046,652.3729207971869,2369.485364877077,1.2753226208810242,1.5,0.5,2.0,1.0,732.8196140787022,571.9262275156716,-571.9262275156716,,,8.164041291907086,3.3376375250958827,4.0,1.0,1.0,1.0,0.0,1.0,0.0,1.0,0.39984502398804933,0.9808444739908017,0.9868511368530941,,,,,0.2703674335067661,0.0,0.4434219688585208,0.11124180866198645,0.5,1.0,5.353266622575552,0,train,SIMULATION_TRUTH_ONLY
ca4cbd439d_216cec93_0_2,train_20261088,ca4cbd439ddf7708e5ee2eb995751343738d5278b3547624d8d9a56a83a227f5,216cec93185069d84716a438ab8318d56f818f9d2727dd3c1730cbe3a0983711,fred-features-2,count_rate,count / s,448.0,448.5,450.0,review_unscored,,unresolved,no_improvement_over_linear_background;parameter_near_bound;timescale_unresolved,3.5522544181707834,206.7510502019145,2367.1228290416893,1.0873427638250677,0.5,1.5,2.0,1.0,296.32845444220584,-117.17364596162315,117.17364596162315,,,3.3128465854522124,2.064447041362552,4.0,1.0,1.0,1.0,0.0,0.0,0.0,1.0,0.08329236533090101,0.9885902063753366,1.0023698421961338,,,,,0.26143070041629013,0.0,0.4896324779743292,0.10847173636414106,0.5,1.0,5.1566723355031785,0,train,SIMULATION_TRUTH_ONLY
ca4cbd439d_216cec93_0_3,train_20261088,ca4cbd439ddf7708e5ee2eb995751343738d5278b3547624d8d9a56a83a227f5,216cec93185069d84716a438ab8318d56f818f9d2727dd3c1730cbe3a0983711,fred-features-2,count_rate,count / s,566.0,580.5,584.0,review_unscored,,unresolved,correlated_residuals;parameter_near_bound,10.221689816627462,594.9306709608372,2322.105733510197,1.2562030928977184,14.5,3.5,18.0,18.0,8291.689634032966,62.455755696971664,86.9635191178179,-0.15293940249686871,0.5022864752040199,212.64383205153788,16.590596567335655,16.0,1.0,1.0,1.0,1.0,1.0,0.0,1.0,0.6693511747599916,1.4027347935568004,2.0138542179810113,,,,,0.5211138601676071,0.0,0.07162242936593258,0.1127488937966951,0.35,18.0,16.447404900840898,0,train,SIMULATION_TRUTH_ONLY
ca4cbd439d_216cec93_0_4,train_20261088,ca4cbd439ddf7708e5ee2eb995751343738d5278b3547624d8d9a56a83a227f5,216cec93185069d84716a438ab8318d56f818f9d2727dd3c1730cbe3a0983711,fred-features-2,count_rate,count / s,806.0,806.5,807.0,review_unscored,,unresolved,insufficient_event_bins;single_bin_candidate,8.933215116042998,519.9378731078014,2278.11809013935,1.2282313087097243,0.5,0.5,1.0,1.0,519.9378731078014,,,,,9.053041196898498,3.0088272128685785,4.0,1.0,1.0,1.0,0.0,1.0,0.0,0.0,,,,,,,,,,0.6370599406987392,0.1227221250226807,0.5,1.0,4.276077354400439,0,train,SIMULATION_TRUTH_ONLY
9def407904_216cec93_0_0,train_20261089,9def407904c54191a200e6df1b9862d738ae18df876a0655c41c48764d723a1c,216cec93185069d84716a438ab8318d56f818f9d2727dd3c1730cbe3a0983711,fred-features-2,count_rate,count / s,114.0,115.5,118.0,review_unscored,,unresolved,correlated_residuals;timescale_unresolved,9.976901945499963,299.7972520986857,588.0534734430014,1.5098129092638448,1.5,2.5,4.0,3.0,844.2619855138668,254.9895731804254,30.186705827115134,-1.706315571542682,3.144974887401027,51.63693567863521,8.008464365160116,4.0,1.0,1.0,1.0,1.0,1.0,0.0,1.0,0.49110880309208005,1.0617697615161619,1.1568669381577856,,,,,0.31838731774768547,0.0,0.2884875571392257,0.11529400031116693,0.4,3.0,6.05056449782119,0,train,SIMULATION_TRUTH_ONLY
9def407904_216cec93_0_1,train_20261089,9def407904c54191a200e6df1b9862d738ae18df876a0655c41c48764d723a1c,216cec93185069d84716a438ab8318d56f818f9d2727dd3c1730cbe3a0983711,fred-features-2,count_rate,count / s,210.0,213.5,232.0,review_unscored,,unresolved,correlated_residuals,6.091951189612218,183.0578506776675,592.910937876211,1.3087442632334885,3.5,18.5,22.0,19.0,2528.103437486275,47.04698607453378,28.63473204458319,0.4843922065099936,-0.9425577511584211,16.439289439448746,5.21896013684425,4.0,1.0,1.0,1.0,1.0,1.0,0.0,1.0,0.6133847263998158,0.9794772493233636,0.9818962378561954,,,,,0.3767328791354768,0.0,0.07533988689273322,0.1592662328202087,0.21428571428571427,22.0,18.09994155025756,1,train,SIMULATION_TRUTH_ONLY
9def407904_216cec93_0_2,train_20261089,9def407904c54191a200e6df1b9862d738ae18df876a0655c41c48764d723a1c,216cec93185069d84716a438ab8318d56f818f9d2727dd3c1730cbe3a0983711,fred-features-2,count_rate,count / s,540.0,540.5,543.0,review_unscored,,unresolved,correlated_residuals;timescale_unresolved,8.570418130572005,257.53363307746577,624.9117565160877,1.4121119988416089,0.5,2.5,3.0,3.0,683.0141930722401,-0.6609583799039456,44.462873890126616,,,29.412735613236105,5.7540201934947035,4.0,1.0,1.0,1.0,1.0,1.0,0.0,1.0,0.41922945517077925,1.0338281636294666,1.0957905878708867,,,,,0.43073564376628015,0.0,0.2919493480804759,0.11687639466218647,0.5,3.0,6.230964181990909,0,train,SIMULATION_TRUTH_ONLY
9def407904_216cec93_0_3,train_20261089,9def407904c54191a200e6df1b9862d738ae18df876a0655c41c48764d723a1c,216cec93185069d84716a438ab8318d56f818f9d2727dd3c1730cbe3a0983711,fred-features-2,count_rate,count / s,696.0,712.5,719.0,review_unscored,,complex_or_multi_peaked,correlated_residuals;multi_peak_single_component_fit;parameter_near_bound,10.84711410662565,325.94637294536415,657.4013575779142,1.4958103131187002,16.5,6.5,23.0,18.0,5397.120530151966,71.96014595044215,59.52695989753806,-1.0281389723665082,0.0875354895881797,60.619610539412406,9.58542520775126,16.0,2.0,1.0,1.0,1.0,1.0,0.0,1.0,0.8050740711473012,1.2362865276389883,1.5675942342786322,,,,,0.6555207671236691,0.0,0.06209974355829504,0.08682684561266422,0.5454545454545454,23.0,18.170641972351067,0,train,SIMULATION_TRUTH_ONLY
9def407904_216cec93_0_4,train_20261089,9def407904c54191a200e6df1b9862d738ae18df876a0655c41c48764d723a1c,216cec93185069d84716a438ab8318d56f818f9d2727dd3c1730cbe3a0983711,fred-features-2,count_rate,count / s,796.0,812.5,824.0,review_unscored,,complex_or_multi_peaked,correlated_residuals;multi_peak_single_component_fit;parameter_near_bound,2.4401913838313614,73.32563509832823,662.3394360373603,1.1107070349563062,16.5,11.5,28.0,27.0,831.0669416489017,44.58830498186438,43.42756814497574,-0.3001109214685462,-0.2177252341038578,1.4949461107329503,1.553814862846785,16.0,3.0,1.0,0.0,0.0,1.0,0.0,1.0,0.15310786011753164,0.9139164276863841,0.8589717378403559,,,,,0.34053924435125,0.0,0.13976747529356212,0.28902337007544027,0.10344827586206896,1.0,15.77491206471507,0,train,SIMULATION_TRUTH_ONLY
ba8d5c1503_216cec93_0_0,train_20261090,ba8d5c1503618b134ff42f16ff403ed3176ad2d383a13538291c0a8a2d082ef6,216cec93185069d84716a438ab8318d56f818f9d2727dd3c1730cbe3a0983711,fred-features-2,count_rate,count / s,193.0,220.5,238.0,review_unscored,,complex_or_multi_peaked,multi_peak_single_component_fit;parameter_near_bound,8.318661368762513,285.7191757268016,877.6591020384145,1.3255468724282606,27.5,17.5,45.0,20.0,5167.857599226726,54.924038744281006,66.08007410889354,0.2657185043391565,-0.795504468112977,133.0156601821493,18.410336834949277,16.0,3.0,1.0,1.0,1.0,1.0,0.0,1.0,0.6181222758540805,1.1828619350237624,1.4284335363517606,,,,,0.0952067103350347,0.0,0.06570803176932809,0.15880949030390223,0.058823529411764705,21.0,19.497377121911757,1,train,SIMULATION_TRUTH_ONLY
ba8d5c1503_216cec93_0_1,train_20261090,ba8d5c1503618b134ff42f16ff403ed3176ad2d383a13538291c0a8a2d082ef6,216cec93185069d84716a438ab8318d56f818f9d2727dd3c1730cbe3a0983711,fred-features-2,count_rate,count / s,258.0,258.5,259.0,review_unscored,,unresolved,insufficient_event_bins;single_bin_candidate,1.5950243392747983,54.783939299788585,882.3992863966666,1.062085203540341,0.5,0.5,1.0,1.0,54.783939299788585,,,,,29.094698798108173,5.393950203525073,64.0,1.0,1.0,0.0,1.0,0.0,0.0,0.0,,,,,,,,,,0.09266305054583483,0.14725954125509746,0.08333333333333333,14.0,13.953290777985966,0,train,SIMULATION_TRUTH_ONLY
4e6b917f52_216cec93_0_0,train_20261092,4e6b917f5269b85579d0bfc470f85236170569d4dcc56bfe9d21929762bafb12,216cec93185069d84716a438ab8318d56f818f9d2727dd3c1730cbe3a0983711,fred-features-2,count_rate,count / s,211.0,211.5,214.0,review_unscored,,unresolved,no_improvement_over_linear_background;timescale_unresolved,3.710736091161527,106.27164020813052,519.6662047793641,1.204499810129563,0.5,2.5,3.0,1.0,115.97521266313998,70.81446381523864,136.8270858882451,,,0.7301048708486988,0.9936278765450098,4.0,1.0,1.0,1.0,0.0,0.0,0.0,1.0,0.05498790332274217,1.0776559871142752,1.1906692555168599,,,,,0.15566635637551762,0.0,0.2832920106987434,0.2947018458372652,0.05555555555555555,1.0,9.19823312837754,0,train,SIMULATION_TRUTH_ONLY
4e6b917f52_216cec93_0_1,train_20261092,4e6b917f5269b85579d0bfc470f85236170569d4dcc56bfe9d21929762bafb12,216cec93185069d84716a438ab8318d56f818f9d2727dd3c1730cbe3a0983711,fred-features-2,count_rate,count / s,592.0,592.5,593.0,review_unscored,,unresolved,insufficient_event_bins;single_bin_candidate,1.944845319250217,55.69835659294506,555.2578249770023,1.1003107999338,0.5,0.5,1.0,1.0,55.69835659294506,,,,,46.963313193420916,6.8529784176970026,64.0,1.0,1.0,0.0,1.0,0.0,0.0,0.0,,,,,,,,,,0.057265581178287124,0.11597658926723402,0.5384615384615384,22.0,20.891702714877187,0,train,SIMULATION_TRUTH_ONLY
4e6b917f52_216cec93_0_2,train_20261092,4e6b917f5269b85579d0bfc470f85236170569d4dcc56bfe9d21929762bafb12,216cec93185069d84716a438ab8318d56f818f9d2727dd3c1730cbe3a0983711,fred-features-2,count_rate,count / s,601.0,613.5,624.0,review_unscored,,unresolved,parameter_near_bound,7.894407126603139,226.08764762687917,553.3917656959611,1.408548991224228,12.5,10.5,23.0,20.0,3993.3705733819006,72.86367807780613,74.2216846790169,-1.5443185204991954,1.8285502265217621,115.35099665099445,12.88021081391279,16.0,1.0,1.0,1.0,1.0,1.0,0.0,1.0,0.7475218457160248,1.0796830255239158,1.1926995892064323,,,,,0.2990036565731618,0.0,0.05695949341634123,0.11092932011184185,0.5185185185185185,22.0,21.31906201711193,0,train,SIMULATION_TRUTH_ONLY
4e6b917f52_216cec93_0_3,train_20261092,4e6b917f5269b85579d0bfc470f85236170569d4dcc56bfe9d21929762bafb12,216cec93185069d84716a438ab8318d56f818f9d2727dd3c1730cbe3a0983711,fred-features-2,count_rate,count / s,629.0,629.5,630.0,review_unscored,,unresolved,insufficient_event_bins;single_bin_candidate,1.7874521546178899,51.190779295042944,551.6607709985567,1.0927939450948867,0.5,0.5,1.0,1.0,51.190779295042944,,,,,48.166456776815814,6.94020581660341,64.0,1.0,1.0,0.0,1.0,0.0,0.0,0.0,,,,,,,,,,0.05707026334092456,0.11628474012129214,0.5185185185185185,22.0,21.11218609873975,0,train,SIMULATION_TRUTH_ONLY
4e6b917f52_216cec93_0_4,train_20261092,4e6b917f5269b85579d0bfc470f85236170569d4dcc56bfe9d21929762bafb12,216cec93185069d84716a438ab8318d56f818f9d2727dd3c1730cbe3a0983711,fred-features-2,count_rate,count / s,795.0,798.5,800.0,review_unscored,,unresolved,timescale_unresolved,8.09506814629256,231.83437150169823,523.6112658639696,1.442760472540954,3.5,1.5,5.0,3.0,669.3046533191432,131.49011384794701,88.2011151199759,-0.8801365171536678,-1.457166093688464,25.749175024291553,6.250021874543523,4.0,1.0,1.0,1.0,1.0,1.0,0.0,1.0,0.35048396028091067,1.1826918209515418,1.4337289419293158,,,,,0.1824987414740773,0.0,0.24688348290281534,0.15517034909607336,0.3333333333333333,3.0,7.780583140513542,0,train,SIMULATION_TRUTH_ONLY
d70e2e993f_216cec93_0_0,train_20261093,d70e2e993f341f2785440baacfe2bce0de3db7432d76c735dd3812c917a7c306,216cec93185069d84716a438ab8318d56f818f9d2727dd3c1730cbe3a0983711,fred-features-2,count_rate,count / s,181.0,201.5,239.0,review_unscored,,complex_or_multi_peaked,correlated_residuals;multi_peak_single_component_fit;parameter_near_bound,8.041399741724316,276.1961334936484,899.2521438482008,1.3071398109897328,20.5,37.5,58.0,43.0,9173.038833198649,68.73671596494523,45.92337237962772,0.13772855794160563,-0.753526596444487,47.32400339866072,10.493521347675292,16.0,3.0,1.0,1.0,1.0,1.0,0.0,1.0,0.7715925146605306,1.1596144880865644,1.3712809736478586,,,,,0.3126812746141778,0.0,0.033265802834578605,0.12622049894261564,0.13793103448275862,52.0,34.91851319865546,1,train,SIMULATION_TRUTH_ONLY
d70e2e993f_216cec93_0_1,train_20261093,d70e2e993f341f2785440baacfe2bce0de3db7432d76c735dd3812c917a7c306,216cec93185069d84716a438ab8318d56f818f9d2727dd3c1730cbe3a0983711,fred-features-2,count_rate,count / s,356.0,363.5,365.0,review_unscored,,unresolved,parameter_near_bound,12.55742454198678,431.30701327270265,880.0431295412812,1.4900975858961818,7.5,1.5,9.0,9.0,3382.3184033426637,40.94915905758705,51.521040191383236,1.255841720126982,2.4319869946747232,231.67759366708626,19.30085673794392,4.0,1.0,1.0,1.0,1.0,1.0,0.0,1.0,0.707636773678298,1.3154544384755071,1.7728326439133661,,,,,0.2327361212452919,0.0,0.12322301962297173,0.09792628009883611,1.0,9.0,9.756343745330694,0,train,SIMULATION_TRUTH_ONLY
d70e2e993f_216cec93_0_2,train_20261093,d70e2e993f341f2785440baacfe2bce0de3db7432d76c735dd3812c917a7c306,216cec93185069d84716a438ab8318d56f818f9d2727dd3c1730cbe3a0983711,fred-features-2,count_rate,count / s,761.0,761.5,763.0,review_unscored,,unresolved,parameter_near_bound;timescale_unresolved,6.37922561200433,219.10581556805448,874.4513646047486,1.250563752813274,0.5,1.5,2.0,2.0,369.00193346252956,-69.2096976735794,69.2096976735794,,,15.393662125391979,4.263301694554089,4.0,1.0,1.0,1.0,1.0,1.0,0.0,1.0,0.22016121980753112,1.018302860777711,1.0632590085591382,,,,,0.13646646538920632,0.0,0.33267503382255004,0.18406623443247508,0.09090909090909091,2.0,6.805676137168844,0,train,SIMULATION_TRUTH_ONLY
cb7694b485_216cec93_0_0,train_20261094,cb7694b485ffbb836c510062ad3781d1e14bfcaef4f1a5fc313de4f2c7276ba6,216cec93185069d84716a438ab8318d56f818f9d2727dd3c1730cbe3a0983711,fred-features-2,count_rate,count / s,287.0,296.5,309.0,review_unscored,,unresolved,parameter_near_bound,7.050623920406022,251.7520768106126,871.0133358499113,1.2890335502899732,9.5,12.5,22.0,14.0,3111.907447043822,103.87372864479664,68.3781380867186,-0.16154996344041894,-0.5018992545056675,102.70298094958916,12.248123114211724,16.0,1.0,1.0,1.0,1.0,1.0,0.0,1.0,0.5770365424132772,1.0889720312659772,1.2131840499689392,,,,,0.18017928456027452,0.0,0.08542899261035598,0.1603170577551204,0.23076923076923078,16.0,15.694475561689787,1,train,SIMULATION_TRUTH_ONLY
cb7694b485_216cec93_0_1,train_20261094,cb7694b485ffbb836c510062ad3781d1e14bfcaef4f1a5fc313de4f2c7276ba6,216cec93185069d84716a438ab8318d56f818f9d2727dd3c1730cbe3a0983711,fred-features-2,count_rate,count / s,434.0,436.5,437.0,review_unscored,,unresolved,parameter_near_bound;timescale_unresolved,7.3999039261834225,264.22359249993895,887.1470067124793,1.2978351845869134,2.5,0.5,3.0,3.0,707.6062173229797,33.52516119746838,-25.7696994896844,,,42.89424482542288,6.9246706397932,4.0,1.0,1.0,1.0,1.0,1.0,0.0,1.0,0.3326044076494866,1.061456356836902,1.1551413549813245,,,,,-0.13420128274201978,0.0,0.2869398164951731,0.18302142393266962,0.25,3.0,7.232259780130186,0,train,SIMULATION_TRUTH_ONLY
cb7694b485_216cec93_0_2,train_20261094,cb7694b485ffbb836c510062ad3781d1e14bfcaef4f1a5fc313de4f2c7276ba6,216cec93185069d84716a438ab8318d56f818f9d2727dd3c1730cbe3a0983711,fred-features-2,count_rate,count / s,557.0,560.5,561.0,review_unscored,,unresolved,timescale_unresolved,10.497623525291038,374.83186649895424,894.9551616347208,1.4188275374760544,3.5,0.5,4.0,2.0,786.5588703271264,179.55131043461938,37.36414307487166,-0.009139427397830666,-5.663568415832667,39.11694300727004,7.680729253280228,4.0,1.0,1.0,1.0,1.0,1.0,0.0,1.0,0.502915473968152,1.0355925290311718,1.1020776288974758,,,,,-0.07903825422455177,0.0,0.3326453477728117,0.1433199318263827,0.3333333333333333,2.0,5.421391905791644,0,train,SIMULATION_TRUTH_ONLY
cb7694b485_216cec93_0_3,train_20261094,cb7694b485ffbb836c510062ad3781d1e14bfcaef4f1a5fc313de4f2c7276ba6,216cec93185069d84716a438ab8318d56f818f9d2727dd3c1730cbe3a0983711,fred-features-2,count_rate,count / s,622.0,625.5,640.0,review_unscored,,complex_or_multi_peaked,multi_peak_single_component_fit;parameter_near_bound,10.298268740165208,367.7136338795251,894.6096958213541,1.4110324710285214,3.5,14.5,18.0,16.0,4507.29403506105,112.00130898119073,155.4216662375867,-1.0204187720397866,0.9817739560397571,216.85899273954863,16.880030324514582,16.0,3.0,1.0,1.0,1.0,1.0,0.0,1.0,0.73144695730103,1.1839557477126537,1.435285930545222,,,,,0.20076180273561825,0.0,0.08228312871034761,0.11051401895974233,0.2777777777777778,17.0,14.616952301136664,0,train,SIMULATION_TRUTH_ONLY
ec5a20ad18_216cec93_0_0,train_20261095,ec5a20ad183b739cf6854b492d639cb436db1461cc378c18556849131d322687,216cec93185069d84716a438ab8318d56f818f9d2727dd3c1730cbe3a0983711,fred-features-2,count_rate,count / s,244.0,250.5,284.0,review_unscored,,complex_or_multi_peaked,multi_peak_single_component_fit,9.16348669135479,336.676286799385,994.1922201320449,1.3386430510939513,6.5,33.5,40.0,16.0,5330.5730209707,138.19324967240829,74.86692465158688,0.5578645304426025,-0.9409953820960166,144.61197941308006,17.610971699950177,16.0,4.0,1.0,1.0,1.0,1.0,0.0,1.0,0.7385313188450966,1.0544184517091026,1.1355546446230957,3.1836902214195613,12.325104328055465,44.70980645887663,316.41718589308476,0.28692699772220936,0.0,0.07446331304570368,0.12177900221896341,0.19230769230769232,19.0,17.10616485177043,1,train,SIMULATION_TRUTH_ONLY
ec5a20ad18_216cec93_0_1,train_20261095,ec5a20ad183b739cf6854b492d639cb436db1461cc378c18556849131d322687,216cec93185069d84716a438ab8318d56f818f9d2727dd3c1730cbe3a0983711,fred-features-2,count_rate,count / s,287.0,287.5,288.0,review_unscored,,unresolved,insufficient_event_bins;single_bin_candidate,1.860979907451963,68.37438915476366,986.2485116297338,1.0693277488873245,0.5,0.5,1.0,1.0,68.37438915476366,,,,,33.861713957826986,5.8190818827223065,64.0,1.0,1.0,0.0,1.0,0.0,0.0,0.0,,,,,,,,,,0.07302459808980367,0.12238469355938164,0.17857142857142858,19.0,17.558468363231583,0,train,SIMULATION_TRUTH_ONLY
ad5b4ab5e6_216cec93_0_0,train_20261096,ad5b4ab5e60b69d5e9cf6ef22696b62eb1744882f3c0eecc35b545988a641c68,216cec93185069d84716a438ab8318d56f818f9d2727dd3c1730cbe3a0983711,fred-features-2,count_rate,count / s,234.0,245.5,290.0,review_unscored,,complex_or_multi_peaked,correlated_residuals;multi_peak_single_component_fit,5.082019594163114,168.68619462717174,826.2462177765843,1.2041597177668222,11.5,44.5,56.0,47.0,4520.426337447237,76.38526327698173,73.14883355914947,0.03895324390740954,-0.5631284564167087,29.44564369677898,7.366948772026751,16.0,3.0,1.0,1.0,1.0,1.0,0.0,1.0,0.6465546412083023,0.9967740910192419,1.0133505922827586,,,,,0.33116856529733835,0.0,0.04644721934066752,0.18897673914001814,0.16,23.0,28.378273104692965,1,train,SIMULATION_TRUTH_ONLY
ad5b4ab5e6_216cec93_0_1,train_20261096,ad5b4ab5e60b69d5e9cf6ef22696b62eb1744882f3c0eecc35b545988a641c68,216cec93185069d84716a438ab8318d56f818f9d2727dd3c1730cbe3a0983711,fred-features-2,count_rate,count / s,779.0,779.5,781.0,review_unscored,,unresolved,correlated_residuals;parameter_near_bound;timescale_unresolved,11.959927531203295,396.98285806937315,816.9608108037885,1.4859264395788963,0.5,1.5,2.0,2.0,785.8608379527498,-8.10487818599654,8.10487818599654,,,34.56330500801275,6.252533680600635,4.0,1.0,1.0,1.0,1.0,1.0,0.0,1.0,0.5626131338629069,1.0355364869027461,1.0995524607755838,,,,,0.32459018370358406,0.0,0.3801627584373706,0.10601362004527375,0.5,2.0,5.024217828901456,0,train,SIMULATION_TRUTH_ONLY
d561a5dfdb_216cec93_0_0,train_20261098,d561a5dfdbdb31931788faac060a9bb8682cf39fab70ac320e31a887f12108f3,216cec93185069d84716a438ab8318d56f818f9d2727dd3c1730cbe3a0983711,fred-features-2,count_rate,count / s,287.0,290.5,303.0,review_unscored,,complex_or_multi_peaked,correlated_residuals;multi_peak_single_component_fit;parameter_near_bound,10.770226291549912,384.77273657869387,925.6045363822861,1.4156988448679966,3.5,12.5,16.0,14.0,4688.359204321316,91.28741973265744,146.14898485809863,-1.796769136131476,2.8483684063207697,175.1638010526558,14.769969507256757,16.0,2.0,1.0,1.0,1.0,1.0,0.0,1.0,0.7664621677764797,1.1958272083629093,1.4638890324567884,,,,,0.4501018135140495,0.0,0.08151546744513032,0.09725148291926788,0.5294117647058824,14.0,14.649181740324275,0,train,SIMULATION_TRUTH_ONLY
d561a5dfdb_216cec93_0_1,train_20261098,d561a5dfdbdb31931788faac060a9bb8682cf39fab70ac320e31a887f12108f3,216cec93185069d84716a438ab8318d56f818f9d2727dd3c1730cbe3a0983711,fred-features-2,count_rate,count / s,711.0,711.5,712.0,review_unscored,,unresolved,insufficient_event_bins;single_bin_candidate,8.18119011158272,292.27788000833436,888.6491197312229,1.3289013329543786,0.5,0.5,1.0,1.0,292.27788000833436,,,,,5.20862871207364,2.2822420362603175,4.0,1.0,1.0,1.0,0.0,1.0,0.0,0.0,,,,,,,,,,0.49619930998552597,0.120746124640873,0.25,1.0,4.543452185492093,0,train,SIMULATION_TRUTH_ONLY
15ceeab913_216cec93_0_0,train_20261099,15ceeab913fd02aa1c74e4879b714c2aa73c17629501ee319e89202c59cb44e7,216cec93185069d84716a438ab8318d56f818f9d2727dd3c1730cbe3a0983711,fred-features-2,count_rate,count / s,301.0,315.5,328.0,review_unscored,,complex_or_multi_peaked,correlated_residuals;multi_peak_single_component_fit;parameter_near_bound,6.492086044478537,204.77754124073158,650.2739586690958,1.3149096446363102,14.5,12.5,27.0,22.0,3761.7576534024934,50.19078410256503,31.983613364524388,-0.4918285926445146,-0.8129333215481256,177.08079550687842,17.212909276387634,16.0,2.0,1.0,1.0,1.0,1.0,0.0,1.0,0.6559912759289869,1.108933047331628,1.2576809694520328,,,,,0.5074048374791572,0.0,0.05607943265932477,0.15119062024809318,0.3870967741935484,25.0,22.526235823805894,1,train,SIMULATION_TRUTH_ONLY
15ceeab913_216cec93_0_1,train_20261099,15ceeab913fd02aa1c74e4879b714c2aa73c17629501ee319e89202c59cb44e7,216cec93185069d84716a438ab8318d56f818f9d2727dd3c1730cbe3a0983711,fred-features-2,count_rate,count / s,330.0,330.5,331.0,review_unscored,,unresolved,insufficient_event_bins;single_bin_candidate,2.375492482969412,74.92930724663393,653.4901709067233,1.1146601901336464,0.5,0.5,1.0,1.0,74.92930724663393,,,,,19.399558567948635,4.404492997831718,64.0,1.0,1.0,0.0,1.0,0.0,0.0,0.0,,,,,,,,,,0.05511002479710974,0.15512679976390076,0.35294117647058826,25.0,23.102085050573432,0,train,SIMULATION_TRUTH_ONLY
15ceeab913_216cec93_0_2,train_20261099,15ceeab913fd02aa1c74e4879b714c2aa73c17629501ee319e89202c59cb44e7,216cec93185069d84716a438ab8318d56f818f9d2727dd3c1730cbe3a0983711,fred-features-2,count_rate,count / s,335.0,335.5,336.0,review_unscored,,unresolved,insufficient_event_bins;single_bin_candidate,2.0516124275214764,64.7132748408485,654.6110209939513,1.0988576005680273,0.5,0.5,1.0,1.0,64.7132748408485,,,,,17.328934178154284,4.162803643958514,64.0,1.0,1.0,0.0,1.0,0.0,0.0,0.0,,,,,,,,,,0.05454703255132322,0.15171687124779173,0.34285714285714286,25.0,23.26475585578704,0,train,SIMULATION_TRUTH_ONLY
5a7b13e9dc_216cec93_0_0,train_20261100,5a7b13e9dc2e07d39b5a2ec5d9ab65bb0c6c91859bb98e03f483d3073d9ef3a7,216cec93185069d84716a438ab8318d56f818f9d2727dd3c1730cbe3a0983711,fred-features-2,count_rate,count / s,208.0,223.5,236.0,review_unscored,,unresolved,parameter_near_bound,4.557731294078947,265.27259049034956,2353.3416645032016,1.1127216648953306,15.5,12.5,28.0,15.0,3758.218523971084,59.94677290166101,56.409690730795774,0.04790100259369003,1.3209118565318487,30.075707037071503,6.991554721672162,16.0,1.0,1.0,1.0,1.0,1.0,0.0,1.0,0.48208599754688886,0.9094053241216586,0.8455610490013759,,,,,0.0621309780132406,0.0,0.08895633548614801,0.1726537839771589,0.05555555555555555,13.0,19.03394973988263,1,train,SIMULATION_TRUTH_ONLY
5a7b13e9dc_216cec93_0_1,train_20261100,5a7b13e9dc2e07d39b5a2ec5d9ab65bb0c6c91859bb98e03f483d3073d9ef3a7,216cec93185069d84716a438ab8318d56f818f9d2727dd3c1730cbe3a0983711,fred-features-2,count_rate,count / s,555.0,555.5,556.0,review_unscored,,unresolved,insufficient_event_bins;single_bin_candidate,7.219343417134753,420.18579120509594,2314.934163012798,1.1815109033849327,0.5,0.5,1.0,1.0,420.18579120509594,,,,,10.62118659435752,3.2590162003827965,4.0,1.0,1.0,1.0,0.0,1.0,0.0,0.0,,,,,,,,,,0.4669878162988962,0.16703498770004868,0.14285714285714285,1.0,5.6722755421632725,0,train,SIMULATION_TRUTH_ONLY
5a7b13e9dc_216cec93_0_2,train_20261100,5a7b13e9dc2e07d39b5a2ec5d9ab65bb0c6c91859bb98e03f483d3073d9ef3a7,216cec93185069d84716a438ab8318d56f818f9d2727dd3c1730cbe3a0983711,fred-features-2,count_rate,count / s,670.0,675.5,681.0,review_unscored,,unresolved,parameter_near_bound,10.631805351228955,618.8005314779343,2336.547278295852,1.2648354421183607,5.5,5.5,11.0,8.0,4927.130730904948,176.92516236924962,292.4354842048856,-0.8884689125407951,-0.8825813775552085,179.5386819220062,18.732040338739708,4.0,1.0,1.0,1.0,1.0,1.0,0.0,1.0,0.7086023447047989,1.13329337190906,1.315833128254502,,,,,0.15449279515645248,0.0,0.12104037089936176,0.1265576150636321,0.5,11.0,10.818931115561501,0,train,SIMULATION_TRUTH_ONLY
5a7b13e9dc_216cec93_0_3,train_20261100,5a7b13e9dc2e07d39b5a2ec5d9ab65bb0c6c91859bb98e03f483d3073d9ef3a7,216cec93185069d84716a438ab8318d56f818f9d2727dd3c1730cbe3a0983711,fred-features-2,count_rate,count / s,684.0,684.5,685.0,review_unscored,,unresolved,insufficient_event_bins;single_bin_candidate,1.5627571491964174,90.95679638095544,2338.663204554789,1.0388926443977944,0.5,0.5,1.0,1.0,90.95679638095544,,,,,56.024298980556125,7.484938141398105,16.0,1.0,1.0,0.0,1.0,0.0,0.0,0.0,,,,,,,,,,0.12180909102034185,0.12469888733040271,0.5,11.0,10.612982500569931,0,train,SIMULATION_TRUTH_ONLY
5a7b13e9dc_216cec93_0_4,train_20261100,5a7b13e9dc2e07d39b5a2ec5d9ab65bb0c6c91859bb98e03f483d3073d9ef3a7,216cec93185069d84716a438ab8318d56f818f9d2727dd3c1730cbe3a0983711,fred-features-2,count_rate,count / s,768.0,768.5,769.0,review_unscored,,unresolved,insufficient_event_bins;single_bin_candidate,9.519923722148059,554.0859397142431,2352.440658634092,1.2355366277489714,0.5,0.5,1.0,1.0,554.0859397142431,,,,,4.886493004317692,2.2105413373917466,4.0,1.0,1.0,1.0,0.0,1.0,0.0,0.0,,,,,,,,,,0.4424107305656845,0.1613027762774621,0.16666666666666666,1.0,5.518923446161003,0,train,SIMULATION_TRUTH_ONLY
01a672285e_216cec93_0_0,train_20261101,01a672285e453e5755fe37c4bdc89a60ebb64ea3f06480c8eb073f6ea31e5a9b,216cec93185069d84716a438ab8318d56f818f9d2727dd3c1730cbe3a0983711,fred-features-2,count_rate,count / s,212.0,217.5,232.0,review_unscored,,complex_or_multi_peaked,multi_peak_single_component_fit;parameter_near_bound,10.292554339465308,312.1040682762723,651.5391886659429,1.4790257803453388,5.5,14.5,20.0,9.0,3198.0263471068643,72.62049850603904,55.87209148164027,0.48263194186235436,-0.9466850757369354,96.95825229269279,11.842885046913384,16.0,2.0,1.0,1.0,1.0,1.0,0.0,1.0,0.7455883694849448,0.9965024404167696,1.0183491829850617,,,,,0.2427581007033208,0.0,0.10412445541231537,0.09610226535669184,0.05,18.0,12.508075770597706,1,train,SIMULATION_TRUTH_ONLY
01a672285e_216cec93_0_1,train_20261101,01a672285e453e5755fe37c4bdc89a60ebb64ea3f06480c8eb073f6ea31e5a9b,216cec93185069d84716a438ab8318d56f818f9d2727dd3c1730cbe3a0983711,fred-features-2,count_rate,count / s,256.0,268.5,275.0,review_unscored,,unresolved,parameter_near_bound;timescale_unresolved,2.8672851104163954,86.94550627122817,654.2920678686082,1.132884854548914,12.5,6.5,19.0,18.0,697.032648491979,43.183798914484896,27.42203546298981,0.009773073882303255,0.009723736028699026,4.623324014629789,2.742912843544832,64.0,1.0,1.0,0.0,0.0,1.0,0.0,1.0,0.19655224388933934,0.8470756668924804,0.7360304118702413,,,,,0.22587394651416495,0.0,0.20507387303589952,0.11017457580245009,0.0625,7.0,8.956029370946347,0,train,SIMULATION_TRUTH_ONLY
01a672285e_216cec93_0_2,train_20261101,01a672285e453e5755fe37c4bdc89a60ebb64ea3f06480c8eb073f6ea31e5a9b,216cec93185069d84716a438ab8318d56f818f9d2727dd3c1730cbe3a0983711,fred-features-2,count_rate,count / s,711.0,713.5,714.0,review_unscored,,unresolved,parameter_near_bound;timescale_unresolved,10.068549078360142,305.3114926919842,640.8157807172059,1.476441907142607,2.5,0.5,3.0,3.0,761.6863314077873,79.25845630142078,4.268765934676253,,,49.36640672398834,7.402494445185737,4.0,1.0,1.0,1.0,1.0,1.0,0.0,1.0,0.4474798251703709,1.0351807494515666,1.0986597694905391,,,,,0.15251180840472914,0.0,0.381942228273222,0.09512767308719407,0.3333333333333333,3.0,5.222037619463277,0,train,SIMULATION_TRUTH_ONLY
0f297b1a2d_216cec93_0_0,train_20261102,0f297b1a2d0522b25ca149a8c47f18b0b36ff83350cec84cdd159b4d1b36f136,216cec93185069d84716a438ab8318d56f818f9d2727dd3c1730cbe3a0983711,fred-features-2,count_rate,count / s,109.0,111.5,126.0,review_unscored,,complex_or_multi_peaked,correlated_residuals;multi_peak_single_component_fit;parameter_near_bound;timescale_unresolved,13.195233550066925,403.6562915185575,662.286203534637,1.609489204764095,2.5,14.5,17.0,1.0,972.5108891639557,180.27919654056473,182.6672898904912,3.6638077584716386,14.3398454306515,6.828693375038539,3.8722892113816414,4.0,2.0,1.0,1.0,0.0,1.0,0.0,1.0,0.4649437442450809,0.9759454851446525,0.9750399594048994,,,,,0.5558939553985833,0.0,0.5602083697553596,0.07843371769829882,0.5,2.0,3.6764800964063,0,train,SIMULATION_TRUTH_ONLY
0f297b1a2d_216cec93_0_1,train_20261102,0f297b1a2d0522b25ca149a8c47f18b0b36ff83350cec84cdd159b4d1b36f136,216cec93185069d84716a438ab8318d56f818f9d2727dd3c1730cbe3a0983711,fred-features-2,count_rate,count / s,225.0,236.5,270.0,review_unscored,,unresolved,correlated_residuals;parameter_near_bound,9.708169636006225,296.98328095780175,679.8495214358938,1.436836787544618,11.5,33.5,45.0,16.0,4994.9956276293315,47.13474425190924,37.10121891580593,0.6543361132454879,0.041555025627882713,23.009882121234188,7.58406622114206,16.0,1.0,1.0,1.0,1.0,1.0,0.0,1.0,0.7692354743228476,0.9776623176112679,0.9766023813482758,,,,,0.48014340065838285,0.0,0.07119967961394538,0.07473397249146858,0.09090909090909091,27.0,18.225414623609094,1,train,SIMULATION_TRUTH_ONLY
0f297b1a2d_216cec93_0_2,train_20261102,0f297b1a2d0522b25ca149a8c47f18b0b36ff83350cec84cdd159b4d1b36f136,216cec93185069d84716a438ab8318d56f818f9d2727dd3c1730cbe3a0983711,fred-features-2,count_rate,count / s,361.0,374.5,383.0,review_unscored,,unresolved,correlated_residuals;parameter_near_bound,11.130051749636857,340.48017389167467,677.8664426577176,1.5022820904907916,13.5,8.5,22.0,19.0,5522.673604344902,84.60453192210764,132.80247391108276,-1.54860542412471,1.4286438284943994,84.86662064184456,11.222048948258053,16.0,1.0,1.0,1.0,1.0,1.0,0.0,1.0,0.7952063612608797,1.278444097125218,1.6737082351828303,,,,,0.6322193787354843,0.0,0.061466588128316124,0.09040755721825333,0.631578947368421,20.0,19.096748968947,0,train,SIMULATION_TRUTH_ONLY
2c34bad508_216cec93_0_0,train_20261104,2c34bad5086fc8484bf7e3338546f091857135eb8adcd045662e53c38cd18edb,216cec93185069d84716a438ab8318d56f818f9d2727dd3c1730cbe3a0983711,fred-features-2,count_rate,count / s,198.0,206.5,207.0,review_unscored,,unresolved,correlated_residuals;no_improvement_over_linear_background;parameter_near_bound,5.377882780450194,166.91237314461296,594.6959491238986,1.2806684212167696,8.5,0.5,9.0,9.0,1134.6443131245258,32.228625793042,45.35080006770704,0.07151732626447924,-1.249451870289212,48.39740576544324,7.228907950835373,16.0,1.0,1.0,1.0,1.0,1.0,0.0,1.0,0.249928816146753,1.291741291822803,1.709492515122594,,,,,0.31129564037041274,0.0,0.1280194051127181,0.2210287498402816,0.21739130434782608,9.0,12.702219041629718,0,train,SIMULATION_TRUTH_ONLY
2c34bad508_216cec93_0_1,train_20261104,2c34bad5086fc8484bf7e3338546f091857135eb8adcd045662e53c38cd18edb,216cec93185069d84716a438ab8318d56f818f9d2727dd3c1730cbe3a0983711,fred-features-2,count_rate,count / s,608.0,609.5,612.0,review_unscored,,unresolved,no_improvement_over_linear_background;right_censored;timescale_unresolved,4.604239803029889,142.90095627303185,576.8260076257445,1.2477366734229305,1.5,2.5,4.0,3.0,404.6562123852035,25.67666989414363,44.80946212197762,-0.40368538372254753,-0.48069195931087094,18.133921948257235,4.785261993915,4.0,1.0,1.0,1.0,1.0,1.0,0.0,1.0,0.26830687642447115,1.0075627483160534,1.0406897946030988,,,,,0.173095812263642,1.0,0.2264155564835145,0.22784010232979232,0.10526315789473684,3.0,10.411502621936476,0,train,SIMULATION_TRUTH_ONLY
